dba,name_syntax_normalized,name_normalized,detected_known_brands,brand_candidates,is_reviewed_co_brand,has_separator,location_count
AUNTIE ANNE'S  CINNABON,AUNTIE ANNES CINNABON,AUNTIE ANNES CINNABON,AUNTIE ANNES | CINNABON,AUNTIE ANNES | CINNABON,True,False,1
AUNTIE ANNE'S / CARVEL,AUNTIE ANNES CARVEL,AUNTIE ANNES CARVEL,AUNTIE ANNES | CARVEL,AUNTIE ANNES | CARVEL,True,True,2
AUNTIE ANNE'S / CINNABON,AUNTIE ANNES CINNABON,AUNTIE ANNES CINNABON,AUNTIE ANNES | CINNABON,AUNTIE ANNES | CINNABON,True,True,1
AUNTIE ANNE'S / CINNABON / CARVEL,AUNTIE ANNES CINNABON CARVEL,AUNTIE ANNES CINNABON CARVEL,AUNTIE ANNES | CARVEL | CINNABON,AUNTIE ANNES | CINNABON | CARVEL,True,True,1
AUNTIE ANNE'S PRETZEL / CINNABON,AUNTIE ANNES PRETZEL CINNABON,AUNTIE ANNES PRETZEL CINNABON,AUNTIE ANNES | CINNABON,AUNTIE ANNES | CINNABON,True,True,1
AUNTIE ANNE'S PRETZEL / JAMBA JUICE,AUNTIE ANNES PRETZEL JAMBA JUICE,AUNTIE ANNES PRETZEL JAMBA JUICE,AUNTIE ANNES | JAMBA,AUNTIE ANNES | JAMBA,True,True,1
AUNTIE ANNE'S PRETZEL/CINNABON,AUNTIE ANNES PRETZEL CINNABON,AUNTIE ANNES PRETZEL CINNABON,AUNTIE ANNES | CINNABON,AUNTIE ANNES | CINNABON,True,True,1
AUNTIE ANNE'S PRETZELS / JAMBA JUICE,AUNTIE ANNES PRETZELS JAMBA JUICE,AUNTIE ANNES PRETZELS JAMBA JUICE,AUNTIE ANNES | JAMBA,AUNTIE ANNES | JAMBA,True,True,1
"AUNTIE ANNE'S PRETZELS, CARVEL",AUNTIE ANNES PRETZELS CARVEL,AUNTIE ANNES PRETZELS CARVEL,AUNTIE ANNES | CARVEL,AUNTIE ANNES | CARVEL,True,True,1
AUNTIE ANNE'S/CINNABON,AUNTIE ANNES CINNABON,AUNTIE ANNES CINNABON,AUNTIE ANNES | CINNABON,AUNTIE ANNES | CINNABON,True,True,3
Auntie Anne's / Cinnabon / Carvel,AUNTIE ANNES CINNABON CARVEL,AUNTIE ANNES CINNABON CARVEL,AUNTIE ANNES | CARVEL | CINNABON,AUNTIE ANNES | CINNABON | CARVEL,True,True,1
Auntie Anne’s/ Cinnabon/ Carvel,AUNTIE ANNES CINNABON CARVEL,AUNTIE ANNES CINNABON CARVEL,AUNTIE ANNES | CARVEL | CINNABON,AUNTIE ANNES | CINNABON | CARVEL,True,True,1
"BURGER KING, POPEYES",BURGER KING POPEYES,BURGER KING POPEYES,BURGER KING | POPEYES,BURGER KING | POPEYES,True,True,5
CARVEL & CINNABON,CARVEL AND CINNABON,CARVEL AND CINNABON,CARVEL | CINNABON,CARVEL | CINNABON,True,True,1
CARVEL / CINNABON,CARVEL CINNABON,CARVEL CINNABON,CARVEL | CINNABON,CARVEL | CINNABON,True,True,4
CARVEL CINNABON,CARVEL CINNABON,CARVEL CINNABON,CARVEL | CINNABON,CARVEL | CINNABON,True,False,2
CARVEL-CINNABON-AUNTIEANNES,CARVEL CINNABON AUNTIEANNES,CARVEL CINNABON AUNTIEANNES,CARVEL | CINNABON,CARVEL | CINNABON | AUNTIE ANNES,True,False,1
CARVEL/AUNTIE ANNE'S/CINNABON,CARVEL AUNTIE ANNES CINNABON,CARVEL AUNTIE ANNES CINNABON,AUNTIE ANNES | CARVEL | CINNABON,CARVEL | AUNTIE ANNES | CINNABON,True,True,1
CINNABON / AUNTIE ANNE'S,CINNABON AUNTIE ANNES,CINNABON AUNTIE ANNES,AUNTIE ANNES | CINNABON,CINNABON | AUNTIE ANNES,True,True,1
CINNABON / AUNTIE ANNE'S / CARVEL,CINNABON AUNTIE ANNES CARVEL,CINNABON AUNTIE ANNES CARVEL,AUNTIE ANNES | CARVEL | CINNABON,CINNABON | AUNTIE ANNES | CARVEL,True,True,1
CINNABON / AUNTIE ANNE'S PRETZELS,CINNABON AUNTIE ANNES PRETZELS,CINNABON AUNTIE ANNES PRETZELS,AUNTIE ANNES | CINNABON,CINNABON | AUNTIE ANNES,True,True,1
CINNABON / CARVEL,CINNABON CARVEL,CINNABON CARVEL,CARVEL | CINNABON,CINNABON | CARVEL,True,True,2
DUNKIN & JIMMY JOHN's,DUNKIN AND JIMMY JOHNS,DUNKIN AND JIMMY JOHNS,DUNKIN | JIMMY JOHNS,DUNKIN | JIMMY JOHNS,True,True,1
DUNKIN (38CC)/ SHAKE SHACK (40CC) POST GATE 22,DUNKIN 38CC SHAKE SHACK 40CC POST GATE 22,DUNKIN 38CC SHAKE SHACK 40CC POST GATE 22,DUNKIN | SHAKE SHACK,DUNKIN | SHAKE SHACK,True,True,1
DUNKIN - BASKIN ROBBINS,DUNKIN BASKIN ROBBINS,DUNKIN BASKIN ROBBINS,BASKIN ROBBINS | DUNKIN,DUNKIN | BASKIN ROBBINS,True,False,1
DUNKIN / BASKIN ROBBINS,DUNKIN BASKIN ROBBINS,DUNKIN BASKIN ROBBINS,BASKIN ROBBINS | DUNKIN,DUNKIN | BASKIN ROBBINS,True,True,4
DUNKIN BASKIN ROBBINS,DUNKIN BASKIN ROBBINS,DUNKIN BASKIN ROBBINS,BASKIN ROBBINS | DUNKIN,DUNKIN | BASKIN ROBBINS,True,False,3
DUNKIN DONUT/JIMMY JOHN'S/BASKIN-ROBBINS,DUNKIN DONUT JIMMY JOHNS BASKIN ROBBINS,DUNKIN DONUT JIMMY JOHNS BASKIN ROBBINS,BASKIN ROBBINS | DUNKIN | JIMMY JOHNS,DUNKIN | JIMMY JOHNS | BASKIN ROBBINS,True,True,1
DUNKIN DONUTS / BASKIN ROBBINS,DUNKIN DONUTS BASKIN ROBBINS,DUNKIN DONUTS BASKIN ROBBINS,BASKIN ROBBINS | DUNKIN,DUNKIN | BASKIN ROBBINS,True,True,1
DUNKIN DONUTS BASKIN ROBBINS,DUNKIN DONUTS BASKIN ROBBINS,DUNKIN DONUTS BASKIN ROBBINS,BASKIN ROBBINS | DUNKIN,DUNKIN | BASKIN ROBBINS,True,False,2
DUNKIN' / 'BASKIN ROBBINS,DUNKIN BASKIN ROBBINS,DUNKIN BASKIN ROBBINS,BASKIN ROBBINS | DUNKIN,DUNKIN | BASKIN ROBBINS,True,True,11
DUNKIN' / 'BASKIN-ROBBINS,DUNKIN BASKIN ROBBINS,DUNKIN BASKIN ROBBINS,BASKIN ROBBINS | DUNKIN,DUNKIN | BASKIN ROBBINS,True,True,1
DUNKIN' / BASKIN ROBBINS,DUNKIN BASKIN ROBBINS,DUNKIN BASKIN ROBBINS,BASKIN ROBBINS | DUNKIN,DUNKIN | BASKIN ROBBINS,True,True,30
DUNKIN' / BASKIN ROBINS,DUNKIN BASKIN ROBINS,DUNKIN BASKIN ROBINS,DUNKIN,DUNKIN | BASKIN ROBBINS,True,True,1
DUNKIN' / BASKIN-ROBBINS,DUNKIN BASKIN ROBBINS,DUNKIN BASKIN ROBBINS,BASKIN ROBBINS | DUNKIN,DUNKIN | BASKIN ROBBINS,True,True,2
DUNKIN' / JIMMY JOHN'S,DUNKIN JIMMY JOHNS,DUNKIN JIMMY JOHNS,DUNKIN | JIMMY JOHNS,DUNKIN | JIMMY JOHNS,True,True,2
DUNKIN' / POPEYES,DUNKIN POPEYES,DUNKIN POPEYES,DUNKIN | POPEYES,DUNKIN | POPEYES,True,True,1
DUNKIN' BASKIN,DUNKIN BASKIN,DUNKIN BASKIN,DUNKIN,DUNKIN | BASKIN ROBBINS,True,False,1
DUNKIN' BASKIN ROBBINS,DUNKIN BASKIN ROBBINS,DUNKIN BASKIN ROBBINS,BASKIN ROBBINS | DUNKIN,DUNKIN | BASKIN ROBBINS,True,False,1
DUNKIN' BASKIN ROBINS,DUNKIN BASKIN ROBINS,DUNKIN BASKIN ROBINS,DUNKIN,DUNKIN | BASKIN ROBBINS,True,False,2
DUNKIN' BASKIN-ROBBINS',DUNKIN BASKIN ROBBINS,DUNKIN BASKIN ROBBINS,BASKIN ROBBINS | DUNKIN,DUNKIN | BASKIN ROBBINS,True,False,1
DUNKIN' DONUTS/BASKIN ROBBINS,DUNKIN DONUTS BASKIN ROBBINS,DUNKIN DONUTS BASKIN ROBBINS,BASKIN ROBBINS | DUNKIN,DUNKIN | BASKIN ROBBINS,True,True,1
DUNKIN' DONUTS/JIMMY JOHNS/QNS MARKET,DUNKIN DONUTS JIMMY JOHNS QNS MARKET,DUNKIN DONUTS JIMMY JOHNS QNS MARKET,DUNKIN | JIMMY JOHNS,DUNKIN | JIMMY JOHNS,True,True,1
"DUNKIN', 'BASKIN ROBBINS",DUNKIN BASKIN ROBBINS,DUNKIN BASKIN ROBBINS,BASKIN ROBBINS | DUNKIN,DUNKIN | BASKIN ROBBINS,True,True,7
"DUNKIN', BASKIN ROBBINS",DUNKIN BASKIN ROBBINS,DUNKIN BASKIN ROBBINS,BASKIN ROBBINS | DUNKIN,DUNKIN | BASKIN ROBBINS,True,True,16
"DUNKIN',' BASKIN ROBBINS",DUNKIN BASKIN ROBBINS,DUNKIN BASKIN ROBBINS,BASKIN ROBBINS | DUNKIN,DUNKIN | BASKIN ROBBINS,True,True,18
"DUNKIN','PIZZA HUT',' NATHANS",DUNKIN PIZZA HUT NATHANS,DUNKIN PIZZA HUT NATHANS,DUNKIN | NATHANS | PIZZA HUT,DUNKIN | PIZZA HUT | NATHANS,True,True,1
DUNKIN'-BASKIN-ROBBINS-JIMMY JOHN'S,DUNKIN BASKIN ROBBINS JIMMY JOHNS,DUNKIN BASKIN ROBBINS JIMMY JOHNS,BASKIN ROBBINS | DUNKIN | JIMMY JOHNS,DUNKIN | BASKIN ROBBINS | JIMMY JOHNS,True,False,1
DUNKIN'/BASKIN ROBBINS,DUNKIN BASKIN ROBBINS,DUNKIN BASKIN ROBBINS,BASKIN ROBBINS | DUNKIN,DUNKIN | BASKIN ROBBINS,True,True,2
"DUNKIN, BASKIN ROBINS",DUNKIN BASKIN ROBINS,DUNKIN BASKIN ROBINS,DUNKIN,DUNKIN | BASKIN ROBBINS,True,True,1
DUNKIN-BASKIN ROBBINS,DUNKIN BASKIN ROBBINS,DUNKIN BASKIN ROBBINS,BASKIN ROBBINS | DUNKIN,DUNKIN | BASKIN ROBBINS,True,False,1
DUNKIN/BASKIN ROBBINS,DUNKIN BASKIN ROBBINS,DUNKIN BASKIN ROBBINS,BASKIN ROBBINS | DUNKIN,DUNKIN | BASKIN ROBBINS,True,True,1
DUNKIN/JIMMY JOHN'S,DUNKIN JIMMY JOHNS,DUNKIN JIMMY JOHNS,DUNKIN | JIMMY JOHNS,DUNKIN | JIMMY JOHNS,True,True,1
DUNKIN/JIMMY JOHNS,DUNKIN JIMMY JOHNS,DUNKIN JIMMY JOHNS,DUNKIN | JIMMY JOHNS,DUNKIN | JIMMY JOHNS,True,True,1
JAMBA JUICE/ AUNTIE ANNE'S PRETZELS,JAMBA JUICE AUNTIE ANNES PRETZELS,JAMBA JUICE AUNTIE ANNES PRETZELS,AUNTIE ANNES | JAMBA,JAMBA | AUNTIE ANNES,True,True,1
KFC / TACO BELL,KFC TACO BELL,KFC TACO BELL,KFC | TACO BELL,KFC | TACO BELL,True,True,2
"KFC, TACO BELL",KFC TACO BELL,KFC TACO BELL,KFC | TACO BELL,KFC | TACO BELL,True,True,1
KFC/TACO BELL,KFC TACO BELL,KFC TACO BELL,KFC | TACO BELL,KFC | TACO BELL,True,True,1
SUBWAY / CARVEL,SUBWAY CARVEL,SUBWAY CARVEL,CARVEL | SUBWAY,SUBWAY | CARVEL,True,True,1
"SUBWAY, KRISPY KRUNCHY CHICKEN",SUBWAY KRISPY KRUNCHY CHICKEN,SUBWAY KRISPY KRUNCHY CHICKEN,KRISPY KRUNCHY CHICKEN | SUBWAY,SUBWAY | KRISPY KRUNCHY CHICKEN,True,True,1
TACO BELL PIZZA HUT,TACO BELL PIZZA HUT,TACO BELL PIZZA HUT,PIZZA HUT | TACO BELL,TACO BELL | PIZZA HUT,True,False,1
$1.50 FRESH PIZZA & HOT DOG,1 50 FRESH PIZZA AND HOT DOG,1 50 FRESH PIZZA AND HOT DOG,,1 50 FRESH PIZZA AND HOT DOG,False,True,1
$1.50 PIZZA & EMPANADAS,1 50 PIZZA AND EMPANADAS,1 50 PIZZA AND EMPANADAS,,1 50 PIZZA AND EMPANADAS,False,True,1
& MORE BY SHERATON,AND MORE BY SHERATON,AND MORE BY SHERATON,,AND MORE BY SHERATON,False,True,1
& SON,AND SON,AND SON,,AND SON,False,True,1
08/2024,08 2024,08 2024,,08 2024,False,True,1
10 02 LOUNGE AND RESTAURANT,10 02 LOUNGE AND RESTAURANT,10 02 LOUNGE AND RESTAURANT,,10 02 LOUNGE AND RESTAURANT,False,True,1
100 FEAST & LOUNGE,100 FEAST AND LOUNGE,100 FEAST AND LOUNGE,,100 FEAST AND LOUNGE,False,True,1
100'S RESTAURANT AND GRILL,100S RESTAURANT AND GRILL,100S RESTAURANT AND GRILL,,100S RESTAURANT AND GRILL,False,True,1
107 DAILY & GRILL,107 DAILY AND GRILL,107 DAILY AND GRILL,,107 DAILY AND GRILL,False,True,1
108 DYCKMAN FINEST DELI & GRILL INC,108 DYCKMAN FINEST DELI AND GRILL,108 DYCKMAN FINEST DELI AND GRILL,,108 DYCKMAN FINEST DELI AND GRILL,False,True,1
10TH AVENUE PIZZA & CAFE,10TH AVENUE PIZZA AND CAFE,10TH AVENUE PIZZA AND CAFE,,10TH AVENUE PIZZA AND CAFE,False,True,1
"11 DINING, LLC",11 DINING,11 DINING,,11 DINING,False,True,1
120 BAY CAFE/CARGO,120 BAY CAFE CARGO,120 BAY CAFE CARGO,,120 BAY CAFE CARGO,False,True,1
1313 CAFE & JUICE BAR,1313 CAFE AND JUICE BAR,1313 CAFE AND JUICE BAR,,1313 CAFE AND JUICE BAR,False,True,1
161 BAR & GRILL,161 BAR AND GRILL,161 BAR AND GRILL,,161 BAR AND GRILL,False,True,1
161 DELI & GRILL,161 DELI AND GRILL,161 DELI AND GRILL,,161 DELI AND GRILL,False,True,1
168 BAR & GRILL,168 BAR AND GRILL,168 BAR AND GRILL,,168 BAR AND GRILL,False,True,1
1803 NYC / BON COURAGE,1803 NYC BON COURAGE,1803 NYC BON COURAGE,,1803 NYC BON COURAGE,False,True,1
19.EI / MD FRIED CHICKEN / COTTI COFFEE EXPRESS,19 EI MD FRIED CHICKEN COTTI COFFEE EXPRESS,19 EI MD FRIED CHICKEN COTTI COFFEE EXPRESS,,19 EI MD FRIED CHICKEN COTTI COFFEE EXPRESS,False,True,1
1915 LANZHOU HAND PULLED NOODLES & DUMPLINGS,1915 LANZHOU HAND PULLED NOODLES AND DUMPLINGS,1915 LANZHOU HAND PULLED NOODLES AND DUMPLINGS,,1915 LANZHOU HAND PULLED NOODLES AND DUMPLINGS,False,True,1
2 BROS PIZZA / CARMEN'S KITCHEN,2 BROS PIZZA CARMENS KITCHEN,2 BROS PIZZA CARMENS KITCHEN,,2 BROS PIZZA CARMENS KITCHEN,False,True,1
"2 BROS PIZZA, CORVO COFFEE",2 BROS PIZZA CORVO COFFEE,2 BROS PIZZA CORVO COFFEE,,2 BROS PIZZA CORVO COFFEE,False,True,1
2 SISTERS 4 BROTHERS RESTAURANT AND LOUNGE,2 SISTERS 4 BROTHERS RESTAURANT AND LOUNGE,2 SISTERS 4 BROTHERS RESTAURANT AND LOUNGE,,2 SISTERS 4 BROTHERS RESTAURANT AND LOUNGE,False,True,1
2020 SABORES LATINOS REST & BAKERY,2020 SABORES LATINOS REST AND BAKERY,2020 SABORES LATINOS REST AND BAKERY,,2020 SABORES LATINOS REST AND BAKERY,False,True,1
21ST STREET DELI & INDIAN GRILL,21ST STREET DELI AND INDIAN GRILL,21ST STREET DELI AND INDIAN GRILL,,21ST STREET DELI AND INDIAN GRILL,False,True,1
25 HOURS / 00:00 (MIDNIGHT),25 HOURS 00 00 MIDNIGHT,25 HOURS 00 00 MIDNIGHT,,25 HOURS 00 00 MIDNIGHT,False,True,1
27 SPORTS BAR & CAFE,27 SPORTS BAR AND CAFE,27 SPORTS BAR AND CAFE,,27 SPORTS BAR AND CAFE,False,True,1
27/26,27 26,27 26,,27 26,False,True,1
275PARK / 275PARK LAFFAHOLICS,275PARK 275PARK LAFFAHOLICS,275PARK 275PARK LAFFAHOLICS,,275PARK 275PARK LAFFAHOLICS,False,True,1
"28 SEVENTH AVENUE SOUTH, LLC",28 SEVENTH AVENUE SOUTH,28 SEVENTH AVENUE SOUTH,,28 SEVENTH AVENUE SOUTH,False,True,1
2A / BERLIN / OLD FLINGS,2A BERLIN OLD FLINGS,2A BERLIN OLD FLINGS,,2A BERLIN OLD FLINGS,False,True,1
2DOORS CAFE & PIZZERIA,2DOORS CAFE AND PIZZERIA,2DOORS CAFE AND PIZZERIA,,2DOORS CAFE AND PIZZERIA,False,True,1
2ND FLOOR/GP KITCHEN,2ND FLOOR GP KITCHEN,2ND FLOOR GP KITCHEN,,2ND FLOOR GP KITCHEN,False,True,1
3 BROS PIZZA & TACOS CORP.,3 BROS PIZZA AND TACOS,3 BROS PIZZA AND TACOS,,3 BROS PIZZA AND TACOS,False,True,1
3 DOLLAR BILL / DEL SUR,3 DOLLAR BILL DEL SUR,3 DOLLAR BILL DEL SUR,,3 DOLLAR BILL DEL SUR,False,True,1
3-J RESTAURANT AND PIZZA,3 J RESTAURANT AND PIZZA,3 J RESTAURANT AND PIZZA,,3 J RESTAURANT AND PIZZA,False,True,1
"31 CROSBY ST, LLC",31 CROSBY ST,31 CROSBY ST,,31 CROSBY ST,False,True,1
34th BAGELS AND MORE,34TH BAGELS AND MORE,34TH BAGELS AND MORE,,34TH BAGELS AND MORE,False,True,1
36 AND 8 FAMOUS PIZZA,36 AND 8 FAMOUS PIZZA,36 AND 8 FAMOUS PIZZA,,36 AND 8 FAMOUS PIZZA,False,True,1
39 PRINCE CAFE/TANING LEMON TEA,39 PRINCE CAFE TANING LEMON TEA,39 PRINCE CAFE TANING LEMON TEA,,39 PRINCE CAFE TANING LEMON TEA,False,True,1
3A'S LEGACY SALAD & GRILL,3AS LEGACY SALAD AND GRILL,3AS LEGACY SALAD AND GRILL,,3AS LEGACY SALAD AND GRILL,False,True,1
3M BAR & GRILL,3M BAR AND GRILL,3M BAR AND GRILL,,3M BAR AND GRILL,False,True,2
3rd & 7,3RD AND 7,3RD AND 7,,3RD AND 7,False,True,1
4 MILLICAFE & CARRIBEAN CUISINE,4 MILLICAFE AND CARRIBEAN CUISINE,4 MILLICAFE AND CARRIBEAN CUISINE,,4 MILLICAFE AND CARRIBEAN CUISINE,False,True,1
420 BAR & LOUNGE,420 BAR AND LOUNGE,420 BAR AND LOUNGE,,420 BAR AND LOUNGE,False,True,1
44 & X,44 AND X,44 AND X,,44 AND X,False,True,2
444 TENTH F&B LLC,444 TENTH F AND B,444 TENTH F AND B,,444 TENTH F AND B,False,True,1
5 ESTRELLAS BAKERY AND RESTAURANT,5 ESTRELLAS BAKERY AND RESTAURANT,5 ESTRELLAS BAKERY AND RESTAURANT,,5 ESTRELLAS BAKERY AND RESTAURANT,False,True,1
5 STAR CHEESE STEAK AND PIZZA,5 STAR CHEESE STEAK AND PIZZA,5 STAR CHEESE STEAK AND PIZZA,,5 STAR CHEESE STEAK AND PIZZA,False,True,1
5 STARS PIZZA PASTA & BURGERS II,5 STARS PIZZA PASTA AND BURGERS II,5 STARS PIZZA PASTA AND BURGERS II,,5 STARS PIZZA PASTA AND BURGERS II,False,True,1
51ST BAKERY & CAFE,51ST BAKERY AND CAFE,51ST BAKERY AND CAFE,,51ST BAKERY AND CAFE,False,True,1
5C CAFE & CULTURAL CENTER,5C CAFE AND CULTURAL CENTER,5C CAFE AND CULTURAL CENTER,,5C CAFE AND CULTURAL CENTER,False,True,1
5TH & MAD,5TH AND MAD,5TH AND MAD,,5TH AND MAD,False,True,1
5TH FLOOR BAR / HABIBTI BAR,5TH FLOOR BAR HABIBTI BAR,5TH FLOOR BAR HABIBTI BAR,,5TH FLOOR BAR HABIBTI BAR,False,True,1
619 BAR & RESTAURANT EL SALVADORENO,619 BAR AND RESTAURANT EL SALVADORENO,619 BAR AND RESTAURANT EL SALVADORENO,,619 BAR AND RESTAURANT EL SALVADORENO,False,True,1
65 Kuho Sushi & Hot Pot,65 KUHO SUSHI AND HOT POT,65 KUHO SUSHI AND HOT POT,,65 KUHO SUSHI AND HOT POT,False,True,1
66 & 11 CORNER KITCHEN,66 AND 11 CORNER KITCHEN,66 AND 11 CORNER KITCHEN,,66 AND 11 CORNER KITCHEN,False,True,1
66 & 11 CORNER KITCHEN INC.,66 AND 11 CORNER KITCHEN,66 AND 11 CORNER KITCHEN,,66 AND 11 CORNER KITCHEN,False,True,1
786 CROWN CHICKEN & PIZZA,786 CROWN CHICKEN AND PIZZA,786 CROWN CHICKEN AND PIZZA,,786 CROWN CHICKEN AND PIZZA,False,True,1
7TH AVENUE DONUTS & DINER,7TH AVENUE DONUTS AND DINER,7TH AVENUE DONUTS AND DINER,,7TH AVENUE DONUTS AND DINER,False,True,1
"8 AVENUE CHUN YANG TEA, INC.",8 AVENUE CHUN YANG TEA,8 AVENUE CHUN YANG TEA,,8 AVENUE CHUN YANG TEA,False,True,1
8 KEALOHA JAPANESE CUISINE & SUSHI,8 KEALOHA JAPANESE CUISINE AND SUSHI,8 KEALOHA JAPANESE CUISINE AND SUSHI,,8 KEALOHA JAPANESE CUISINE AND SUSHI,False,True,1
809 GRILL & BAR RESTAURANT,809 GRILL AND BAR RESTAURANT,809 GRILL AND BAR RESTAURANT,,809 GRILL AND BAR RESTAURANT,False,True,1
"809 STEAK & FRIES ""R"" US",809 STEAK AND FRIES R US,809 STEAK AND FRIES R US,,809 STEAK AND FRIES R US,False,True,1
810 DELI & CAFE,810 DELI AND CAFE,810 DELI AND CAFE,,810 DELI AND CAFE,False,True,1
83 1/2,83 1 2,83 1 2,,83 1 2,False,True,1
88 BAKERY & CAFE,88 BAKERY AND CAFE,88 BAKERY AND CAFE,,88 BAKERY AND CAFE,False,True,1
98 K FRIED CHICKEN & SANDWICHES,98 K FRIED CHICKEN AND SANDWICHES,98 K FRIED CHICKEN AND SANDWICHES,,98 K FRIED CHICKEN AND SANDWICHES,False,True,1
98K CHICKEN & BURGERS,98K CHICKEN AND BURGERS,98K CHICKEN AND BURGERS,,98K CHICKEN AND BURGERS,False,True,5
98K FRIED CHICKEN AND SANDWICH,98K FRIED CHICKEN AND SANDWICH,98K FRIED CHICKEN AND SANDWICH,,98K FRIED CHICKEN AND SANDWICH,False,True,1
98K/ MR. BO BO,98K MR BO BO,98K MR BO BO,,98K MR BO BO,False,True,1
98k chicken&burger,98K CHICKEN AND BURGER,98K CHICKEN AND BURGER,,98K CHICKEN AND BURGER,False,True,3
A & A BAKE AND DOUBLE SHOP,A AND A BAKE AND DOUBLE SHOP,A AND A BAKE AND DOUBLE SHOP,,A AND A BAKE AND DOUBLE SHOP,False,True,1
A & C KITCHEN,A AND C KITCHEN,A AND C KITCHEN,,A AND C KITCHEN,False,True,1
A & L PIZZA RESTAURANT,A AND L PIZZA RESTAURANT,A AND L PIZZA RESTAURANT,,A AND L PIZZA RESTAURANT,False,True,1
A & P ROTI & PASTRY SHOP,A AND P ROTI AND PASTRY SHOP,A AND P ROTI AND PASTRY SHOP,,A AND P ROTI AND PASTRY SHOP,False,True,1
A & S AT THE HARBOR CATERERS,A AND S AT THE HARBOR CATERERS,A AND S AT THE HARBOR CATERERS,,A AND S AT THE HARBOR CATERERS,False,True,1
A & S Cucina (Boogie Down Food Hall inside Food Bazar Market at Bronx Terminal Market),A AND S CUCINA BOOGIE DOWN FOOD HALL INSIDE FOOD BAZAR MARKET AT BRONX TERMINAL MARKET,A AND S CUCINA BOOGIE DOWN FOOD HALL INSIDE FOOD BAZAR MARKET AT BRONX TERMINAL MARKET,,A AND S CUCINA BOOGIE DOWN FOOD HALL INSIDE FOOD BAZAR MARKET AT BRONX TERMINAL MARKET,False,True,1
A & S PIZZERIA,A AND S PIZZERIA,A AND S PIZZERIA,,A AND S PIZZERIA,False,True,1
A B CARIBBEAN RESTAURANT AND BAKERY,A B CARIBBEAN RESTAURANT AND BAKERY,A B CARIBBEAN RESTAURANT AND BAKERY,,A B CARIBBEAN RESTAURANT AND BAKERY,False,True,1
A DAUGHTER AND TWO SON'S,A DAUGHTER AND TWO SONS,A DAUGHTER AND TWO SONS,,A DAUGHTER AND TWO SONS,False,True,1
A SALT & BATTERY,A SALT AND BATTERY,A SALT AND BATTERY,,A SALT AND BATTERY,False,True,1
A&A NUTRITION INC,A AND A NUTRITION,A AND A NUTRITION,,A AND A NUTRITION,False,True,1
A&C SUPER,A AND C SUPER,A AND C SUPER,,A AND C SUPER,False,True,1
A&R HOT BAGELS,A AND R HOT BAGELS,A AND R HOT BAGELS,,A AND R HOT BAGELS,False,True,1
A&S CATERERS,A AND S CATERERS,A AND S CATERERS,,A AND S CATERERS,False,True,1
A. LOUNGE + BAR / MEZZANINE LOUNGE,A LOUNGE BAR MEZZANINE LOUNGE,A LOUNGE BAR MEZZANINE LOUNGE,,A LOUNGE BAR MEZZANINE LOUNGE,False,True,1
A.W.O.L. BAR & GRILL,A W O L BAR AND GRILL,A W O L BAR AND GRILL,,A W O L BAR AND GRILL,False,True,1
A1 CHATERAISE & DONUTS BAKERY,A1 CHATERAISE AND DONUTS BAKERY,A1 CHATERAISE AND DONUTS BAKERY,,A1 CHATERAISE AND DONUTS BAKERY,False,True,2
A1 WINGS AND SEAFOOD,A1 WINGS AND SEAFOOD,A1 WINGS AND SEAFOOD,,A1 WINGS AND SEAFOOD,False,True,1
AARON'S CHINESE AND THAI,AARONS CHINESE AND THAI,AARONS CHINESE AND THAI,,AARONS CHINESE AND THAI,False,True,1
AASHA RESTAURANT AND PARTY HALL,AASHA RESTAURANT AND PARTY HALL,AASHA RESTAURANT AND PARTY HALL,,AASHA RESTAURANT AND PARTY HALL,False,True,1
ABBA BAR & GRILL,ABBA BAR AND GRILL,ABBA BAR AND GRILL,,ABBA BAR AND GRILL,False,True,1
ABC COCINA / ABC V,ABC COCINA ABC V,ABC COCINA ABC V,,ABC COCINA ABC V,False,True,1
ABCD Indian Bistro & Bar,ABCD INDIAN BISTRO AND BAR,ABCD INDIAN BISTRO AND BAR,,ABCD INDIAN BISTRO AND BAR,False,True,1
ABDULLAH SWEETS & RESTAURANT,ABDULLAH SWEETS AND RESTAURANT,ABDULLAH SWEETS AND RESTAURANT,,ABDULLAH SWEETS AND RESTAURANT,False,True,1
"ABP OPCO, LLC",ABP OPCO,ABP OPCO,,ABP OPCO,False,True,1
ACE BURGER & CRISPY CHICKEN,ACE BURGER AND CRISPY CHICKEN,ACE BURGER AND CRISPY CHICKEN,,ACE BURGER AND CRISPY CHICKEN,False,True,1
ACME / THE NINES,ACME THE NINES,ACME THE NINES,,ACME THE NINES,False,True,1
ACT ONE BAR & RESTAURANT,ACT ONE BAR AND RESTAURANT,ACT ONE BAR AND RESTAURANT,,ACT ONE BAR AND RESTAURANT,False,True,1
AD HALAL WEST AFRICAN TASTE RESTAURANT AND MARKET,AD HALAL WEST AFRICAN TASTE RESTAURANT AND MARKET,AD HALAL WEST AFRICAN TASTE RESTAURANT AND MARKET,,AD HALAL WEST AFRICAN TASTE RESTAURANT AND MARKET,False,True,1
ADAM'S CHICKEN & POCHA,ADAMS CHICKEN AND POCHA,ADAMS CHICKEN AND POCHA,,ADAMS CHICKEN AND POCHA,False,True,1
ADEMI COFFEE AND TEA,ADEMI COFFEE AND TEA,ADEMI COFFEE AND TEA,,ADEMI COFFEE AND TEA,False,True,1
ADRIAN & ROCKY'S CATERERS,ADRIAN AND ROCKYS CATERERS,ADRIAN AND ROCKYS CATERERS,,ADRIAN AND ROCKYS CATERERS,False,True,1
"ADVENTURES AMUSEMENTS PARK (ice cream, sweets stand)",ADVENTURES AMUSEMENTS PARK ICE CREAM SWEETS STAND,ADVENTURES AMUSEMENTS PARK ICE CREAM SWEETS STAND,,ADVENTURES AMUSEMENTS PARK ICE CREAM SWEETS STAND,False,True,1
"AESTHETIC MATTERS, LLC",AESTHETIC MATTERS,AESTHETIC MATTERS,,AESTHETIC MATTERS,False,True,1
AFURI RAMEN & DUMPLING,AFURI RAMEN AND DUMPLING,AFURI RAMEN AND DUMPLING,,AFURI RAMEN AND DUMPLING,False,True,1
AGATA & VALENTINA,AGATA AND VALENTINA,AGATA AND VALENTINA,,AGATA AND VALENTINA,False,True,1
AGAVE & MAIZ,AGAVE AND MAIZ,AGAVE AND MAIZ,,AGAVE AND MAIZ,False,True,1
AGRA GRILL AND RESTAURANT,AGRA GRILL AND RESTAURANT,AGRA GRILL AND RESTAURANT,,AGRA GRILL AND RESTAURANT,False,True,1
AGUA E' COCO BAR & GRILL,AGUA E COCO BAR AND GRILL,AGUA E COCO BAR AND GRILL,,AGUA E COCO BAR AND GRILL,False,True,1
AHMANI'S JUS JUICE & HEALTH KITCHEN,AHMANIS JUS JUICE AND HEALTH KITCHEN,AHMANIS JUS JUICE AND HEALTH KITCHEN,,AHMANIS JUS JUICE AND HEALTH KITCHEN,False,True,1
"AIR BAR, NY DELI, TIM HORTONS",AIR BAR NY DELI TIM HORTONS,AIR BAR NY DELI TIM HORTONS,,AIR BAR NY DELI TIM HORTONS,False,True,1
AIRWAYS PIZZA & GYRO RESTAURANT,AIRWAYS PIZZA AND GYRO RESTAURANT,AIRWAYS PIZZA AND GYRO RESTAURANT,,AIRWAYS PIZZA AND GYRO RESTAURANT,False,True,1
AITA / MAYFLOWER,AITA MAYFLOWER,AITA MAYFLOWER,,AITA MAYFLOWER,False,True,1
AJ DELI & CAFE,AJ DELI AND CAFE,AJ DELI AND CAFE,,AJ DELI AND CAFE,False,True,1
AJO & OREGANO RESTAURANT,AJO AND OREGANO RESTAURANT,AJO AND OREGANO RESTAURANT,,AJO AND OREGANO RESTAURANT,False,True,2
AKASHA RESTAURANT AND BAR,AKASHA RESTAURANT AND BAR,AKASHA RESTAURANT AND BAR,,AKASHA RESTAURANT AND BAR,False,True,1
AKINO/ TEAZZI TEA SHOP,AKINO TEAZZI TEA SHOP,AKINO TEAZZI TEA SHOP,,AKINO TEAZZI TEA SHOP,False,True,1
AKSARAY TURKISH CAFE AND RESTAURANT,AKSARAY TURKISH CAFE AND RESTAURANT,AKSARAY TURKISH CAFE AND RESTAURANT,,AKSARAY TURKISH CAFE AND RESTAURANT,False,True,1
AKURA RAMEN & SUSHI,AKURA RAMEN AND SUSHI,AKURA RAMEN AND SUSHI,,AKURA RAMEN AND SUSHI,False,True,1
AL AQSA BAKERY & RESTAURANT,AL AQSA BAKERY AND RESTAURANT,AL AQSA BAKERY AND RESTAURANT,,AL AQSA BAKERY AND RESTAURANT,False,True,1
AL AQSA RESTAURANT & BAKERY 6917 INC,AL AQSA RESTAURANT AND BAKERY 6917,AL AQSA RESTAURANT AND BAKERY 6917,,AL AQSA RESTAURANT AND BAKERY 6917,False,True,1
AL AQSA RESTAURANT & SWEETS,AL AQSA RESTAURANT AND SWEETS,AL AQSA RESTAURANT AND SWEETS,,AL AQSA RESTAURANT AND SWEETS,False,True,1
AL REEF BAKERY & RESTAURANT,AL REEF BAKERY AND RESTAURANT,AL REEF BAKERY AND RESTAURANT,,AL REEF BAKERY AND RESTAURANT,False,True,1
AL-SHAM SWEETS & PASTRIES,AL SHAM SWEETS AND PASTRIES,AL SHAM SWEETS AND PASTRIES,,AL SHAM SWEETS AND PASTRIES,False,True,1
ALBA'S PIZZERIA & RESTAURANT,ALBAS PIZZERIA AND RESTAURANT,ALBAS PIZZERIA AND RESTAURANT,,ALBAS PIZZERIA AND RESTAURANT,False,True,1
ALESSA CUCINA & BAR,ALESSA CUCINA AND BAR,ALESSA CUCINA AND BAR,,ALESSA CUCINA AND BAR,False,True,1
ALEX & FRIENDS COFFEE SHOP,ALEX AND FRIENDS COFFEE SHOP,ALEX AND FRIENDS COFFEE SHOP,,ALEX AND FRIENDS COFFEE SHOP,False,True,1
ALEX CAFE & DELI,ALEX CAFE AND DELI,ALEX CAFE AND DELI,,ALEX CAFE AND DELI,False,True,1
ALEX'S PIZZA & DELI,ALEXS PIZZA AND DELI,ALEXS PIZZA AND DELI,,ALEXS PIZZA AND DELI,False,True,1
ALEXANDRA'S DELI & PIZZA,ALEXANDRAS DELI AND PIZZA,ALEXANDRAS DELI AND PIZZA,,ALEXANDRAS DELI AND PIZZA,False,True,1
ALFIE'S PIZZA AND PASTA,ALFIES PIZZA AND PASTA,ALFIES PIZZA AND PASTA,,ALFIES PIZZA AND PASTA,False,True,1
ALIDORO / DUNKIN',ALIDORO DUNKIN,ALIDORO DUNKIN,DUNKIN,ALIDORO DUNKIN,False,True,1
ALIYA / CONTINENT BROOKLYN / KEAP SIPPING,ALIYA CONTINENT BROOKLYN KEAP SIPPING,ALIYA CONTINENT BROOKLYN KEAP SIPPING,,ALIYA CONTINENT BROOKLYN KEAP SIPPING,False,True,1
ALL & SUNDRY,ALL AND SUNDRY,ALL AND SUNDRY,,ALL AND SUNDRY,False,True,1
ALL AMERICAN BAGEL & BARISTA COMPANY,ALL AMERICAN BAGEL AND BARISTA COMPANY,ALL AMERICAN BAGEL AND BARISTA COMPANY,,ALL AMERICAN BAGEL AND BARISTA COMPANY,False,True,1
ALL NATIONS RESTAURANT & LOUNGE,ALL NATIONS RESTAURANT AND LOUNGE,ALL NATIONS RESTAURANT AND LOUNGE,,ALL NATIONS RESTAURANT AND LOUNGE,False,True,1
ALPHAVILLE / LORI JAYNE,ALPHAVILLE LORI JAYNE,ALPHAVILLE LORI JAYNE,,ALPHAVILLE LORI JAYNE,False,True,1
AMALI / SOPRA,AMALI SOPRA,AMALI SOPRA,,AMALI SOPRA,False,True,1
AMAZE FUSION & LOUNGE,AMAZE FUSION AND LOUNGE,AMAZE FUSION AND LOUNGE,,AMAZE FUSION AND LOUNGE,False,True,1
AMAZING CHICKEN & GYRO,AMAZING CHICKEN AND GYRO,AMAZING CHICKEN AND GYRO,,AMAZING CHICKEN AND GYRO,False,True,1
AMAZING TASTE CARIBBEAN AND AMERICAN RESTAURANT,AMAZING TASTE CARIBBEAN AND AMERICAN RESTAURANT,AMAZING TASTE CARIBBEAN AND AMERICAN RESTAURANT,,AMAZING TASTE CARIBBEAN AND AMERICAN RESTAURANT,False,True,1
"AMERICAN AIRLINES, INC.",AMERICAN AIRLINES,AMERICAN AIRLINES,,AMERICAN AIRLINES,False,True,1
AMERICAN BEST WINGS & PIZZA,AMERICAN BEST WINGS AND PIZZA,AMERICAN BEST WINGS AND PIZZA,,AMERICAN BEST WINGS AND PIZZA,False,True,1
AMERICAN WING CAFE / THE EATERY (PUBLIC CAFETERIA),AMERICAN WING CAFE THE EATERY PUBLIC CAFETERIA,AMERICAN WING CAFE THE EATERY PUBLIC CAFETERIA,,AMERICAN WING CAFE THE EATERY PUBLIC CAFETERIA,False,True,1
AMERICAN WINGS AND PIZZA,AMERICAN WINGS AND PIZZA,AMERICAN WINGS AND PIZZA,,AMERICAN WINGS AND PIZZA,False,True,1
AMOR Y AMARGO / AVANT GARDEN,AMOR Y AMARGO AVANT GARDEN,AMOR Y AMARGO AVANT GARDEN,,AMOR Y AMARGO AVANT GARDEN,False,True,1
AMORE PIZZERIA & RESTAURANT,AMORE PIZZERIA AND RESTAURANT,AMORE PIZZERIA AND RESTAURANT,,AMORE PIZZERIA AND RESTAURANT,False,True,1
AMPARO JARAMILLO AND ADOLFO ZABELETA,AMPARO JARAMILLO AND ADOLFO ZABELETA,AMPARO JARAMILLO AND ADOLFO ZABELETA,,AMPARO JARAMILLO AND ADOLFO ZABELETA,False,True,1
AMTRAK METROPOLITAN LOUNGE/MOYNIHAN TRAIN HALL,AMTRAK METROPOLITAN LOUNGE MOYNIHAN TRAIN HALL,AMTRAK METROPOLITAN LOUNGE MOYNIHAN TRAIN HALL,,AMTRAK METROPOLITAN LOUNGE MOYNIHAN TRAIN HALL,False,True,1
ANA BAR AND EATERY,ANA BAR AND EATERY,ANA BAR AND EATERY,,ANA BAR AND EATERY,False,True,1
ANA'S BAKERY & CAFE,ANAS BAKERY AND CAFE,ANAS BAKERY AND CAFE,,ANAS BAKERY AND CAFE,False,True,1
AND BOTANI,AND BOTANI,AND BOTANI,,AND BOTANI,False,True,1
ANDA BOBA TEA/RED MANGO,ANDA BOBA TEA RED MANGO,ANDA BOBA TEA RED MANGO,,ANDA BOBA TEA RED MANGO,False,True,1
ANDALUCIA BAR & LOUNGE,ANDALUCIA BAR AND LOUNGE,ANDALUCIA BAR AND LOUNGE,,ANDALUCIA BAR AND LOUNGE,False,True,1
ANDY'S TERIYAKI & TACO,ANDYS TERIYAKI AND TACO,ANDYS TERIYAKI AND TACO,,ANDYS TERIYAKI AND TACO,False,True,1
ANE RESTAURANT AND BAR,ANE RESTAURANT AND BAR,ANE RESTAURANT AND BAR,,ANE RESTAURANT AND BAR,False,True,1
ANEW CAFE & GOODS,ANEW CAFE AND GOODS,ANEW CAFE AND GOODS,,ANEW CAFE AND GOODS,False,True,1
ANGELO'S CAFE & GRILL,ANGELOS CAFE AND GRILL,ANGELOS CAFE AND GRILL,,ANGELOS CAFE AND GRILL,False,True,1
ANN & TONY'S RESTAURANT,ANN AND TONYS RESTAURANT,ANN AND TONYS RESTAURANT,,ANN AND TONYS RESTAURANT,False,True,1
ANTIGUA KITCHENETTE & GROCERY,ANTIGUA KITCHENETTE AND GROCERY,ANTIGUA KITCHENETTE AND GROCERY,,ANTIGUA KITCHENETTE AND GROCERY,False,True,1
ANTOJITOS RESTAURANT & JUICE BAR,ANTOJITOS RESTAURANT AND JUICE BAR,ANTOJITOS RESTAURANT AND JUICE BAR,,ANTOJITOS RESTAURANT AND JUICE BAR,False,True,1
ANYTIME BAR & BILLIARDS,ANYTIME BAR AND BILLIARDS,ANYTIME BAR AND BILLIARDS,,ANYTIME BAR AND BILLIARDS,False,True,1
ANYWAY CAFE & BAR,ANYWAY CAFE AND BAR,ANYWAY CAFE AND BAR,,ANYWAY CAFE AND BAR,False,True,1
APARTMENT 7B DELI & MARKET,APARTMENT 7B DELI AND MARKET,APARTMENT 7B DELI AND MARKET,,APARTMENT 7B DELI AND MARKET,False,True,1
APOLLO CAFE & BAKERY,APOLLO CAFE AND BAKERY,APOLLO CAFE AND BAKERY,,APOLLO CAFE AND BAKERY,False,True,1
APOTHEKE/ CHEMIST,APOTHEKE CHEMIST,APOTHEKE CHEMIST,,APOTHEKE CHEMIST,False,True,1
APPLEBEE'S NEIGHBORHOOD GRILL & BAR,APPLEBEES NEIGHBORHOOD GRILL AND BAR,APPLEBEES NEIGHBORHOOD GRILL AND BAR,,APPLEBEES NEIGHBORHOOD GRILL AND BAR,False,True,1
APPLEBEES NEIGHBORHOOD BAR & GRILL,APPLEBEES NEIGHBORHOOD BAR AND GRILL,APPLEBEES NEIGHBORHOOD BAR AND GRILL,,APPLEBEES NEIGHBORHOOD BAR AND GRILL,False,True,2
APPLEBEES NEIGHBORHOOD GRILL AND BAR,APPLEBEES NEIGHBORHOOD GRILL AND BAR,APPLEBEES NEIGHBORHOOD GRILL AND BAR,,APPLEBEES NEIGHBORHOOD GRILL AND BAR,False,True,9
AQUA BAR & GRILL,AQUA BAR AND GRILL,AQUA BAR AND GRILL,,AQUA BAR AND GRILL,False,True,1
"ARAMARK SERVICES, INC",ARAMARK SERVICES,ARAMARK SERVICES,,ARAMARK SERVICES,False,True,2
ARAMARK SPORTS & ENTERTAINMENT LLC,ARAMARK SPORTS AND ENTERTAINMENT,ARAMARK SPORTS AND ENTERTAINMENT,,ARAMARK SPORTS AND ENTERTAINMENT,False,True,2
"ARAMARK SPORTS AND ENTERTAINMENT SERVICES, LLC",ARAMARK SPORTS AND ENTERTAINMENT SERVICES,ARAMARK SPORTS AND ENTERTAINMENT SERVICES,,ARAMARK SPORTS AND ENTERTAINMENT SERVICES,False,True,1
ARBERIA GRILL AND CAFE,ARBERIA GRILL AND CAFE,ARBERIA GRILL AND CAFE,,ARBERIA GRILL AND CAFE,False,True,1
ARCHER & GOAT,ARCHER AND GOAT,ARCHER AND GOAT,,ARCHER AND GOAT,False,True,1
ARCHIE'S TAP AND TABLE,ARCHIES TAP AND TABLE,ARCHIES TAP AND TABLE,,ARCHIES TAP AND TABLE,False,True,1
AREA LATINA BAR AND GRILL,AREA LATINA BAR AND GRILL,AREA LATINA BAR AND GRILL,,AREA LATINA BAR AND GRILL,False,True,1
ARISTON FLOWERS & CAFE,ARISTON FLOWERS AND CAFE,ARISTON FLOWERS AND CAFE,,ARISTON FLOWERS AND CAFE,False,True,1
ARLO BODEGA / FOXTAIL BAR,ARLO BODEGA FOXTAIL BAR,ARLO BODEGA FOXTAIL BAR,,ARLO BODEGA FOXTAIL BAR,False,True,1
ARMANDO & ELIO INC.,ARMANDO AND ELIO,ARMANDO AND ELIO,,ARMANDO AND ELIO,False,True,1
ARMANDO'S GROCERY & BAKERY,ARMANDOS GROCERY AND BAKERY,ARMANDOS GROCERY AND BAKERY,,ARMANDOS GROCERY AND BAKERY,False,True,1
ARNAUD STEAK & SEAFOOD,ARNAUD STEAK AND SEAFOOD,ARNAUD STEAK AND SEAFOOD,,ARNAUD STEAK AND SEAFOOD,False,True,1
AROMA / SUGAR N COAL,AROMA SUGAR N COAL,AROMA SUGAR N COAL,,AROMA SUGAR N COAL,False,True,1
AROMA RESTAURAT & BAR,AROMA RESTAURAT AND BAR,AROMA RESTAURAT AND BAR,,AROMA RESTAURAT AND BAR,False,True,1
AROMATI CAFE AND WINE BAR,AROMATI CAFE AND WINE BAR,AROMATI CAFE AND WINE BAR,,AROMATI CAFE AND WINE BAR,False,True,1
ARTE CAFE / EL COCO,ARTE CAFE EL COCO,ARTE CAFE EL COCO,,ARTE CAFE EL COCO,False,True,1
ARTHUR & SONS,ARTHUR AND SONS,ARTHUR AND SONS,,ARTHUR AND SONS,False,True,1
ARTHUR & SONS / ARTIE'S BACKROOM,ARTHUR AND SONS ARTIES BACKROOM,ARTHUR AND SONS ARTIES BACKROOM,,ARTHUR AND SONS ARTIES BACKROOM,False,True,1
ARTISAN TEA & COFFEE,ARTISAN TEA AND COFFEE,ARTISAN TEA AND COFFEE,,ARTISAN TEA AND COFFEE,False,True,1
ARTS & CRAFTS BEER PARLOR,ARTS AND CRAFTS BEER PARLOR,ARTS AND CRAFTS BEER PARLOR,,ARTS AND CRAFTS BEER PARLOR,False,True,1
ARTURO’S PIZZA & PASTA,ARTUROS PIZZA AND PASTA,ARTUROS PIZZA AND PASTA,,ARTUROS PIZZA AND PASTA,False,True,1
ASEA FUSION & YAKITORI LOUNGE,ASEA FUSION AND YAKITORI LOUNGE,ASEA FUSION AND YAKITORI LOUNGE,,ASEA FUSION AND YAKITORI LOUNGE,False,True,1
ASIA LATINA/MAMA SUSHI/PICHIRRI,ASIA LATINA MAMA SUSHI PICHIRRI,ASIA LATINA MAMA SUSHI PICHIRRI,,ASIA LATINA MAMA SUSHI PICHIRRI,False,True,1
ASIAN KABAB & CURRY,ASIAN KABAB AND CURRY,ASIAN KABAB AND CURRY,,ASIAN KABAB AND CURRY,False,True,1
ASO ROCK LOUNGE AND RESTAURANT,ASO ROCK LOUNGE AND RESTAURANT,ASO ROCK LOUNGE AND RESTAURANT,,ASO ROCK LOUNGE AND RESTAURANT,False,True,1
ASTOR BAR & GRILL,ASTOR BAR AND GRILL,ASTOR BAR AND GRILL,,ASTOR BAR AND GRILL,False,True,1
ASTORIA PIZZA / IBIZA JUICE BAR,ASTORIA PIZZA IBIZA JUICE BAR,ASTORIA PIZZA IBIZA JUICE BAR,,ASTORIA PIZZA IBIZA JUICE BAR,False,True,1
AT NINE RESTAURANT & BAR,AT NINE RESTAURANT AND BAR,AT NINE RESTAURANT AND BAR,,AT NINE RESTAURANT AND BAR,False,True,1
AT&T SPORTS LOUNGE,AT AND T SPORTS LOUNGE,AT AND T SPORTS LOUNGE,,AT AND T SPORTS LOUNGE,False,True,1
ATEAZ ORGANIC COFFEE & TEA,ATEAZ ORGANIC COFFEE AND TEA,ATEAZ ORGANIC COFFEE AND TEA,,ATEAZ ORGANIC COFFEE AND TEA,False,True,1
ATHEN'S BAR & GRILL,ATHENS BAR AND GRILL,ATHENS BAR AND GRILL,,ATHENS BAR AND GRILL,False,True,1
ATITLAN RESTAURANTE & PIZZERIA,ATITLAN RESTAURANTE AND PIZZERIA,ATITLAN RESTAURANTE AND PIZZERIA,,ATITLAN RESTAURANTE AND PIZZERIA,False,True,1
ATLANTIC GRILL / RAMPOLDI,ATLANTIC GRILL RAMPOLDI,ATLANTIC GRILL RAMPOLDI,,ATLANTIC GRILL RAMPOLDI,False,True,1
ATLIXCO BAKERY & DELI,ATLIXCO BAKERY AND DELI,ATLIXCO BAKERY AND DELI,,ATLIXCO BAKERY AND DELI,False,True,1
ATOMIC WINGS / BURGER HOLE,ATOMIC WINGS BURGER HOLE,ATOMIC WINGS BURGER HOLE,,ATOMIC WINGS BURGER HOLE,False,True,1
ATTO SUSHI & CAFE HATOU,ATTO SUSHI AND CAFE HATOU,ATTO SUSHI AND CAFE HATOU,,ATTO SUSHI AND CAFE HATOU,False,True,1
AUBI & RAMSA,AUBI AND RAMSA,AUBI AND RAMSA,,AUBI AND RAMSA,False,True,3
AUDREY BAKERY & CAFE,AUDREY BAKERY AND CAFE,AUDREY BAKERY AND CAFE,,AUDREY BAKERY AND CAFE,False,True,1
AUDREY BAKERY & CAFÉ,AUDREY BAKERY AND CAFE,AUDREY BAKERY AND CAFE,,AUDREY BAKERY AND CAFE,False,True,1
AUGIES DELI & PIZZERIA,AUGIES DELI AND PIZZERIA,AUGIES DELI AND PIZZERIA,,AUGIES DELI AND PIZZERIA,False,True,1
"AUNT BUTCHIES, REVIVE BAR (GATE 16)",AUNT BUTCHIES REVIVE BAR GATE 16,AUNT BUTCHIES REVIVE BAR GATE 16,,AUNT BUTCHIES REVIVE BAR GATE 16,False,True,1
"AUNTIE ANN KIOSK 1, 2, 3",AUNTIE ANN KIOSK 1 2 3,AUNTIE ANN KIOSK 1 2 3,,AUNTIE ANN KIOSK 1 2 3,False,True,1
AUNTIE ANNE'S PRETZELS / RED MANGO,AUNTIE ANNES PRETZELS RED MANGO,AUNTIE ANNES PRETZELS RED MANGO,AUNTIE ANNES,AUNTIE ANNES PRETZELS RED MANGO,False,True,1
AUSTIN STREET COFFEE & GRILL,AUSTIN STREET COFFEE AND GRILL,AUSTIN STREET COFFEE AND GRILL,,AUSTIN STREET COFFEE AND GRILL,False,True,1
AUTHENTIC CURRY & TANDOORI PLACE,AUTHENTIC CURRY AND TANDOORI PLACE,AUTHENTIC CURRY AND TANDOORI PLACE,,AUTHENTIC CURRY AND TANDOORI PLACE,False,True,1
AVELLINO RISTORANTE & PIZZERIA,AVELLINO RISTORANTE AND PIZZERIA,AVELLINO RISTORANTE AND PIZZERIA,,AVELLINO RISTORANTE AND PIZZERIA,False,True,1
AVOCADO MEXICAN GRILL & COFFEE,AVOCADO MEXICAN GRILL AND COFFEE,AVOCADO MEXICAN GRILL AND COFFEE,,AVOCADO MEXICAN GRILL AND COFFEE,False,True,1
AYZA CAFE & WINE BAR,AYZA CAFE AND WINE BAR,AYZA CAFE AND WINE BAR,,AYZA CAFE AND WINE BAR,False,True,1
AZ&G INC,AZ AND G,AZ AND G,,AZ AND G,False,True,1
AZIZA'S CAFE & LOUNGE,AZIZAS CAFE AND LOUNGE,AZIZAS CAFE AND LOUNGE,,AZIZAS CAFE AND LOUNGE,False,True,1
AZOGUENITA BAKERY & RESTAURANT,AZOGUENITA BAKERY AND RESTAURANT,AZOGUENITA BAKERY AND RESTAURANT,,AZOGUENITA BAKERY AND RESTAURANT,False,True,2
Alphonso's Pizzeria and Trattoria,ALPHONSOS PIZZERIA AND TRATTORIA,ALPHONSOS PIZZERIA AND TRATTORIA,,ALPHONSOS PIZZERIA AND TRATTORIA,False,True,1
B & B BAGELS,B AND B BAGELS,B AND B BAGELS,,B AND B BAGELS,False,True,2
B & D HALAL FOOD,B AND D HALAL FOOD,B AND D HALAL FOOD,,B AND D HALAL FOOD,False,True,1
B & Y CATERING (Jewish Community Center),B AND Y CATERING JEWISH COMMUNITY CENTER,B AND Y CATERING JEWISH COMMUNITY CENTER,,B AND Y CATERING JEWISH COMMUNITY CENTER,False,True,1
B AND B RESTAURANT,B AND B RESTAURANT,B AND B RESTAURANT,,B AND B RESTAURANT,False,True,1
B SIDE / GRAMWICH,B SIDE GRAMWICH,B SIDE GRAMWICH,,B SIDE GRAMWICH,False,True,1
B&B CAROUSELL,B AND B CAROUSELL,B AND B CAROUSELL,,B AND B CAROUSELL,False,True,1
B&B GRILL & ROTI SHOP,B AND B GRILL AND ROTI SHOP,B AND B GRILL AND ROTI SHOP,,B AND B GRILL AND ROTI SHOP,False,True,1
B&B SPICE,B AND B SPICE,B AND B SPICE,,B AND B SPICE,False,True,1
B&D HALAL FOOD 9TH AVE,B AND D HALAL FOOD 9TH AVE,B AND D HALAL FOOD 9TH AVE,,B AND D HALAL FOOD 9TH AVE,False,True,1
B&H DAIRY,B AND H DAIRY,B AND H DAIRY,,B AND H DAIRY,False,True,1
B&W DELI GROCERY,B AND W DELI GROCERY,B AND W DELI GROCERY,,B AND W DELI GROCERY,False,True,1
B.B.'S PUB AND GRILL,B B S PUB AND GRILL,B B S PUB AND GRILL,,B B S PUB AND GRILL,False,True,1
BA'AL CAFE & FALAFEL,BAAL CAFE AND FALAFEL,BAAL CAFE AND FALAFEL,,BAAL CAFE AND FALAFEL,False,True,1
BA'AL CAFE AND FALAFEL,BAAL CAFE AND FALAFEL,BAAL CAFE AND FALAFEL,,BAAL CAFE AND FALAFEL,False,True,1
BAADSHAH RESTAURANT & SWEETS,BAADSHAH RESTAURANT AND SWEETS,BAADSHAH RESTAURANT AND SWEETS,,BAADSHAH RESTAURANT AND SWEETS,False,True,1
BAANI SWEETS & CATERING,BAANI SWEETS AND CATERING,BAANI SWEETS AND CATERING,,BAANI SWEETS AND CATERING,False,True,1
BABE & AL,BABE AND AL,BABE AND AL,,BABE AND AL,False,True,1
BABY CRAB SEAFOOD & GRILL,BABY CRAB SEAFOOD AND GRILL,BABY CRAB SEAFOOD AND GRILL,,BABY CRAB SEAFOOD AND GRILL,False,True,1
BABY'S BUNS & BUCKETS,BABYS BUNS AND BUCKETS,BABYS BUNS AND BUCKETS,,BABYS BUNS AND BUCKETS,False,True,1
BACI & ABBRACCI,BACI AND ABBRACCI,BACI AND ABBRACCI,,BACI AND ABBRACCI,False,True,1
BACKYARD BAR & BILLIARDS,BACKYARD BAR AND BILLIARDS,BACKYARD BAR AND BILLIARDS,,BACKYARD BAR AND BILLIARDS,False,True,1
BAGEL & CAFE EVERYDAY,BAGEL AND CAFE EVERYDAY,BAGEL AND CAFE EVERYDAY,,BAGEL AND CAFE EVERYDAY,False,True,1
BAGEL & SCHMEAR,BAGEL AND SCHMEAR,BAGEL AND SCHMEAR,,BAGEL AND SCHMEAR,False,True,1
BAGEL BISTRO & DINER,BAGEL BISTRO AND DINER,BAGEL BISTRO AND DINER,,BAGEL BISTRO AND DINER,False,True,1
BAGEL BOSS/PETIT GOURMET,BAGEL BOSS PETIT GOURMET,BAGEL BOSS PETIT GOURMET,,BAGEL BOSS PETIT GOURMET,False,True,1
"BAGEL EXPRESS BOL, INC.",BAGEL EXPRESS BOL,BAGEL EXPRESS BOL,,BAGEL EXPRESS BOL,False,True,1
BAGELS & BREW,BAGELS AND BREW,BAGELS AND BREW,,BAGELS AND BREW,False,True,1
BAGELS & CO,BAGELS AND CO,BAGELS AND CO,,BAGELS AND CO,False,True,2
BAGELS & COMPANY,BAGELS AND COMPANY,BAGELS AND COMPANY,,BAGELS AND COMPANY,False,True,1
BAGELS AND CREAM,BAGELS AND CREAM,BAGELS AND CREAM,,BAGELS AND CREAM,False,True,2
"BAGELS BY DAY, TACOS BY NIGHT",BAGELS BY DAY TACOS BY NIGHT,BAGELS BY DAY TACOS BY NIGHT,,BAGELS BY DAY TACOS BY NIGHT,False,True,1
"BAGELS, SALADS, URWAY",BAGELS SALADS URWAY,BAGELS SALADS URWAY,,BAGELS SALADS URWAY,False,True,1
BAGIZZA BAGELS & PIZZA,BAGIZZA BAGELS AND PIZZA,BAGIZZA BAGELS AND PIZZA,,BAGIZZA BAGELS AND PIZZA,False,True,1
BAHIA RESTAURANT & CAFE,BAHIA RESTAURANT AND CAFE,BAHIA RESTAURANT AND CAFE,,BAHIA RESTAURANT AND CAFE,False,True,1
BAILEY SEAFOOD MARKET & RESTAURANT,BAILEY SEAFOOD MARKET AND RESTAURANT,BAILEY SEAFOOD MARKET AND RESTAURANT,,BAILEY SEAFOOD MARKET AND RESTAURANT,False,True,1
BAKE & SCOOP,BAKE AND SCOOP,BAKE AND SCOOP,,BAKE AND SCOOP,False,True,1
BAKE & THINGS RESTAURANT,BAKE AND THINGS RESTAURANT,BAKE AND THINGS RESTAURANT,,BAKE AND THINGS RESTAURANT,False,True,1
BAKE AND THINGS RESTAURANT,BAKE AND THINGS RESTAURANT,BAKE AND THINGS RESTAURANT,,BAKE AND THINGS RESTAURANT,False,True,1
BAKEWELL BAKERY & RESTAURANT,BAKEWELL BAKERY AND RESTAURANT,BAKEWELL BAKERY AND RESTAURANT,,BAKEWELL BAKERY AND RESTAURANT,False,True,1
BAM CAFE / GREAT PERFORMANCES,BAM CAFE GREAT PERFORMANCES,BAM CAFE GREAT PERFORMANCES,,BAM CAFE GREAT PERFORMANCES,False,True,1
BAMBOO EMPANADAS & JUICE BAR,BAMBOO EMPANADAS AND JUICE BAR,BAMBOO EMPANADAS AND JUICE BAR,,BAMBOO EMPANADAS AND JUICE BAR,False,True,1
BANC BAR & CAFE,BANC BAR AND CAFE,BANC BAR AND CAFE,,BANC BAR AND CAFE,False,True,1
BANHMIGOS & COFFEE,BANHMIGOS AND COFFEE,BANHMIGOS AND COFFEE,,BANHMIGOS AND COFFEE,False,True,1
BAO & PANCAKE,BAO AND PANCAKE,BAO AND PANCAKE,,BAO AND PANCAKE,False,True,1
BAOLALA / ULUHULUH,BAOLALA ULUHULUH,BAOLALA ULUHULUH,,BAOLALA ULUHULUH,False,True,1
BAOS & BOWLS,BAOS AND BOWLS,BAOS AND BOWLS,,BAOS AND BOWLS,False,True,1
BAR & NIGHTCLUB USULT,BAR AND NIGHTCLUB USULT,BAR AND NIGHTCLUB USULT,,BAR AND NIGHTCLUB USULT,False,True,1
BAR & RESTAURANT EL SALVADORENO,BAR AND RESTAURANT EL SALVADORENO,BAR AND RESTAURANT EL SALVADORENO,,BAR AND RESTAURANT EL SALVADORENO,False,True,1
BAR HUGO (19FL) / BAR AZUL (ROOFTOP),BAR HUGO 19FL BAR AZUL ROOFTOP,BAR HUGO 19FL BAR AZUL ROOFTOP,,BAR HUGO 19FL BAR AZUL ROOFTOP,False,True,1
BAR LOUIS / 205 CLUB,BAR LOUIS 205 CLUB,BAR LOUIS 205 CLUB,,BAR LOUIS 205 CLUB,False,True,1
BARCKLAYS PIZZA & PASTA,BARCKLAYS PIZZA AND PASTA,BARCKLAYS PIZZA AND PASTA,,BARCKLAYS PIZZA AND PASTA,False,True,1
BARCLAY'S CENTER-SEOUL BIRD/BK MARKET,BARCLAYS CENTER SEOUL BIRD BK MARKET,BARCLAYS CENTER SEOUL BIRD BK MARKET,,BARCLAYS CENTER SEOUL BIRD BK MARKET,False,True,1
BARCLAYS - QATAR AIRWAYS COURTSIDE KITCHEN AND BAR,BARCLAYS QATAR AIRWAYS COURTSIDE KITCHEN AND BAR,BARCLAYS QATAR AIRWAYS COURTSIDE KITCHEN AND BAR,,BARCLAYS QATAR AIRWAYS COURTSIDE KITCHEN AND BAR,False,True,1
"BARCLAYS 40, 40 CLUB BAR",BARCLAYS 40 40 CLUB BAR,BARCLAYS 40 40 CLUB BAR,,BARCLAYS 40 40 CLUB BAR,False,True,1
"BARCLAYS, CALEXICO",BARCLAYS CALEXICO,BARCLAYS CALEXICO,,BARCLAYS CALEXICO,False,True,1
BARESHA PIZZERIA & DELI,BARESHA PIZZERIA AND DELI,BARESHA PIZZERIA AND DELI,,BARESHA PIZZERIA AND DELI,False,True,1
BARIOS PIZZA & RESTAURANT,BARIOS PIZZA AND RESTAURANT,BARIOS PIZZA AND RESTAURANT,,BARIOS PIZZA AND RESTAURANT,False,True,1
BARMASA / MASA,BARMASA MASA,BARMASA MASA,,BARMASA MASA,False,True,1
BARN BURNER GRILL/ SNACK BAR,BARN BURNER GRILL SNACK BAR,BARN BURNER GRILL SNACK BAR,,BARN BURNER GRILL SNACK BAR,False,True,1
BARNES & NOBLE,BARNES AND NOBLE,BARNES AND NOBLE,,BARNES AND NOBLE,False,True,1
BARNES & NOBLE CAFE,BARNES AND NOBLE CAFE,BARNES AND NOBLE CAFE,,BARNES AND NOBLE CAFE,False,True,4
BASCOM CATERING & EVENTS,BASCOM CATERING AND EVENTS,BASCOM CATERING AND EVENTS,,BASCOM CATERING AND EVENTS,False,True,1
BASIL CUCINA & CATERING,BASIL CUCINA AND CATERING,BASIL CUCINA AND CATERING,,BASIL CUCINA AND CATERING,False,True,1
BASIL INDIAN AND THAI,BASIL INDIAN AND THAI,BASIL INDIAN AND THAI,,BASIL INDIAN AND THAI,False,True,1
"BASQUE CONSTRUCTION, LLC",BASQUE CONSTRUCTION,BASQUE CONSTRUCTION,,BASQUE CONSTRUCTION,False,True,1
BASS & BOURBON,BASS AND BOURBON,BASS AND BOURBON,,BASS AND BOURBON,False,True,1
BAY BUBBLE TEA & JUICE CORNER,BAY BUBBLE TEA AND JUICE CORNER,BAY BUBBLE TEA AND JUICE CORNER,,BAY BUBBLE TEA AND JUICE CORNER,False,True,1
BAY TERRACE POOL & TENNIS CENTER,BAY TERRACE POOL AND TENNIS CENTER,BAY TERRACE POOL AND TENNIS CENTER,,BAY TERRACE POOL AND TENNIS CENTER,False,True,1
BB PIZZA & DINE,BB PIZZA AND DINE,BB PIZZA AND DINE,,BB PIZZA AND DINE,False,True,1
BB.Q CHICKEN & PUB,BB Q CHICKEN AND PUB,BB Q CHICKEN AND PUB,,BB Q CHICKEN AND PUB,False,True,1
BEACH DUNES EATERY AND ARTS,BEACH DUNES EATERY AND ARTS,BEACH DUNES EATERY AND ARTS,,BEACH DUNES EATERY AND ARTS,False,True,1
"BEACON THEATRE (ORCHESTRA BAR, MAIN FLOOR)",BEACON THEATRE ORCHESTRA BAR MAIN FLOOR,BEACON THEATRE ORCHESTRA BAR MAIN FLOOR,,BEACON THEATRE ORCHESTRA BAR MAIN FLOOR,False,True,1
BEAN & BEAN COFFEE,BEAN AND BEAN COFFEE,BEAN AND BEAN COFFEE,,BEAN AND BEAN COFFEE,False,True,2
BEANS & LEAVES,BEANS AND LEAVES,BEANS AND LEAVES,,BEANS AND LEAVES,False,True,1
BEANS & MALT,BEANS AND MALT,BEANS AND MALT,,BEANS AND MALT,False,True,1
BEANS AND LEAVES CAFE,BEANS AND LEAVES CAFE,BEANS AND LEAVES CAFE,,BEANS AND LEAVES CAFE,False,True,1
BEANS AND VINES EXPRESS,BEANS AND VINES EXPRESS,BEANS AND VINES EXPRESS,,BEANS AND VINES EXPRESS,False,True,2
"BEARD PAPA'S EAST VILLAGE, INC.",BEARD PAPAS EAST VILLAGE,BEARD PAPAS EAST VILLAGE,,BEARD PAPAS EAST VILLAGE,False,True,1
BEAST & BUTTERFLIES,BEAST AND BUTTERFLIES,BEAST AND BUTTERFLIES,,BEAST AND BUTTERFLIES,False,True,1
BEAUTY & ESSEX,BEAUTY AND ESSEX,BEAUTY AND ESSEX,,BEAUTY AND ESSEX,False,True,1
BEDFORD CAFE & RESTAURANT,BEDFORD CAFE AND RESTAURANT,BEDFORD CAFE AND RESTAURANT,,BEDFORD CAFE AND RESTAURANT,False,True,1
BEDFORD GARDENS / MAMA PHO,BEDFORD GARDENS MAMA PHO,BEDFORD GARDENS MAMA PHO,,BEDFORD GARDENS MAMA PHO,False,True,1
BEECHERS/SWEET LEAF,BEECHERS SWEET LEAF,BEECHERS SWEET LEAF,,BEECHERS SWEET LEAF,False,True,1
BEETS AND CARROTS,BEETS AND CARROTS,BEETS AND CARROTS,,BEETS AND CARROTS,False,True,1
BELLA CHICKEN AND BURGER,BELLA CHICKEN AND BURGER,BELLA CHICKEN AND BURGER,,BELLA CHICKEN AND BURGER,False,True,1
BELLA PIZZA & RESTAURANT,BELLA PIZZA AND RESTAURANT,BELLA PIZZA AND RESTAURANT,,BELLA PIZZA AND RESTAURANT,False,True,1
BELLYFUL RESTAURANT AND BAR,BELLYFUL RESTAURANT AND BAR,BELLYFUL RESTAURANT AND BAR,,BELLYFUL RESTAURANT AND BAR,False,True,1
BEM | BOOKS & MORE,BEM BOOKS AND MORE,BEM BOOKS AND MORE,,BEM BOOKS AND MORE,False,True,1
BEN & JACK'S STEAKHOUSE,BEN AND JACKS STEAKHOUSE,BEN AND JACKS STEAKHOUSE,,BEN AND JACKS STEAKHOUSE,False,True,1
BEN & JERRY'S,BEN AND JERRYS,BEN AND JERRYS,,BEN AND JERRYS,False,True,3
BEN'S FAST FOOD/LOTUS & LIME/PALMITA/UMAMI EXPRESS,BENS FAST FOOD LOTUS AND LIME PALMITA UMAMI EXPRESS,BENS FAST FOOD LOTUS AND LIME PALMITA UMAMI EXPRESS,,BENS FAST FOOD LOTUS AND LIME PALMITA UMAMI EXPRESS,False,True,1
BEN'S KOSHER DELI & RESTAURANT,BENS KOSHER DELI AND RESTAURANT,BENS KOSHER DELI AND RESTAURANT,,BENS KOSHER DELI AND RESTAURANT,False,True,1
BEN'S PIZZA AND RESTAURANT,BENS PIZZA AND RESTAURANT,BENS PIZZA AND RESTAURANT,,BENS PIZZA AND RESTAURANT,False,True,1
BENE PIZZERIA & RESTAURANT,BENE PIZZERIA AND RESTAURANT,BENE PIZZERIA AND RESTAURANT,,BENE PIZZERIA AND RESTAURANT,False,True,1
BENI'S  RESTAURANT & BAR,BENIS RESTAURANT AND BAR,BENIS RESTAURANT AND BAR,,BENIS RESTAURANT AND BAR,False,True,1
BENNY JOHN'S BAR AND GRILL,BENNY JOHNS BAR AND GRILL,BENNY JOHNS BAR AND GRILL,,BENNY JOHNS BAR AND GRILL,False,True,1
BENSONHURST BAGELS & DELI CORP,BENSONHURST BAGELS AND DELI,BENSONHURST BAGELS AND DELI,,BENSONHURST BAGELS AND DELI,False,True,1
"BENTOME, INC",BENTOME,BENTOME,,BENTOME,False,True,2
BERBICE BAR AND RESTAURANT,BERBICE BAR AND RESTAURANT,BERBICE BAR AND RESTAURANT,,BERBICE BAR AND RESTAURANT,False,True,1
BERIKONI / GEORGIAN HOUSE,BERIKONI GEORGIAN HOUSE,BERIKONI GEORGIAN HOUSE,,BERIKONI GEORGIAN HOUSE,False,True,1
BERIKONI / GH RESTAURANT & BAR,BERIKONI GH RESTAURANT AND BAR,BERIKONI GH RESTAURANT AND BAR,,BERIKONI GH RESTAURANT AND BAR,False,True,1
BERNIE & HERB'S,BERNIE AND HERBS,BERNIE AND HERBS,,BERNIE AND HERBS,False,True,1
BESO RESTAURANT AND BAR,BESO RESTAURANT AND BAR,BESO RESTAURANT AND BAR,,BESO RESTAURANT AND BAR,False,True,1
BESOS RESTAURANT BAR & LOUNGE,BESOS RESTAURANT BAR AND LOUNGE,BESOS RESTAURANT BAR AND LOUNGE,,BESOS RESTAURANT BAR AND LOUNGE,False,True,1
BEST BITES RESTAURANT & BAKERY,BEST BITES RESTAURANT AND BAKERY,BEST BITES RESTAURANT AND BAKERY,,BEST BITES RESTAURANT AND BAKERY,False,True,1
BEST CARIBBEAN RESTAURANT & GRILL,BEST CARIBBEAN RESTAURANT AND GRILL,BEST CARIBBEAN RESTAURANT AND GRILL,,BEST CARIBBEAN RESTAURANT AND GRILL,False,True,1
BEST WINGS & PIZZA,BEST WINGS AND PIZZA,BEST WINGS AND PIZZA,,BEST WINGS AND PIZZA,False,True,1
BETO'S CARNITAS & GUISADOS,BETOS CARNITAS AND GUISADOS,BETOS CARNITAS AND GUISADOS,,BETOS CARNITAS AND GUISADOS,False,True,1
BEVACCO / THE BINC,BEVACCO THE BINC,BEVACCO THE BINC,,BEVACCO THE BINC,False,True,1
BH 419 SIPS & SALT INC.,BH 419 SIPS AND SALT,BH 419 SIPS AND SALT,,BH 419 SIPS AND SALT,False,True,1
BIA VIETNAMESE RESTAURANT & BAR,BIA VIETNAMESE RESTAURANT AND BAR,BIA VIETNAMESE RESTAURANT AND BAR,,BIA VIETNAMESE RESTAURANT AND BAR,False,True,1
BIARRITZ KOSHER PIZZA & WINE,BIARRITZ KOSHER PIZZA AND WINE,BIARRITZ KOSHER PIZZA AND WINE,,BIARRITZ KOSHER PIZZA AND WINE,False,True,1
BIBBLE & SIP,BIBBLE AND SIP,BIBBLE AND SIP,,BIBBLE AND SIP,False,True,1
BIBBLE AND SIP,BIBBLE AND SIP,BIBBLE AND SIP,,BIBBLE AND SIP,False,True,1
BICCHIERE WINE & PASTA BAR,BICCHIERE WINE AND PASTA BAR,BICCHIERE WINE AND PASTA BAR,,BICCHIERE WINE AND PASTA BAR,False,True,1
"BIEN CUIT - GRAND CENTRAL, LLC",BIEN CUIT GRAND CENTRAL,BIEN CUIT GRAND CENTRAL,,BIEN CUIT GRAND CENTRAL,False,True,1
BIG APPLE CHINESE BUFFET & TAKE OUT,BIG APPLE CHINESE BUFFET AND TAKE OUT,BIG APPLE CHINESE BUFFET AND TAKE OUT,,BIG APPLE CHINESE BUFFET AND TAKE OUT,False,True,1
BIG JOHN'S COFFEE SHOP & GRILL,BIG JOHNS COFFEE SHOP AND GRILL,BIG JOHNS COFFEE SHOP AND GRILL,,BIG JOHNS COFFEE SHOP AND GRILL,False,True,1
BIG JOHN'S PIZZA & RESTAURANT,BIG JOHNS PIZZA AND RESTAURANT,BIG JOHNS PIZZA AND RESTAURANT,,BIG JOHNS PIZZA AND RESTAURANT,False,True,1
BIGWELL BAKERY & HALAL RESTAURANT 2,BIGWELL BAKERY AND HALAL RESTAURANT 2,BIGWELL BAKERY AND HALAL RESTAURANT 2,,BIGWELL BAKERY AND HALAL RESTAURANT 2,False,True,1
BIGWELL BAKERY AND HALAL RESTAURANT,BIGWELL BAKERY AND HALAL RESTAURANT,BIGWELL BAKERY AND HALAL RESTAURANT,,BIGWELL BAKERY AND HALAL RESTAURANT,False,True,1
BILL'S BAR & BURGER ROCKEFELLER CENTER,BILLS BAR AND BURGER ROCKEFELLER CENTER,BILLS BAR AND BURGER ROCKEFELLER CENTER,,BILLS BAR AND BURGER ROCKEFELLER CENTER,False,True,1
BILL'S BAR AND BURGER DOWNTOWN,BILLS BAR AND BURGER DOWNTOWN,BILLS BAR AND BURGER DOWNTOWN,,BILLS BAR AND BURGER DOWNTOWN,False,True,1
BILLY'S SPORT BAR RESTAURANT & LOUNGE,BILLYS SPORT BAR RESTAURANT AND LOUNGE,BILLYS SPORT BAR RESTAURANT AND LOUNGE,,BILLYS SPORT BAR RESTAURANT AND LOUNGE,False,True,1
BING & NOODLES BY CHOW HOUSE,BING AND NOODLES BY CHOW HOUSE,BING AND NOODLES BY CHOW HOUSE,,BING AND NOODLES BY CHOW HOUSE,False,True,1
"BING BONG RESTAURANT, CORP.",BING BONG RESTAURANT,BING BONG RESTAURANT,,BING BONG RESTAURANT,False,True,1
BIRD & BRANCH,BIRD AND BRANCH,BIRD AND BRANCH,,BIRD AND BRANCH,False,True,2
BIRDIES HOT CHICKEN / SYDNEY BURGER,BIRDIES HOT CHICKEN SYDNEY BURGER,BIRDIES HOT CHICKEN SYDNEY BURGER,,BIRDIES HOT CHICKEN SYDNEY BURGER,False,True,1
BISON & BOURBON,BISON AND BOURBON,BISON AND BOURBON,,BISON AND BOURBON,False,True,1
"BISOUX MARKET, WORLD BEAN",BISOUX MARKET WORLD BEAN,BISOUX MARKET WORLD BEAN,,BISOUX MARKET WORLD BEAN,False,True,1
BISTA BREAKFAST&CREPES,BISTA BREAKFAST AND CREPES,BISTA BREAKFAST AND CREPES,,BISTA BREAKFAST AND CREPES,False,True,1
"BISTRO LEBUREK, INC",BISTRO LEBUREK,BISTRO LEBUREK,,BISTRO LEBUREK,False,True,1
BITE & SIP,BITE AND SIP,BITE AND SIP,,BITE AND SIP,False,True,1
BITES & SIPS,BITES AND SIPS,BITES AND SIPS,,BITES AND SIPS,False,True,1
BJORK CAFE & BISTRO,BJORK CAFE AND BISTRO,BJORK CAFE AND BISTRO,,BJORK CAFE AND BISTRO,False,True,1
BK PITA & TACO PALACE,BK PITA AND TACO PALACE,BK PITA AND TACO PALACE,,BK PITA AND TACO PALACE,False,True,1
BK PIZZA AND FRIED CHICKEN,BK PIZZA AND FRIED CHICKEN,BK PIZZA AND FRIED CHICKEN,,BK PIZZA AND FRIED CHICKEN,False,True,1
BLACK - EYED PEAS AND COLLARD GREENS,BLACK EYED PEAS AND COLLARD GREENS,BLACK EYED PEAS AND COLLARD GREENS,,BLACK EYED PEAS AND COLLARD GREENS,False,True,1
BLACK BIRD / EVOLUTION,BLACK BIRD EVOLUTION,BLACK BIRD EVOLUTION,,BLACK BIRD EVOLUTION,False,True,1
BLACK BURGER / LOS TACOS HERMANOS,BLACK BURGER LOS TACOS HERMANOS,BLACK BURGER LOS TACOS HERMANOS,,BLACK BURGER LOS TACOS HERMANOS,False,True,1
BLACK MILK COFFEE & CREPE,BLACK MILK COFFEE AND CREPE,BLACK MILK COFFEE AND CREPE,,BLACK MILK COFFEE AND CREPE,False,True,1
BLACK SEA FISH & GRILL,BLACK SEA FISH AND GRILL,BLACK SEA FISH AND GRILL,,BLACK SEA FISH AND GRILL,False,True,1
BLACK STAR BAKERY & CAFE,BLACK STAR BAKERY AND CAFE,BLACK STAR BAKERY AND CAFE,,BLACK STAR BAKERY AND CAFE,False,True,5
"BLACK TAP CRAFT BURGERS AND BEER, LOT 15",BLACK TAP CRAFT BURGERS AND BEER LOT 15,BLACK TAP CRAFT BURGERS AND BEER LOT 15,,BLACK TAP CRAFT BURGERS AND BEER LOT 15,False,True,1
BLACK TAP/ TENDER CRUSH,BLACK TAP TENDER CRUSH,BLACK TAP TENDER CRUSH,,BLACK TAP TENDER CRUSH,False,True,1
BLACKSTONE BAR AND GRILL,BLACKSTONE BAR AND GRILL,BLACKSTONE BAR AND GRILL,,BLACKSTONE BAR AND GRILL,False,True,1
BLAKE & TODD,BLAKE AND TODD,BLAKE AND TODD,,BLAKE AND TODD,False,True,1
BLAKE AND TODD,BLAKE AND TODD,BLAKE AND TODD,,BLAKE AND TODD,False,True,1
BLAZE BBQ & HIBACHI,BLAZE BBQ AND HIBACHI,BLAZE BBQ AND HIBACHI,,BLAZE BBQ AND HIBACHI,False,True,1
BLAZIN CHICKEN & GYRO,BLAZIN CHICKEN AND GYRO,BLAZIN CHICKEN AND GYRO,,BLAZIN CHICKEN AND GYRO,False,True,3
BLEND & BITES,BLEND AND BITES,BLEND AND BITES,,BLEND AND BITES,False,True,1
BLEND SALAD & JUICE BAR,BLEND SALAD AND JUICE BAR,BLEND SALAD AND JUICE BAR,,BLEND SALAD AND JUICE BAR,False,True,1
BLESS BAR & KITCHEN,BLESS BAR AND KITCHEN,BLESS BAR AND KITCHEN,,BLESS BAR AND KITCHEN,False,True,1
BLINKS DELI & PIZZA,BLINKS DELI AND PIZZA,BLINKS DELI AND PIZZA,,BLINKS DELI AND PIZZA,False,True,1
BLU SEAFOOD RESTAURANT & BAR,BLU SEAFOOD RESTAURANT AND BAR,BLU SEAFOOD RESTAURANT AND BAR,,BLU SEAFOOD RESTAURANT AND BAR,False,True,1
BLUE & GOLD TAVERN,BLUE AND GOLD TAVERN,BLUE AND GOLD TAVERN,,BLUE AND GOLD TAVERN,False,True,1
BLUE CAFE RESTAURANT & BAR,BLUE CAFE RESTAURANT AND BAR,BLUE CAFE RESTAURANT AND BAR,,BLUE CAFE RESTAURANT AND BAR,False,True,1
BLUE MOUNTAIN HEIGHTS CAFE & BAR,BLUE MOUNTAIN HEIGHTS CAFE AND BAR,BLUE MOUNTAIN HEIGHTS CAFE AND BAR,,BLUE MOUNTAIN HEIGHTS CAFE AND BAR,False,True,1
BLUE MOUNTAIN REST & BAKERY,BLUE MOUNTAIN REST AND BAKERY,BLUE MOUNTAIN REST AND BAKERY,,BLUE MOUNTAIN REST AND BAKERY,False,True,1
BLUE MOUNTAIN RESTAURANT & JERK CENTER,BLUE MOUNTAIN RESTAURANT AND JERK CENTER,BLUE MOUNTAIN RESTAURANT AND JERK CENTER,,BLUE MOUNTAIN RESTAURANT AND JERK CENTER,False,True,1
BLUE RIBBON SUSHI & SAKE,BLUE RIBBON SUSHI AND SAKE,BLUE RIBBON SUSHI AND SAKE,,BLUE RIBBON SUSHI AND SAKE,False,True,1
BLUE RIBBON SUSHI AND STEAK,BLUE RIBBON SUSHI AND STEAK,BLUE RIBBON SUSHI AND STEAK,,BLUE RIBBON SUSHI AND STEAK,False,True,1
BLUE RIBBON SUSHI BAR & GRILL,BLUE RIBBON SUSHI BAR AND GRILL,BLUE RIBBON SUSHI BAR AND GRILL,,BLUE RIBBON SUSHI BAR AND GRILL,False,True,2
BLUE RIBBON SUSHI BAR & GRILL ROOF DECK,BLUE RIBBON SUSHI BAR AND GRILL ROOF DECK,BLUE RIBBON SUSHI BAR AND GRILL ROOF DECK,,BLUE RIBBON SUSHI BAR AND GRILL ROOF DECK,False,True,1
BLUE STORM BILLIARDS & CAFE,BLUE STORM BILLIARDS AND CAFE,BLUE STORM BILLIARDS AND CAFE,,BLUE STORM BILLIARDS AND CAFE,False,True,1
BNS BAKERY & CAFE,BNS BAKERY AND CAFE,BNS BAKERY AND CAFE,,BNS BAKERY AND CAFE,False,True,1
BO AND GA,BO AND GA,BO AND GA,,BO AND GA,False,True,1
BOARD AND BRUSH STATEN ISLAND,BOARD AND BRUSH STATEN ISLAND,BOARD AND BRUSH STATEN ISLAND,,BOARD AND BRUSH STATEN ISLAND,False,True,1
"BOBBY VAN'S , LEA WINE BAR",BOBBY VANS LEA WINE BAR,BOBBY VANS LEA WINE BAR,,BOBBY VANS LEA WINE BAR,False,True,1
BOCA CAFE & ROTISSERIE CHICKEN,BOCA CAFE AND ROTISSERIE CHICKEN,BOCA CAFE AND ROTISSERIE CHICKEN,,BOCA CAFE AND ROTISSERIE CHICKEN,False,True,1
BOCA RESTAURANT & STEAK HOUSE,BOCA RESTAURANT AND STEAK HOUSE,BOCA RESTAURANT AND STEAK HOUSE,,BOCA RESTAURANT AND STEAK HOUSE,False,True,1
BOEUF & BUN,BOEUF AND BUN,BOEUF AND BUN,,BOEUF AND BUN,False,True,1
BOHEMIAN HALL & BEER GARDEN,BOHEMIAN HALL AND BEER GARDEN,BOHEMIAN HALL AND BEER GARDEN,,BOHEMIAN HALL AND BEER GARDEN,False,True,1
BOIL & BITE,BOIL AND BITE,BOIL AND BITE,,BOIL AND BITE,False,True,1
BOILERMAKER/ SUPERBUENO,BOILERMAKER SUPERBUENO,BOILERMAKER SUPERBUENO,,BOILERMAKER SUPERBUENO,False,True,1
BOITHAK KHANA KITCHEN & SWEETS,BOITHAK KHANA KITCHEN AND SWEETS,BOITHAK KHANA KITCHEN AND SWEETS,,BOITHAK KHANA KITCHEN AND SWEETS,False,True,1
BOLIVAL BAKERY COFFEE SHOP & ICE CREAM,BOLIVAL BAKERY COFFEE SHOP AND ICE CREAM,BOLIVAL BAKERY COFFEE SHOP AND ICE CREAM,,BOLIVAL BAKERY COFFEE SHOP AND ICE CREAM,False,True,1
BON APPETIT RESTAURANT & BAR SPACE C380,BON APPETIT RESTAURANT AND BAR SPACE C380,BON APPETIT RESTAURANT AND BAR SPACE C380,,BON APPETIT RESTAURANT AND BAR SPACE C380,False,True,1
BON BON JUICE BAR & GRILL,BON BON JUICE BAR AND GRILL,BON BON JUICE BAR AND GRILL,,BON BON JUICE BAR AND GRILL,False,True,1
BONAFIDE CAFE & DELI,BONAFIDE CAFE AND DELI,BONAFIDE CAFE AND DELI,,BONAFIDE CAFE AND DELI,False,True,1
BONAO BAR AND GRILL,BONAO BAR AND GRILL,BONAO BAR AND GRILL,,BONAO BAR AND GRILL,False,True,1
BOND 45 ITALIAN KITCHEN AND BAR,BOND 45 ITALIAN KITCHEN AND BAR,BOND 45 ITALIAN KITCHEN AND BAR,,BOND 45 ITALIAN KITCHEN AND BAR,False,True,1
BOND ST COFFEE & GOODS,BOND ST COFFEE AND GOODS,BOND ST COFFEE AND GOODS,,BOND ST COFFEE AND GOODS,False,True,1
BONI & MOTT,BONI AND MOTT,BONI AND MOTT,,BONI AND MOTT,False,True,1
BONJOUR CREPES & WINE,BONJOUR CREPES AND WINE,BONJOUR CREPES AND WINE,,BONJOUR CREPES AND WINE,False,True,1
BONJUK & BIBIMBAB,BONJUK AND BIBIMBAB,BONJUK AND BIBIMBAB,,BONJUK AND BIBIMBAB,False,True,1
BOONGS GRAB & GO,BOONGS GRAB AND GO,BOONGS GRAB AND GO,,BOONGS GRAB AND GO,False,True,1
BORA BORA SMOOTHIE CAFE / SHEEL & MASHI,BORA BORA SMOOTHIE CAFE SHEEL AND MASHI,BORA BORA SMOOTHIE CAFE SHEEL AND MASHI,,BORA BORA SMOOTHIE CAFE SHEEL AND MASHI,False,True,2
BORIS & HORTON,BORIS AND HORTON,BORIS AND HORTON,,BORIS AND HORTON,False,True,1
BOSTON FOOD & GRILL,BOSTON FOOD AND GRILL,BOSTON FOOD AND GRILL,,BOSTON FOOD AND GRILL,False,True,1
BOULTON & WATT / MELT SHOP,BOULTON AND WATT MELT SHOP,BOULTON AND WATT MELT SHOP,,BOULTON AND WATT MELT SHOP,False,True,1
BOULUD SUD / EPICERIE BOULUD,BOULUD SUD EPICERIE BOULUD,BOULUD SUD EPICERIE BOULUD,,BOULUD SUD EPICERIE BOULUD,False,True,1
BOURBON AND BRANCH,BOURBON AND BRANCH,BOURBON AND BRANCH,,BOURBON AND BRANCH,False,True,1
BOWERY BEER GARDEN / SHINKA / MR. WU'S BASEMENT / ROOFTOP93,BOWERY BEER GARDEN SHINKA MR WUS BASEMENT ROOFTOP93,BOWERY BEER GARDEN SHINKA MR WUS BASEMENT ROOFTOP93,,BOWERY BEER GARDEN SHINKA MR WUS BASEMENT ROOFTOP93,False,True,1
BOWERY ROAD / BAR SELLA,BOWERY ROAD BAR SELLA,BOWERY ROAD BAR SELLA,,BOWERY ROAD BAR SELLA,False,True,1
BOX AND GO,BOX AND GO,BOX AND GO,,BOX AND GO,False,True,1
BOYFRIEND CAFE & BAR,BOYFRIEND CAFE AND BAR,BOYFRIEND CAFE AND BAR,,BOYFRIEND CAFE AND BAR,False,True,1
BQE BILLIARDS & BAR,BQE BILLIARDS AND BAR,BQE BILLIARDS AND BAR,,BQE BILLIARDS AND BAR,False,True,1
BRASAS RESTAURANT & BAR,BRASAS RESTAURANT AND BAR,BRASAS RESTAURANT AND BAR,,BRASAS RESTAURANT AND BAR,False,True,1
BRASS NEW YORK / TUSKBAR,BRASS NEW YORK TUSKBAR,BRASS NEW YORK TUSKBAR,,BRASS NEW YORK TUSKBAR,False,True,1
BRASSERIE FOUQUET'S / ELYSEE'S / TITSOU BAR / LE VAUX ROOFTOP,BRASSERIE FOUQUETS ELYSEES TITSOU BAR LE VAUX ROOFTOP,BRASSERIE FOUQUETS ELYSEES TITSOU BAR LE VAUX ROOFTOP,,BRASSERIE FOUQUETS ELYSEES TITSOU BAR LE VAUX ROOFTOP,False,True,1
BRAVO 56 BAR & GRILL,BRAVO 56 BAR AND GRILL,BRAVO 56 BAR AND GRILL,,BRAVO 56 BAR AND GRILL,False,True,1
"BRAVO KOSHER PIZZA, BRAVO KOSHER BURGER",BRAVO KOSHER PIZZA BRAVO KOSHER BURGER,BRAVO KOSHER PIZZA BRAVO KOSHER BURGER,,BRAVO KOSHER PIZZA BRAVO KOSHER BURGER,False,True,1
BREAD & BUTTER,BREAD AND BUTTER,BREAD AND BUTTER,,BREAD AND BUTTER,False,True,3
BREAD & JOE,BREAD AND JOE,BREAD AND JOE,,BREAD AND JOE,False,True,1
BREAD & SPREAD,BREAD AND SPREAD,BREAD AND SPREAD,,BREAD AND SPREAD,False,True,1
BREAD AND BUTTER,BREAD AND BUTTER,BREAD AND BUTTER,,BREAD AND BUTTER,False,True,1
BREAK BAR & BILLARDS,BREAK BAR AND BILLARDS,BREAK BAR AND BILLARDS,,BREAK BAR AND BILLARDS,False,True,1
BREEZY HILL ORCHARD/STONE RIDGE ORCHARD,BREEZY HILL ORCHARD STONE RIDGE ORCHARD,BREEZY HILL ORCHARD STONE RIDGE ORCHARD,,BREEZY HILL ORCHARD STONE RIDGE ORCHARD,False,True,1
BRENNAN & CARR,BRENNAN AND CARR,BRENNAN AND CARR,,BRENNAN AND CARR,False,True,1
BREW AND BITE,BREW AND BITE,BREW AND BITE,,BREW AND BITE,False,True,1
BREWSKI'S BAR & GRILL,BREWSKIS BAR AND GRILL,BREWSKIS BAR AND GRILL,,BREWSKIS BAR AND GRILL,False,True,1
BRIANNAS PIZZERIA AND SPANISH FOOD,BRIANNAS PIZZERIA AND SPANISH FOOD,BRIANNAS PIZZERIA AND SPANISH FOOD,,BRIANNAS PIZZERIA AND SPANISH FOOD,False,True,1
BRICKTOWN BAGELS & CAFE,BRICKTOWN BAGELS AND CAFE,BRICKTOWN BAGELS AND CAFE,,BRICKTOWN BAGELS AND CAFE,False,True,1
"BRIDGELALL, RITA",BRIDGELALL RITA,BRIDGELALL RITA,,BRIDGELALL RITA,False,True,1
BROADSTONE BAR & KITCHEN,BROADSTONE BAR AND KITCHEN,BROADSTONE BAR AND KITCHEN,,BROADSTONE BAR AND KITCHEN,False,True,1
BROADWAY DELI & CAFE,BROADWAY DELI AND CAFE,BROADWAY DELI AND CAFE,,BROADWAY DELI AND CAFE,False,True,1
BROADWAY PIZZA & PASTA,BROADWAY PIZZA AND PASTA,BROADWAY PIZZA AND PASTA,,BROADWAY PIZZA AND PASTA,False,True,1
BROADWAYS BAR & GRILL CORP.,BROADWAYS BAR AND GRILL,BROADWAYS BAR AND GRILL,,BROADWAYS BAR AND GRILL,False,True,1
BRONI & BELLE’S PIZZERIA,BRONI AND BELLES PIZZERIA,BRONI AND BELLES PIZZERIA,,BRONI AND BELLES PIZZERIA,False,True,1
BROOK AVENUE DELI & PIZZA,BROOK AVENUE DELI AND PIZZA,BROOK AVENUE DELI AND PIZZA,,BROOK AVENUE DELI AND PIZZA,False,True,1
BROOKLYN BAGEL & COFFEE CO.,BROOKLYN BAGEL AND COFFEE CO,BROOKLYN BAGEL AND COFFEE CO,,BROOKLYN BAGEL AND COFFEE CO,False,True,1
BROOKLYN BAGEL & COFFEE COMPANY,BROOKLYN BAGEL AND COFFEE COMPANY,BROOKLYN BAGEL AND COFFEE COMPANY,,BROOKLYN BAGEL AND COFFEE COMPANY,False,True,4
BROOKLYN BANGERS & DOGS,BROOKLYN BANGERS AND DOGS,BROOKLYN BANGERS AND DOGS,,BROOKLYN BANGERS AND DOGS,False,True,2
BROOKLYN BITES DELI AND GRILL CORP.,BROOKLYN BITES DELI AND GRILL,BROOKLYN BITES DELI AND GRILL,,BROOKLYN BITES DELI AND GRILL,False,True,1
BROOKLYN BURGERS & BEER,BROOKLYN BURGERS AND BEER,BROOKLYN BURGERS AND BEER,,BROOKLYN BURGERS AND BEER,False,True,1
BROOKLYN CAFE & EATERY,BROOKLYN CAFE AND EATERY,BROOKLYN CAFE AND EATERY,,BROOKLYN CAFE AND EATERY,False,True,1
BROOKLYN DELI CB24/SHAKE SHACK CB26,BROOKLYN DELI CB24 SHAKE SHACK CB26,BROOKLYN DELI CB24 SHAKE SHACK CB26,SHAKE SHACK,BROOKLYN DELI CB24 SHAKE SHACK CB26,False,True,1
BROOKLYN DUMPLING SHOP/VIBES BBQ,BROOKLYN DUMPLING SHOP VIBES BBQ,BROOKLYN DUMPLING SHOP VIBES BBQ,,BROOKLYN DUMPLING SHOP VIBES BBQ,False,True,1
BROOKLYN FARMACY & SODA FOUNTAIN,BROOKLYN FARMACY AND SODA FOUNTAIN,BROOKLYN FARMACY AND SODA FOUNTAIN,,BROOKLYN FARMACY AND SODA FOUNTAIN,False,True,1
BROOKLYN FINEST SOUL FOOD AND CARIBBEAN RESTAURANT INC,BROOKLYN FINEST SOUL FOOD AND CARIBBEAN RESTAURANT,BROOKLYN FINEST SOUL FOOD AND CARIBBEAN RESTAURANT,,BROOKLYN FINEST SOUL FOOD AND CARIBBEAN RESTAURANT,False,True,1
BROOKLYN PIZZA & WINGS,BROOKLYN PIZZA AND WINGS,BROOKLYN PIZZA AND WINGS,,BROOKLYN PIZZA AND WINGS,False,True,1
"BROOKLYN REBEL , BENTO (FOOD CORT)",BROOKLYN REBEL BENTO FOOD CORT,BROOKLYN REBEL BENTO FOOD CORT,,BROOKLYN REBEL BENTO FOOD CORT,False,True,1
BROOKLYN SAFEHOUSE / EDEN'S,BROOKLYN SAFEHOUSE EDENS,BROOKLYN SAFEHOUSE EDENS,,BROOKLYN SAFEHOUSE EDENS,False,True,1
BROOKLYN TEA & MARKET,BROOKLYN TEA AND MARKET,BROOKLYN TEA AND MARKET,,BROOKLYN TEA AND MARKET,False,True,1
BROOKLYNS FINEST PIZZA & RESTAURANT,BROOKLYNS FINEST PIZZA AND RESTAURANT,BROOKLYNS FINEST PIZZA AND RESTAURANT,,BROOKLYNS FINEST PIZZA AND RESTAURANT,False,True,1
BROWNSVILLE NITA FISH AND FRY,BROWNSVILLE NITA FISH AND FRY,BROWNSVILLE NITA FISH AND FRY,,BROWNSVILLE NITA FISH AND FRY,False,True,1
BUA THAI RAMEN & ROBATA GRILL,BUA THAI RAMEN AND ROBATA GRILL,BUA THAI RAMEN AND ROBATA GRILL,,BUA THAI RAMEN AND ROBATA GRILL,False,True,1
BUCK-IT SPORTS BAR AND LATIN GRILL,BUCK IT SPORTS BAR AND LATIN GRILL,BUCK IT SPORTS BAR AND LATIN GRILL,,BUCK IT SPORTS BAR AND LATIN GRILL,False,True,1
BUCKLEY'S BAR & RESTAURANT,BUCKLEYS BAR AND RESTAURANT,BUCKLEYS BAR AND RESTAURANT,,BUCKLEYS BAR AND RESTAURANT,False,True,1
BUDDA KITCHEN & BAR,BUDDA KITCHEN AND BAR,BUDDA KITCHEN AND BAR,,BUDDA KITCHEN AND BAR,False,True,1
BUDDY'S BURRITO & TACO BAR,BUDDYS BURRITO AND TACO BAR,BUDDYS BURRITO AND TACO BAR,,BUDDYS BURRITO AND TACO BAR,False,True,1
BUENA VISTA RESTAURANT & BAR,BUENA VISTA RESTAURANT AND BAR,BUENA VISTA RESTAURANT AND BAR,,BUENA VISTA RESTAURANT AND BAR,False,True,1
BUFF PATTY RESTAURANT & BAKERY,BUFF PATTY RESTAURANT AND BAKERY,BUFF PATTY RESTAURANT AND BAKERY,,BUFF PATTY RESTAURANT AND BAKERY,False,True,1
BUFFALO WILD WINGS / PEETS COFFEE & TEA / BENTO SUSHI,BUFFALO WILD WINGS PEETS COFFEE AND TEA BENTO SUSHI,BUFFALO WILD WINGS PEETS COFFEE AND TEA BENTO SUSHI,,BUFFALO WILD WINGS PEETS COFFEE AND TEA BENTO SUSHI,False,True,1
BUFFALO WINGS PIZZA & CHICKEN,BUFFALO WINGS PIZZA AND CHICKEN,BUFFALO WINGS PIZZA AND CHICKEN,,BUFFALO WINGS PIZZA AND CHICKEN,False,True,1
BUFFALO WINGS PIZZA AND CHICKEN,BUFFALO WINGS PIZZA AND CHICKEN,BUFFALO WINGS PIZZA AND CHICKEN,,BUFFALO WINGS PIZZA AND CHICKEN,False,True,1
BUN & BEYOND,BUN AND BEYOND,BUN AND BEYOND,,BUN AND BEYOND,False,True,1
BUN & BONE,BUN AND BONE,BUN AND BONE,,BUN AND BONE,False,True,1
BUNGALOW BAR & RESTAURANT,BUNGALOW BAR AND RESTAURANT,BUNGALOW BAR AND RESTAURANT,,BUNGALOW BAR AND RESTAURANT,False,True,1
BUNNY & BRO COFFEE,BUNNY AND BRO COFFEE,BUNNY AND BRO COFFEE,,BUNNY AND BRO COFFEE,False,True,1
BUONGIORNO BAGELS & CAFE,BUONGIORNO BAGELS AND CAFE,BUONGIORNO BAGELS AND CAFE,,BUONGIORNO BAGELS AND CAFE,False,True,1
BURGER & LOBSTER,BURGER AND LOBSTER,BURGER AND LOBSTER,,BURGER AND LOBSTER,False,True,1
BURGER & SHAKE CO,BURGER AND SHAKE CO,BURGER AND SHAKE CO,,BURGER AND SHAKE CO,False,True,1
BURGER AND PIZZA HEIGHTS,BURGER AND PIZZA HEIGHTS,BURGER AND PIZZA HEIGHTS,,BURGER AND PIZZA HEIGHTS,False,True,1
BURGERS & BEER,BURGERS AND BEER,BURGERS AND BEER,,BURGERS AND BEER,False,True,1
BURGERS AND GRILL,BURGERS AND GRILL,BURGERS AND GRILL,,BURGERS AND GRILL,False,True,1
BURGERS AND TACOS ON LEX,BURGERS AND TACOS ON LEX,BURGERS AND TACOS ON LEX,,BURGERS AND TACOS ON LEX,False,True,1
BURGERS TACOS WINGS & SEAFOOD,BURGERS TACOS WINGS AND SEAFOOD,BURGERS TACOS WINGS AND SEAFOOD,,BURGERS TACOS WINGS AND SEAFOOD,False,True,1
BURMESE BITES / C BAO,BURMESE BITES C BAO,BURMESE BITES C BAO,,BURMESE BITES C BAO,False,True,1
BURNSIDE RESTAURANT & LOUNGE,BURNSIDE RESTAURANT AND LOUNGE,BURNSIDE RESTAURANT AND LOUNGE,,BURNSIDE RESTAURANT AND LOUNGE,False,True,1
BURRITO LOCO DELI & GROCERY,BURRITO LOCO DELI AND GROCERY,BURRITO LOCO DELI AND GROCERY,,BURRITO LOCO DELI AND GROCERY,False,True,1
BX CREPES & WAFFLES,BX CREPES AND WAFFLES,BX CREPES AND WAFFLES,,BX CREPES AND WAFFLES,False,True,1
BX FRIED CHICKEN & PIZZA,BX FRIED CHICKEN AND PIZZA,BX FRIED CHICKEN AND PIZZA,,BX FRIED CHICKEN AND PIZZA,False,True,1
BY & BY,BY AND BY,BY AND BY,,BY AND BY,False,True,1
Baguettes & Co,BAGUETTES AND CO,BAGUETTES AND CO,,BAGUETTES AND CO,False,True,1
Bellhop Bar & Restaurant,BELLHOP BAR AND RESTAURANT,BELLHOP BAR AND RESTAURANT,,BELLHOP BAR AND RESTAURANT,False,True,1
Big Blue Seafood & Grill,BIG BLUE SEAFOOD AND GRILL,BIG BLUE SEAFOOD AND GRILL,,BIG BLUE SEAFOOD AND GRILL,False,True,1
Brooklyn Counter - F & B Kiosks and support spaces,BROOKLYN COUNTER F AND B KIOSKS AND SUPPORT SPACES,BROOKLYN COUNTER F AND B KIOSKS AND SUPPORT SPACES,,BROOKLYN COUNTER F AND B KIOSKS AND SUPPORT SPACES,False,True,1
C & B,C AND B,C AND B,,C AND B,False,True,1
C & C CATERING,C AND C CATERING,C AND C CATERING,,C AND C CATERING,False,True,1
C & C ITALIAN DELI,C AND C ITALIAN DELI,C AND C ITALIAN DELI,,C AND C ITALIAN DELI,False,True,1
C & J CAFE NO 1,C AND J CAFE NO 1,C AND J CAFE NO 1,,C AND J CAFE NO 1,False,True,1
C & L NEW YORK TRADING INC,C AND L NEW YORK TRADING,C AND L NEW YORK TRADING,,C AND L NEW YORK TRADING,False,True,1
C & T CUISINE,C AND T CUISINE,C AND T CUISINE,,C AND T CUISINE,False,True,1
C BAR & LOUNGE,C BAR AND LOUNGE,C BAR AND LOUNGE,,C BAR AND LOUNGE,False,True,1
"C I CULINARY EXPERIENCE,PBC",C I CULINARY EXPERIENCE PBC,C I CULINARY EXPERIENCE PBC,,C I CULINARY EXPERIENCE PBC,False,True,1
C&B LUNCHEONETTE,C AND B LUNCHEONETTE,C AND B LUNCHEONETTE,,C AND B LUNCHEONETTE,False,True,1
CACIO & PEPE,CACIO AND PEPE,CACIO AND PEPE,,CACIO AND PEPE,False,True,1
CAFE 58 PIZZERIA & GRILL,CAFE 58 PIZZERIA AND GRILL,CAFE 58 PIZZERIA AND GRILL,,CAFE 58 PIZZERIA AND GRILL,False,True,1
CAFE 98 / AL LEGACY ENTERPRISES,CAFE 98 AL LEGACY ENTERPRISES,CAFE 98 AL LEGACY ENTERPRISES,,CAFE 98 AL LEGACY ENTERPRISES,False,True,1
CAFE BLISS & ORGANIC JUICE BAR,CAFE BLISS AND ORGANIC JUICE BAR,CAFE BLISS AND ORGANIC JUICE BAR,,CAFE BLISS AND ORGANIC JUICE BAR,False,True,1
"CAFE BUUNNI, GWB INC.",CAFE BUUNNI GWB,CAFE BUUNNI GWB,,CAFE BUUNNI GWB,False,True,1
CAFE COLONIAL RESTAURANT & GRILL,CAFE COLONIAL RESTAURANT AND GRILL,CAFE COLONIAL RESTAURANT AND GRILL,,CAFE COLONIAL RESTAURANT AND GRILL,False,True,1
CAFE D'ANVERS/MOJO DESSERTS,CAFE DANVERS MOJO DESSERTS,CAFE DANVERS MOJO DESSERTS,,CAFE DANVERS MOJO DESSERTS,False,True,1
CAFE LA MORENA & DELI,CAFE LA MORENA AND DELI,CAFE LA MORENA AND DELI,,CAFE LA MORENA AND DELI,False,True,1
CAFE LANDWER/LE PATIO,CAFE LANDWER LE PATIO,CAFE LANDWER LE PATIO,,CAFE LANDWER LE PATIO,False,True,1
CAFE MIOMIO / BAR MUTSUMI,CAFE MIOMIO BAR MUTSUMI,CAFE MIOMIO BAR MUTSUMI,,CAFE MIOMIO BAR MUTSUMI,False,True,1
"CAFE ON 5TH, STERLING AFFAIR",CAFE ON 5TH STERLING AFFAIR,CAFE ON 5TH STERLING AFFAIR,,CAFE ON 5TH STERLING AFFAIR,False,True,1
CAFE RUBIO SPORTS BAR & RESTAURANT,CAFE RUBIO SPORTS BAR AND RESTAURANT,CAFE RUBIO SPORTS BAR AND RESTAURANT,,CAFE RUBIO SPORTS BAR AND RESTAURANT,False,True,1
CAFE SABARSKY / NEUE GALERIE,CAFE SABARSKY NEUE GALERIE,CAFE SABARSKY NEUE GALERIE,,CAFE SABARSKY NEUE GALERIE,False,True,1
CAFE-FLOR / BAR 21,CAFE FLOR BAR 21,CAFE FLOR BAR 21,,CAFE FLOR BAR 21,False,True,1
CAFE1 & CAFE 4 (AMERICAN MUSEUM OF NATURAL HISTORY),CAFE1 AND CAFE 4 AMERICAN MUSEUM OF NATURAL HISTORY,CAFE1 AND CAFE 4 AMERICAN MUSEUM OF NATURAL HISTORY,,CAFE1 AND CAFE 4 AMERICAN MUSEUM OF NATURAL HISTORY,False,True,1
CAFETERIA/MAIN KITCHEN,CAFETERIA MAIN KITCHEN,CAFETERIA MAIN KITCHEN,,CAFETERIA MAIN KITCHEN,False,True,1
CAFFE DELICE / FLORA / CINNABON,CAFFE DELICE FLORA CINNABON,CAFFE DELICE FLORA CINNABON,CINNABON,CAFFE DELICE FLORA CINNABON,False,True,1
CALI TAJADAS BAKERY & RESTAURANT,CALI TAJADAS BAKERY AND RESTAURANT,CALI TAJADAS BAKERY AND RESTAURANT,,CALI TAJADAS BAKERY AND RESTAURANT,False,True,2
CALIBELLA BAKERY & PIQUETEADERO,CALIBELLA BAKERY AND PIQUETEADERO,CALIBELLA BAKERY AND PIQUETEADERO,,CALIBELLA BAKERY AND PIQUETEADERO,False,True,1
CALYER CAFE & KITCHEN,CALYER CAFE AND KITCHEN,CALYER CAFE AND KITCHEN,,CALYER CAFE AND KITCHEN,False,True,1
CANAAN BAKERY & CAFE,CANAAN BAKERY AND CAFE,CANAAN BAKERY AND CAFE,,CANAAN BAKERY AND CAFE,False,True,1
CANARSIE FISH AND CHIPS,CANARSIE FISH AND CHIPS,CANARSIE FISH AND CHIPS,,CANARSIE FISH AND CHIPS,False,True,1
CANAS RESTAURANT AND BAR,CANAS RESTAURANT AND BAR,CANAS RESTAURANT AND BAR,,CANAS RESTAURANT AND BAR,False,True,1
CANCUN BAR & RESTAURANT MEXICAN GRILL,CANCUN BAR AND RESTAURANT MEXICAN GRILL,CANCUN BAR AND RESTAURANT MEXICAN GRILL,,CANCUN BAR AND RESTAURANT MEXICAN GRILL,False,True,1
CANELO'S DELI & RESTAURANT,CANELOS DELI AND RESTAURANT,CANELOS DELI AND RESTAURANT,,CANELOS DELI AND RESTAURANT,False,True,1
CANTEEN M / COFFEE M,CANTEEN M COFFEE M,CANTEEN M COFFEE M,,CANTEEN M COFFEE M,False,True,1
CANTINA SUNDOWN/KAIROS GREEK STREET FOOD,CANTINA SUNDOWN KAIROS GREEK STREET FOOD,CANTINA SUNDOWN KAIROS GREEK STREET FOOD,,CANTINA SUNDOWN KAIROS GREEK STREET FOOD,False,True,1
CANTINA TAQUERIA & TEQUILA BAR,CANTINA TAQUERIA AND TEQUILA BAR,CANTINA TAQUERIA AND TEQUILA BAR,,CANTINA TAQUERIA AND TEQUILA BAR,False,True,1
CANTINA TAQUERIA & TEQUILIA BAR,CANTINA TAQUERIA AND TEQUILIA BAR,CANTINA TAQUERIA AND TEQUILIA BAR,,CANTINA TAQUERIA AND TEQUILIA BAR,False,True,1
CAPITAL ONE 59TH & LEXINGTON,CAPITAL ONE 59TH AND LEXINGTON,CAPITAL ONE 59TH AND LEXINGTON,,CAPITAL ONE 59TH AND LEXINGTON,False,True,1
CAPTAIN'S CAFE / CAPTAIN'S BAR & GRILL,CAPTAINS CAFE CAPTAINS BAR AND GRILL,CAPTAINS CAFE CAPTAINS BAR AND GRILL,,CAPTAINS CAFE CAPTAINS BAR AND GRILL,False,True,1
CARAMBA BAR & GRILL,CARAMBA BAR AND GRILL,CARAMBA BAR AND GRILL,,CARAMBA BAR AND GRILL,False,True,1
CARAVAN RESTAURANT & COFFEE SHOP,CARAVAN RESTAURANT AND COFFEE SHOP,CARAVAN RESTAURANT AND COFFEE SHOP,,CARAVAN RESTAURANT AND COFFEE SHOP,False,True,1
CARIB SEAFOOD RESTAURANT & BAR,CARIB SEAFOOD RESTAURANT AND BAR,CARIB SEAFOOD RESTAURANT AND BAR,,CARIB SEAFOOD RESTAURANT AND BAR,False,True,1
CARIBBEAN BITES & WEST INDIAN CUISINE,CARIBBEAN BITES AND WEST INDIAN CUISINE,CARIBBEAN BITES AND WEST INDIAN CUISINE,,CARIBBEAN BITES AND WEST INDIAN CUISINE,False,True,1
CARIBBEAN CABANA RESTAURANT & LOUNGE,CARIBBEAN CABANA RESTAURANT AND LOUNGE,CARIBBEAN CABANA RESTAURANT AND LOUNGE,,CARIBBEAN CABANA RESTAURANT AND LOUNGE,False,True,1
CARIBBEAN RESTAURANT & SPORTS BAR,CARIBBEAN RESTAURANT AND SPORTS BAR,CARIBBEAN RESTAURANT AND SPORTS BAR,,CARIBBEAN RESTAURANT AND SPORTS BAR,False,True,1
CARIBBEAN VIBES JAMAICAN RESTAURANT AND BAKERY,CARIBBEAN VIBES JAMAICAN RESTAURANT AND BAKERY,CARIBBEAN VIBES JAMAICAN RESTAURANT AND BAKERY,,CARIBBEAN VIBES JAMAICAN RESTAURANT AND BAKERY,False,True,1
CARIDAD & LOUIE'S RESTAURANT,CARIDAD AND LOUIES RESTAURANT,CARIDAD AND LOUIES RESTAURANT,,CARIDAD AND LOUIES RESTAURANT,False,True,2
CARLOS AND GABBY'S,CARLOS AND GABBYS,CARLOS AND GABBYS,,CARLOS AND GABBYS,False,True,1
CARMEN'S KITCHEN / 2 BROS PIZZA,CARMENS KITCHEN 2 BROS PIZZA,CARMENS KITCHEN 2 BROS PIZZA,,CARMENS KITCHEN 2 BROS PIZZA,False,True,1
CARMINE'S / VIRGIL'S,CARMINES VIRGILS,CARMINES VIRGILS,,CARMINES VIRGILS,False,True,1
CARNEGIE DINER & CAFE,CARNEGIE DINER AND CAFE,CARNEGIE DINER AND CAFE,,CARNEGIE DINER AND CAFE,False,True,1
CARNEGIE DINER & CAFE/DELOS GREEK RESTAURANT/ CARNEGIE CATERING,CARNEGIE DINER AND CAFE DELOS GREEK RESTAURANT CARNEGIE CATERING,CARNEGIE DINER AND CAFE DELOS GREEK RESTAURANT CARNEGIE CATERING,,CARNEGIE DINER AND CAFE DELOS GREEK RESTAURANT CARNEGIE CATERING,False,True,1
CARNEGIE DINER AND CAFE,CARNEGIE DINER AND CAFE,CARNEGIE DINER AND CAFE,,CARNEGIE DINER AND CAFE,False,True,2
CARRY ON TEA & SYMPATHY,CARRY ON TEA AND SYMPATHY,CARRY ON TEA AND SYMPATHY,,CARRY ON TEA AND SYMPATHY,False,True,1
CARVERSTEAK (1FL)/ROSEVALE(2FL)/ STARCHILD (27FL),CARVERSTEAK 1FL ROSEVALE 2FL STARCHILD 27FL,CARVERSTEAK 1FL ROSEVALE 2FL STARCHILD 27FL,,CARVERSTEAK 1FL ROSEVALE 2FL STARCHILD 27FL,False,True,1
CAS' WEST INDIAN & AMERICAN RESTAURANT,CAS WEST INDIAN AND AMERICAN RESTAURANT,CAS WEST INDIAN AND AMERICAN RESTAURANT,,CAS WEST INDIAN AND AMERICAN RESTAURANT,False,True,1
CASA CLEMA RESTAURANT & BAR,CASA CLEMA RESTAURANT AND BAR,CASA CLEMA RESTAURANT AND BAR,,CASA CLEMA RESTAURANT AND BAR,False,True,1
CASA MONO / BAR JAMON,CASA MONO BAR JAMON,CASA MONO BAR JAMON,,CASA MONO BAR JAMON,False,True,1
CASA RAYMI RESTAURANT BAR & LOUNGE CORP,CASA RAYMI RESTAURANT BAR AND LOUNGE,CASA RAYMI RESTAURANT BAR AND LOUNGE,,CASA RAYMI RESTAURANT BAR AND LOUNGE,False,True,1
CASA REYES KITCHEN & TABLES INC,CASA REYES KITCHEN AND TABLES,CASA REYES KITCHEN AND TABLES,,CASA REYES KITCHEN AND TABLES,False,True,1
CASA TUYA BAR & KITCHEN,CASA TUYA BAR AND KITCHEN,CASA TUYA BAR AND KITCHEN,,CASA TUYA BAR AND KITCHEN,False,True,1
CASCARINO'S / SHAKE N SWIRL,CASCARINOS SHAKE N SWIRL,CASCARINOS SHAKE N SWIRL,,CASCARINOS SHAKE N SWIRL,False,True,1
CASTLE WEST BAR & GRILL INC,CASTLE WEST BAR AND GRILL,CASTLE WEST BAR AND GRILL,,CASTLE WEST BAR AND GRILL,False,True,1
CATCH & CRUNCH INC,CATCH AND CRUNCH,CATCH AND CRUNCH,,CATCH AND CRUNCH,False,True,1
CATHEDRALE / THE READY CANTINA / ALPHABET / LITTLE SISTER LOUNGE,CATHEDRALE THE READY CANTINA ALPHABET LITTLE SISTER LOUNGE,CATHEDRALE THE READY CANTINA ALPHABET LITTLE SISTER LOUNGE,,CATHEDRALE THE READY CANTINA ALPHABET LITTLE SISTER LOUNGE,False,True,1
CD RESTAURANT AND BAR,CD RESTAURANT AND BAR,CD RESTAURANT AND BAR,,CD RESTAURANT AND BAR,False,True,1
"CECCONI'S, THE CLUB, MAGIC ROOM",CECCONIS THE CLUB MAGIC ROOM,CECCONIS THE CLUB MAGIC ROOM,,CECCONIS THE CLUB MAGIC ROOM,False,True,1
CELEBRITY LIFESTYLE BAR & LOUNGE LLC,CELEBRITY LIFESTYLE BAR AND LOUNGE,CELEBRITY LIFESTYLE BAR AND LOUNGE,,CELEBRITY LIFESTYLE BAR AND LOUNGE,False,True,1
CELESTIAL/ THE BATEAUX,CELESTIAL THE BATEAUX,CELESTIAL THE BATEAUX,,CELESTIAL THE BATEAUX,False,True,1
CELLO WINE & COCKTAIL BISTRO,CELLO WINE AND COCKTAIL BISTRO,CELLO WINE AND COCKTAIL BISTRO,,CELLO WINE AND COCKTAIL BISTRO,False,True,1
CELON BAR & LOUNGE,CELON BAR AND LOUNGE,CELON BAR AND LOUNGE,,CELON BAR AND LOUNGE,False,True,1
CEO KTV & BAR,CEO KTV AND BAR,CEO KTV AND BAR,,CEO KTV AND BAR,False,True,2
CESTRA'S PIZZERIA & RESTAURANT,CESTRAS PIZZERIA AND RESTAURANT,CESTRAS PIZZERIA AND RESTAURANT,,CESTRAS PIZZERIA AND RESTAURANT,False,True,1
CHA &,CHA AND,CHA AND,,CHA AND,False,True,1
CHACHA BHATIJA SWEETS & SNACKS,CHACHA BHATIJA SWEETS AND SNACKS,CHACHA BHATIJA SWEETS AND SNACKS,,CHACHA BHATIJA SWEETS AND SNACKS,False,True,1
CHAPIYORK DELI GROCERY AND RESTAURANT,CHAPIYORK DELI GROCERY AND RESTAURANT,CHAPIYORK DELI GROCERY AND RESTAURANT,,CHAPIYORK DELI GROCERY AND RESTAURANT,False,True,1
CHARCOALGRILL & MODERN BUFFET,CHARCOALGRILL AND MODERN BUFFET,CHARCOALGRILL AND MODERN BUFFET,,CHARCOALGRILL AND MODERN BUFFET,False,True,1
CHARLEYS CHEESESTEAK & WINGS,CHARLEYS CHEESESTEAK AND WINGS,CHARLEYS CHEESESTEAK AND WINGS,,CHARLEYS CHEESESTEAK AND WINGS,False,True,1
CHARLEYS PHILLY CHEESE STEAK&WINGS,CHARLEYS PHILLY CHEESE STEAK AND WINGS,CHARLEYS PHILLY CHEESE STEAK AND WINGS,,CHARLEYS PHILLY CHEESE STEAK AND WINGS,False,True,1
CHARLIES BAR & KITCHEN,CHARLIES BAR AND KITCHEN,CHARLIES BAR AND KITCHEN,,CHARLIES BAR AND KITCHEN,False,True,1
"CHARTWELLS AT PACE, 2ND FLOOR",CHARTWELLS AT PACE 2ND FLOOR,CHARTWELLS AT PACE 2ND FLOOR,,CHARTWELLS AT PACE 2ND FLOOR,False,True,1
"CHARTWELLS AT PACE, 6TH FLOOR",CHARTWELLS AT PACE 6TH FLOOR,CHARTWELLS AT PACE 6TH FLOOR,,CHARTWELLS AT PACE 6TH FLOOR,False,True,1
"CHEEKY SANDWICHES, LLC",CHEEKY SANDWICHES,CHEEKY SANDWICHES,,CHEEKY SANDWICHES,False,True,1
CHEERS SMOOTHIES AND JUICES,CHEERS SMOOTHIES AND JUICES,CHEERS SMOOTHIES AND JUICES,,CHEERS SMOOTHIES AND JUICES,False,True,1
"CHEF ON-SITE MOBILE CATERING, LLC",CHEF ON SITE MOBILE CATERING,CHEF ON SITE MOBILE CATERING,,CHEF ON SITE MOBILE CATERING,False,True,1
CHELA & GARNACHA,CHELA AND GARNACHA,CHELA AND GARNACHA,,CHELA AND GARNACHA,False,True,1
CHELSEA BAGEL & PIZZERIA,CHELSEA BAGEL AND PIZZERIA,CHELSEA BAGEL AND PIZZERIA,,CHELSEA BAGEL AND PIZZERIA,False,True,1
CHELSEA PIERS GOLF BAR AND LOUNGEQ,CHELSEA PIERS GOLF BAR AND LOUNGEQ,CHELSEA PIERS GOLF BAR AND LOUNGEQ,,CHELSEA PIERS GOLF BAR AND LOUNGEQ,False,True,1
"CHELSEA PIERS, LP @ CHELSEA PIERS FITNESS",CHELSEA PIERS LP CHELSEA PIERS FITNESS,CHELSEA PIERS LP CHELSEA PIERS FITNESS,,CHELSEA PIERS LP CHELSEA PIERS FITNESS,False,True,1
CHELSEA TABLE AND STAGE,CHELSEA TABLE AND STAGE,CHELSEA TABLE AND STAGE,,CHELSEA TABLE AND STAGE,False,True,1
CHELTON'S BAR & GRILLE (DOUBLETREE BY HILTON),CHELTONS BAR AND GRILLE DOUBLETREE BY HILTON,CHELTONS BAR AND GRILLE DOUBLETREE BY HILTON,,CHELTONS BAR AND GRILLE DOUBLETREE BY HILTON,False,True,1
"CHEROKEE NATION MANAGEMENT & CONSULTING, L.L.C.",CHEROKEE NATION MANAGEMENT AND CONSULTING L L C,CHEROKEE NATION MANAGEMENT AND CONSULTING L L C,,CHEROKEE NATION MANAGEMENT AND CONSULTING L L C,False,True,1
CHERRY VALLEY DELI & GRILL,CHERRY VALLEY DELI AND GRILL,CHERRY VALLEY DELI AND GRILL,,CHERRY VALLEY DELI AND GRILL,False,True,1
CHI RESTAURANT & BAR,CHI RESTAURANT AND BAR,CHI RESTAURANT AND BAR,,CHI RESTAURANT AND BAR,False,True,1
CHIANGMAI DINER & BAR,CHIANGMAI DINER AND BAR,CHIANGMAI DINER AND BAR,,CHIANGMAI DINER AND BAR,False,True,1
CHIANTI SPORTS BAR & RESTAURANT CORP.,CHIANTI SPORTS BAR AND RESTAURANT,CHIANTI SPORTS BAR AND RESTAURANT,,CHIANTI SPORTS BAR AND RESTAURANT,False,True,1
CHICA & THE DON,CHICA AND THE DON,CHICA AND THE DON,,CHICA AND THE DON,False,True,1
"CHICK-FIL-A, INC.",CHICK FIL A,CHICK FIL A,CHICK FIL A,CHICK FIL A,False,True,1
CHICKEN & FRIES,CHICKEN AND FRIES,CHICKEN AND FRIES,,CHICKEN AND FRIES,False,True,1
CHICKEN & SMASH BURGER,CHICKEN AND SMASH BURGER,CHICKEN AND SMASH BURGER,,CHICKEN AND SMASH BURGER,False,True,1
"CHICKEN, FRIES CONCESSION",CHICKEN FRIES CONCESSION,CHICKEN FRIES CONCESSION,,CHICKEN FRIES CONCESSION,False,True,2
CHICKEN/FRIES CONCESSION,CHICKEN FRIES CONCESSION,CHICKEN FRIES CONCESSION,,CHICKEN FRIES CONCESSION,False,True,1
CHILI'S GRILL & BAR,CHILIS GRILL AND BAR,CHILIS GRILL AND BAR,,CHILIS GRILL AND BAR,False,True,2
CHINESE TUXEDO / PEACHY'S,CHINESE TUXEDO PEACHYS,CHINESE TUXEDO PEACHYS,,CHINESE TUXEDO PEACHYS,False,True,1
CHINGALE/ROAM,CHINGALE ROAM,CHINGALE ROAM,,CHINGALE ROAM,False,True,1
CHOBAN PITA & GRILL,CHOBAN PITA AND GRILL,CHOBAN PITA AND GRILL,,CHOBAN PITA AND GRILL,False,True,1
CHOICE MARKET BAR AND RESTAURANT,CHOICE MARKET BAR AND RESTAURANT,CHOICE MARKET BAR AND RESTAURANT,,CHOICE MARKET BAR AND RESTAURANT,False,True,1
CHOLULA DELI AND GRILL,CHOLULA DELI AND GRILL,CHOLULA DELI AND GRILL,,CHOLULA DELI AND GRILL,False,True,1
CHOP & GO,CHOP AND GO,CHOP AND GO,,CHOP AND GO,False,True,8
CHUBBY BURGERS & CHICKEN,CHUBBY BURGERS AND CHICKEN,CHUBBY BURGERS AND CHICKEN,,CHUBBY BURGERS AND CHICKEN,False,True,1
CHUNG MOO ROLL RICE & DONGA,CHUNG MOO ROLL RICE AND DONGA,CHUNG MOO ROLL RICE AND DONGA,,CHUNG MOO ROLL RICE AND DONGA,False,True,1
"CIAO, GLORIA",CIAO GLORIA,CIAO GLORIA,,CIAO GLORIA,False,True,1
CIBAO JUICE & RESTAURANT,CIBAO JUICE AND RESTAURANT,CIBAO JUICE AND RESTAURANT,,CIBAO JUICE AND RESTAURANT,False,True,1
"CIBO EXPRESS GOURMET MARKET, SALOTTO",CIBO EXPRESS GOURMET MARKET SALOTTO,CIBO EXPRESS GOURMET MARKET SALOTTO,,CIBO EXPRESS GOURMET MARKET SALOTTO,False,True,1
CIBO EXPRESS GOURMET/JAMBA,CIBO EXPRESS GOURMET JAMBA,CIBO EXPRESS GOURMET JAMBA,JAMBA,CIBO EXPRESS GOURMET JAMBA,False,True,1
CINCO ESTRELLAS BAR AND RESTAURANT,CINCO ESTRELLAS BAR AND RESTAURANT,CINCO ESTRELLAS BAR AND RESTAURANT,,CINCO ESTRELLAS BAR AND RESTAURANT,False,True,1
CIRCLE LINE LIBERTY (Sat and Sun in Fall),CIRCLE LINE LIBERTY SAT AND SUN IN FALL,CIRCLE LINE LIBERTY SAT AND SUN IN FALL,,CIRCLE LINE LIBERTY SAT AND SUN IN FALL,False,True,1
CIRCLE PIZZA & RESTAURANT,CIRCLE PIZZA AND RESTAURANT,CIRCLE PIZZA AND RESTAURANT,,CIRCLE PIZZA AND RESTAURANT,False,True,1
"CITI FIELD - MISTER SOFTEE, STAND 131",CITI FIELD MISTER SOFTEE STAND 131,CITI FIELD MISTER SOFTEE STAND 131,,CITI FIELD MISTER SOFTEE STAND 131,False,True,1
"CITI FIELD - PIG BEACH, STAND 135",CITI FIELD PIG BEACH STAND 135,CITI FIELD PIG BEACH STAND 135,,CITI FIELD PIG BEACH STAND 135,False,True,1
"CITI FIELD BUD ISLAND, STAND 140",CITI FIELD BUD ISLAND STAND 140,CITI FIELD BUD ISLAND STAND 140,,CITI FIELD BUD ISLAND STAND 140,False,True,1
"CITI FIELD COCA COLA CORNER 301, 303",CITI FIELD COCA COLA CORNER 301 303,CITI FIELD COCA COLA CORNER 301 303,,CITI FIELD COCA COLA CORNER 301 303,False,True,1
CITI FIELD GOYA NACHOS & BURRITOS STAND 414,CITI FIELD GOYA NACHOS AND BURRITOS STAND 414,CITI FIELD GOYA NACHOS AND BURRITOS STAND 414,,CITI FIELD GOYA NACHOS AND BURRITOS STAND 414,False,True,1
CITI FIELD HOT DOG & FRIES,CITI FIELD HOT DOG AND FRIES,CITI FIELD HOT DOG AND FRIES,,CITI FIELD HOT DOG AND FRIES,False,True,1
"CITI FIELD HOT PASTRAMI ON RYE, STAND 126",CITI FIELD HOT PASTRAMI ON RYE STAND 126,CITI FIELD HOT PASTRAMI ON RYE STAND 126,,CITI FIELD HOT PASTRAMI ON RYE STAND 126,False,True,1
"CITI FIELD HYUNDAI CLUB, STAND 119",CITI FIELD HYUNDAI CLUB STAND 119,CITI FIELD HYUNDAI CLUB STAND 119,,CITI FIELD HYUNDAI CLUB STAND 119,False,True,1
CITI FIELD PAT LAFRIEDA/KOSHER GRILL - STAND 142,CITI FIELD PAT LAFRIEDA KOSHER GRILL STAND 142,CITI FIELD PAT LAFRIEDA KOSHER GRILL STAND 142,,CITI FIELD PAT LAFRIEDA KOSHER GRILL STAND 142,False,True,1
CITI FIELD STERLING KITCHEN/CHOP HOUSE,CITI FIELD STERLING KITCHEN CHOP HOUSE,CITI FIELD STERLING KITCHEN CHOP HOUSE,,CITI FIELD STERLING KITCHEN CHOP HOUSE,False,True,1
"CITY ISLAND DINER , SNUG BAR",CITY ISLAND DINER SNUG BAR,CITY ISLAND DINER SNUG BAR,,CITY ISLAND DINER SNUG BAR,False,True,1
CITY LINE PIZZA & PASTA,CITY LINE PIZZA AND PASTA,CITY LINE PIZZA AND PASTA,,CITY LINE PIZZA AND PASTA,False,True,1
CITY TAVERN & TABLE,CITY TAVERN AND TABLE,CITY TAVERN AND TABLE,,CITY TAVERN AND TABLE,False,True,1
CITY VIEW ROOFTOP BAR & LOUNGE,CITY VIEW ROOFTOP BAR AND LOUNGE,CITY VIEW ROOFTOP BAR AND LOUNGE,,CITY VIEW ROOFTOP BAR AND LOUNGE,False,True,1
"CITY VINEYARD, LLC",CITY VINEYARD,CITY VINEYARD,,CITY VINEYARD,False,True,1
CJ'S BAR & LOUNGE,CJS BAR AND LOUNGE,CJS BAR AND LOUNGE,,CJS BAR AND LOUNGE,False,True,1
CLARKE'S CAKES & COOKIES,CLARKES CAKES AND COOKIES,CLARKES CAKES AND COOKIES,,CLARKES CAKES AND COOKIES,False,True,1
CLAUDIO'S PIZZA & PASTA,CLAUDIOS PIZZA AND PASTA,CLAUDIOS PIZZA AND PASTA,,CLAUDIOS PIZZA AND PASTA,False,True,1
CLAYTON DUBILIER & RICE,CLAYTON DUBILIER AND RICE,CLAYTON DUBILIER AND RICE,,CLAYTON DUBILIER AND RICE,False,True,1
CLOVER SMOOTHIE & TEA,CLOVER SMOOTHIE AND TEA,CLOVER SMOOTHIE AND TEA,,CLOVER SMOOTHIE AND TEA,False,True,2
CNY BAGEL & PIZZA SHOP,CNY BAGEL AND PIZZA SHOP,CNY BAGEL AND PIZZA SHOP,,CNY BAGEL AND PIZZA SHOP,False,True,1
COBBLESTONE PUB/BIERGARTEN/BLACK STAR COFFEE,COBBLESTONE PUB BIERGARTEN BLACK STAR COFFEE,COBBLESTONE PUB BIERGARTEN BLACK STAR COFFEE,,COBBLESTONE PUB BIERGARTEN BLACK STAR COFFEE,False,True,1
COCO BUBBLE TEA / CRAB HOUSE TIME SQUARE / PRONTO PASTA,COCO BUBBLE TEA CRAB HOUSE TIME SQUARE PRONTO PASTA,COCO BUBBLE TEA CRAB HOUSE TIME SQUARE PRONTO PASTA,,COCO BUBBLE TEA CRAB HOUSE TIME SQUARE PRONTO PASTA,False,True,1
COCO FRESH TEA & JUICE,COCO FRESH TEA AND JUICE,COCO FRESH TEA AND JUICE,,COCO FRESH TEA AND JUICE,False,True,7
COCO KING CHICKEN HOTPOT / NAMPO SIZZLING POT,COCO KING CHICKEN HOTPOT NAMPO SIZZLING POT,COCO KING CHICKEN HOTPOT NAMPO SIZZLING POT,,COCO KING CHICKEN HOTPOT NAMPO SIZZLING POT,False,True,1
COCOA BEAN JUICE AND SALAD BAR,COCOA BEAN JUICE AND SALAD BAR,COCOA BEAN JUICE AND SALAD BAR,,COCOA BEAN JUICE AND SALAD BAR,False,True,1
COCONUT PALM BAR AND GRILL,COCONUT PALM BAR AND GRILL,COCONUT PALM BAR AND GRILL,,COCONUT PALM BAR AND GRILL,False,True,1
COFFEE & CAVIAR,COFFEE AND CAVIAR,COFFEE AND CAVIAR,,COFFEE AND CAVIAR,False,True,1
COFFEE & CHISME,COFFEE AND CHISME,COFFEE AND CHISME,,COFFEE AND CHISME,False,True,2
COFFEE & COLLECTIBLES,COFFEE AND COLLECTIBLES,COFFEE AND COLLECTIBLES,,COFFEE AND COLLECTIBLES,False,True,1
COFFEE & DONUTS,COFFEE AND DONUTS,COFFEE AND DONUTS,,COFFEE AND DONUTS,False,True,1
COFFEE & FLOWERS,COFFEE AND FLOWERS,COFFEE AND FLOWERS,,COFFEE AND FLOWERS,False,True,1
COFFEE & GREEN,COFFEE AND GREEN,COFFEE AND GREEN,,COFFEE AND GREEN,False,True,1
COFFEE & SOCIAL CLUB,COFFEE AND SOCIAL CLUB,COFFEE AND SOCIAL CLUB,,COFFEE AND SOCIAL CLUB,False,True,1
COFFEE + COCKTAILS / LE COIN NYC / SAISHIN,COFFEE COCKTAILS LE COIN NYC SAISHIN,COFFEE COCKTAILS LE COIN NYC SAISHIN,,COFFEE COCKTAILS LE COIN NYC SAISHIN,False,True,1
COFFEE BAR / ATRIUM,COFFEE BAR ATRIUM,COFFEE BAR ATRIUM,,COFFEE BAR ATRIUM,False,True,1
COFFEE CONNECTION & CONVENIENCE INC.,COFFEE CONNECTION AND CONVENIENCE,COFFEE CONNECTION AND CONVENIENCE,,COFFEE CONNECTION AND CONVENIENCE,False,True,1
COFFEE MOB BAR & ROASTERY,COFFEE MOB BAR AND ROASTERY,COFFEE MOB BAR AND ROASTERY,,COFFEE MOB BAR AND ROASTERY,False,True,1
COLD STONE CREAMERY/WETZEL'S PRETZELS,COLD STONE CREAMERY WETZELS PRETZELS,COLD STONE CREAMERY WETZELS PRETZELS,WETZELS PRETZELS,COLD STONE CREAMERY WETZELS PRETZELS,False,True,1
COLLAGE BISTRO & BAR,COLLAGE BISTRO AND BAR,COLLAGE BISTRO AND BAR,,COLLAGE BISTRO AND BAR,False,True,1
COLLECTIVE FARE KITCHEN & MARKET,COLLECTIVE FARE KITCHEN AND MARKET,COLLECTIVE FARE KITCHEN AND MARKET,,COLLECTIVE FARE KITCHEN AND MARKET,False,True,1
"COLUMBIA UNIVERSITY BAKER ATHLETICS COMPLEX, STAND #1",COLUMBIA UNIVERSITY BAKER ATHLETICS COMPLEX STAND,COLUMBIA UNIVERSITY BAKER ATHLETICS COMPLEX STAND,,COLUMBIA UNIVERSITY BAKER ATHLETICS COMPLEX STAND,False,True,1
"COLUMBIA UNIVERSITY BAKER ATHLETICS COMPLEX, STAND #2",COLUMBIA UNIVERSITY BAKER ATHLETICS COMPLEX STAND,COLUMBIA UNIVERSITY BAKER ATHLETICS COMPLEX STAND,,COLUMBIA UNIVERSITY BAKER ATHLETICS COMPLEX STAND,False,True,1
"COLUMBIA UNIVERSITY BAKER ATHLETICS COMPLEX, STAND #3",COLUMBIA UNIVERSITY BAKER ATHLETICS COMPLEX STAND,COLUMBIA UNIVERSITY BAKER ATHLETICS COMPLEX STAND,,COLUMBIA UNIVERSITY BAKER ATHLETICS COMPLEX STAND,False,True,1
COME AND GET SUM,COME AND GET SUM,COME AND GET SUM,,COME AND GET SUM,False,True,1
COMFORT INN & SUITES,COMFORT INN AND SUITES,COMFORT INN AND SUITES,,COMFORT INN AND SUITES,False,True,1
COMIDA MEXICANA BAR & GRILL,COMIDA MEXICANA BAR AND GRILL,COMIDA MEXICANA BAR AND GRILL,,COMIDA MEXICANA BAR AND GRILL,False,True,1
COMMUNITY FOOD AND JUICE,COMMUNITY FOOD AND JUICE,COMMUNITY FOOD AND JUICE,,COMMUNITY FOOD AND JUICE,False,True,1
"COMPASS GROUP USA, INC. @ WELLS FARGO",COMPASS GROUP USA INC WELLS FARGO,COMPASS GROUP USA INC WELLS FARGO,,COMPASS GROUP USA INC WELLS FARGO,False,True,1
COMPLETE BODY & SPA,COMPLETE BODY AND SPA,COMPLETE BODY AND SPA,,COMPLETE BODY AND SPA,False,True,1
CONCOURSE PIZZA & PASTA,CONCOURSE PIZZA AND PASTA,CONCOURSE PIZZA AND PASTA,,CONCOURSE PIZZA AND PASTA,False,True,1
CONEY CONES / LUNA PARK AT STILLWELL AVENUE,CONEY CONES LUNA PARK AT STILLWELL AVENUE,CONEY CONES LUNA PARK AT STILLWELL AVENUE,,CONEY CONES LUNA PARK AT STILLWELL AVENUE,False,True,1
CONGEE VILLAGE RESTAURANT & BAR OF FLUSHING,CONGEE VILLAGE RESTAURANT AND BAR OF FLUSHING,CONGEE VILLAGE RESTAURANT AND BAR OF FLUSHING,,CONGEE VILLAGE RESTAURANT AND BAR OF FLUSHING,False,True,1
"CONRAD MIDTOWN (RESTAURANT, BAR/STORAGE)",CONRAD MIDTOWN RESTAURANT BAR STORAGE,CONRAD MIDTOWN RESTAURANT BAR STORAGE,,CONRAD MIDTOWN RESTAURANT BAR STORAGE,False,True,1
CONSTANTINE RESTAURANT & BAR,CONSTANTINE RESTAURANT AND BAR,CONSTANTINE RESTAURANT AND BAR,,CONSTANTINE RESTAURANT AND BAR,False,True,1
CONTINENT BROOKLYN / ALIYA / BROOK & LYN EATING,CONTINENT BROOKLYN ALIYA BROOK AND LYN EATING,CONTINENT BROOKLYN ALIYA BROOK AND LYN EATING,,CONTINENT BROOKLYN ALIYA BROOK AND LYN EATING,False,True,1
CONTINENTAL LUNCHEONETTE & DELI,CONTINENTAL LUNCHEONETTE AND DELI,CONTINENTAL LUNCHEONETTE AND DELI,,CONTINENTAL LUNCHEONETTE AND DELI,False,True,1
COO COO CACHOO / ARTISAN,COO COO CACHOO ARTISAN,COO COO CACHOO ARTISAN,,COO COO CACHOO ARTISAN,False,True,1
COO FRIED CHICKEN AND CAFE INC,COO FRIED CHICKEN AND CAFE,COO FRIED CHICKEN AND CAFE,,COO FRIED CHICKEN AND CAFE,False,True,1
COOKIES AND CREAM PASTRY SHOP,COOKIES AND CREAM PASTRY SHOP,COOKIES AND CREAM PASTRY SHOP,,COOKIES AND CREAM PASTRY SHOP,False,True,2
COOPER'S CRAFT & KITCHEN,COOPERS CRAFT AND KITCHEN,COOPERS CRAFT AND KITCHEN,,COOPERS CRAFT AND KITCHEN,False,True,1
COPA CABANA SEAFOOD AND BRUNCH,COPA CABANA SEAFOOD AND BRUNCH,COPA CABANA SEAFOOD AND BRUNCH,,COPA CABANA SEAFOOD AND BRUNCH,False,True,1
COPPER & OAK,COPPER AND OAK,COPPER AND OAK,,COPPER AND OAK,False,True,2
CORBET & CONLEY CATERERS,CORBET AND CONLEY CATERERS,CORBET AND CONLEY CATERERS,,CORBET AND CONLEY CATERERS,False,True,1
COREPRESS STUDIO & JUICE BAR,COREPRESS STUDIO AND JUICE BAR,COREPRESS STUDIO AND JUICE BAR,,COREPRESS STUDIO AND JUICE BAR,False,True,1
CORK & KALE (EVEN HOTEL NEW YORK-MIDTOWN EAST),CORK AND KALE EVEN HOTEL NEW YORK MIDTOWN EAST,CORK AND KALE EVEN HOTEL NEW YORK MIDTOWN EAST,,CORK AND KALE EVEN HOTEL NEW YORK MIDTOWN EAST,False,True,1
CORK & KALE AT EVEN HOTEL,CORK AND KALE AT EVEN HOTEL,CORK AND KALE AT EVEN HOTEL,,CORK AND KALE AT EVEN HOTEL,False,True,1
CORK & SLICE,CORK AND SLICE,CORK AND SLICE,,CORK AND SLICE,False,True,1
CORNER BAR / SWAN ROOM,CORNER BAR SWAN ROOM,CORNER BAR SWAN ROOM,,CORNER BAR SWAN ROOM,False,True,1
CORNERSTONE / THE STAG'S HEAD,CORNERSTONE THE STAGS HEAD,CORNERSTONE THE STAGS HEAD,,CORNERSTONE THE STAGS HEAD,False,True,1
CORONA KING RESTAURANT & BAR,CORONA KING RESTAURANT AND BAR,CORONA KING RESTAURANT AND BAR,,CORONA KING RESTAURANT AND BAR,False,True,1
CORPORATE CHEF CAFE & CATERING,CORPORATE CHEF CAFE AND CATERING,CORPORATE CHEF CAFE AND CATERING,,CORPORATE CHEF CAFE AND CATERING,False,True,1
CORRADO BREAD & PASTRY,CORRADO BREAD AND PASTRY,CORRADO BREAD AND PASTRY,,CORRADO BREAD AND PASTRY,False,True,1
COTE 550 / BAR CHIMERA,COTE 550 BAR CHIMERA,COTE 550 BAR CHIMERA,,COTE 550 BAR CHIMERA,False,True,1
COTTI COFFEE / VIVI TEA / MD FRIED CHICKEN,COTTI COFFEE VIVI TEA MD FRIED CHICKEN,COTTI COFFEE VIVI TEA MD FRIED CHICKEN,,COTTI COFFEE VIVI TEA MD FRIED CHICKEN,False,True,1
COTTO TRATTORIA/COTTO MARKET (CONCOURSE D),COTTO TRATTORIA COTTO MARKET CONCOURSE D,COTTO TRATTORIA COTTO MARKET CONCOURSE D,,COTTO TRATTORIA COTTO MARKET CONCOURSE D,False,True,1
COUNTER & BODEGA,COUNTER AND BODEGA,COUNTER AND BODEGA,,COUNTER AND BODEGA,False,True,1
COUNTRY LIFE JERK JAMAICAN & AMERICAN DISHES,COUNTRY LIFE JERK JAMAICAN AND AMERICAN DISHES,COUNTRY LIFE JERK JAMAICAN AND AMERICAN DISHES,,COUNTRY LIFE JERK JAMAICAN AND AMERICAN DISHES,False,True,1
"COURTYARD LONG ISLAND CITY, MANHATTAN VIEW",COURTYARD LONG ISLAND CITY MANHATTAN VIEW,COURTYARD LONG ISLAND CITY MANHATTAN VIEW,,COURTYARD LONG ISLAND CITY MANHATTAN VIEW,False,True,1
COUSIN JOHN'S CAKE & BAKERY,COUSIN JOHNS CAKE AND BAKERY,COUSIN JOHNS CAKE AND BAKERY,,COUSIN JOHNS CAKE AND BAKERY,False,True,1
COUSINS DELI & RESTAURANT,COUSINS DELI AND RESTAURANT,COUSINS DELI AND RESTAURANT,,COUSINS DELI AND RESTAURANT,False,True,1
COUSINS' PIZZA & PASTA,COUSINS PIZZA AND PASTA,COUSINS PIZZA AND PASTA,,COUSINS PIZZA AND PASTA,False,True,1
"CPCCO TSQ, LLC",CPCCO TSQ,CPCCO TSQ,,CPCCO TSQ,False,True,1
CRAFT & CARRY,CRAFT AND CARRY,CRAFT AND CARRY,,CRAFT AND CARRY,False,True,1
CRAFT EMPANADAS BY S&R,CRAFT EMPANADAS BY S AND R,CRAFT EMPANADAS BY S AND R,,CRAFT EMPANADAS BY S AND R,False,True,1
CRAVE FISH BAR/CRAVE SUSHI BAR,CRAVE FISH BAR CRAVE SUSHI BAR,CRAVE FISH BAR CRAVE SUSHI BAR,,CRAVE FISH BAR CRAVE SUSHI BAR,False,True,1
CREDIT LIFE BAR & GRILL,CREDIT LIFE BAR AND GRILL,CREDIT LIFE BAR AND GRILL,,CREDIT LIFE BAR AND GRILL,False,True,1
CREPE AND HOT CHOCOLATE BAR BY UNITED CHOCOLATE WORKS,CREPE AND HOT CHOCOLATE BAR BY UNITED CHOCOLATE WORKS,CREPE AND HOT CHOCOLATE BAR BY UNITED CHOCOLATE WORKS,,CREPE AND HOT CHOCOLATE BAR BY UNITED CHOCOLATE WORKS,False,True,1
CRIF DOGS / PLEASE DON'T TELL,CRIF DOGS PLEASE DONT TELL,CRIF DOGS PLEASE DONT TELL,,CRIF DOGS PLEASE DONT TELL,False,True,1
CRISP & CRUMB CORP.,CRISP AND CRUMB,CRISP AND CRUMB,,CRISP AND CRUMB,False,True,1
CRISPY BURGER / LAANKEE,CRISPY BURGER LAANKEE,CRISPY BURGER LAANKEE,,CRISPY BURGER LAANKEE,False,True,1
CROISSANT BAKERY & RESTAURANT,CROISSANT BAKERY AND RESTAURANT,CROISSANT BAKERY AND RESTAURANT,,CROISSANT BAKERY AND RESTAURANT,False,True,1
CRONIN & PHELAN'S,CRONIN AND PHELANS,CRONIN AND PHELANS,,CRONIN AND PHELANS,False,True,1
CROSSBAY DELI & GRILL,CROSSBAY DELI AND GRILL,CROSSBAY DELI AND GRILL,,CROSSBAY DELI AND GRILL,False,True,1
CROWN BAGELS & PIZZA,CROWN BAGELS AND PIZZA,CROWN BAGELS AND PIZZA,,CROWN BAGELS AND PIZZA,False,True,1
CROWN CHICKEN & DELI,CROWN CHICKEN AND DELI,CROWN CHICKEN AND DELI,,CROWN CHICKEN AND DELI,False,True,1
CROWN CHICKEN & GRILL,CROWN CHICKEN AND GRILL,CROWN CHICKEN AND GRILL,,CROWN CHICKEN AND GRILL,False,True,1
CROWN CHICKEN & PIZZA,CROWN CHICKEN AND PIZZA,CROWN CHICKEN AND PIZZA,,CROWN CHICKEN AND PIZZA,False,True,1
CROWN FRIED CHICKEN & PIZZA,CROWN FRIED CHICKEN AND PIZZA,CROWN FRIED CHICKEN AND PIZZA,,CROWN FRIED CHICKEN AND PIZZA,False,True,4
CROWN FRIED CHICKEN AND PIZZA FLAVOR INC,CROWN FRIED CHICKEN AND PIZZA FLAVOR,CROWN FRIED CHICKEN AND PIZZA FLAVOR,,CROWN FRIED CHICKEN AND PIZZA FLAVOR,False,True,1
"CROWN FRIED CHICKEN, PIZZA & COFFEE SHOP",CROWN FRIED CHICKEN PIZZA AND COFFEE SHOP,CROWN FRIED CHICKEN PIZZA AND COFFEE SHOP,,CROWN FRIED CHICKEN PIZZA AND COFFEE SHOP,False,True,1
CROWN GRILL & CHICKEN,CROWN GRILL AND CHICKEN,CROWN GRILL AND CHICKEN,,CROWN GRILL AND CHICKEN,False,True,1
CRUMBLY CAFE & BAKERY,CRUMBLY CAFE AND BAKERY,CRUMBLY CAFE AND BAKERY,,CRUMBLY CAFE AND BAKERY,False,True,2
CUCUMBER SUSHI & SALAD BAR,CUCUMBER SUSHI AND SALAD BAR,CUCUMBER SUSHI AND SALAD BAR,,CUCUMBER SUSHI AND SALAD BAR,False,True,1
CUGINI PIZZERIA & RESTAURANT,CUGINI PIZZERIA AND RESTAURANT,CUGINI PIZZERIA AND RESTAURANT,,CUGINI PIZZERIA AND RESTAURANT,False,True,1
"CULINART, INC.",CULINART,CULINART,,CULINART,False,True,1
CULL & PISTOL (LOBSTER PLACE),CULL AND PISTOL LOBSTER PLACE,CULL AND PISTOL LOBSTER PLACE,,CULL AND PISTOL LOBSTER PLACE,False,True,1
CULTURE BLEND BAR & GRILL,CULTURE BLEND BAR AND GRILL,CULTURE BLEND BAR AND GRILL,,CULTURE BLEND BAR AND GRILL,False,True,1
CUPS AND BOOKS,CUPS AND BOOKS,CUPS AND BOOKS,,CUPS AND BOOKS,False,True,1
CUPS AND CONES,CUPS AND CONES,CUPS AND CONES,,CUPS AND CONES,False,True,1
CUSTOM BURGER/PHILLY CHEESE STEAK,CUSTOM BURGER PHILLY CHEESE STEAK,CUSTOM BURGER PHILLY CHEESE STEAK,,CUSTOM BURGER PHILLY CHEESE STEAK,False,True,1
CUTS & SLICES,CUTS AND SLICES,CUTS AND SLICES,,CUTS AND SLICES,False,True,2
"CUTS & SLICES, INC -Queens",CUTS AND SLICES INC QUEENS,CUTS AND SLICES INC QUEENS,,CUTS AND SLICES INC QUEENS,False,True,1
CYPRESS CAFE & BAR,CYPRESS CAFE AND BAR,CYPRESS CAFE AND BAR,,CYPRESS CAFE AND BAR,False,True,1
Chances Caribbean Restaurant and Bakery,CHANCES CARIBBEAN RESTAURANT AND BAKERY,CHANCES CARIBBEAN RESTAURANT AND BAKERY,,CHANCES CARIBBEAN RESTAURANT AND BAKERY,False,True,1
Cornbread (behind/adjacent to Ideal),CORNBREAD BEHIND ADJACENT TO IDEAL,CORNBREAD BEHIND ADJACENT TO IDEAL,,CORNBREAD BEHIND ADJACENT TO IDEAL,False,True,1
D & B RESTAURANT II,D AND B RESTAURANT II,D AND B RESTAURANT II,,D AND B RESTAURANT II,False,True,1
D & B RESTAURANT III INC.,D AND B RESTAURANT III,D AND B RESTAURANT III,,D AND B RESTAURANT III,False,True,1
D & D COFFEE SHOP,D AND D COFFEE SHOP,D AND D COFFEE SHOP,,D AND D COFFEE SHOP,False,True,1
D & P 44TH FLOOR COFFEE BAR/MARKET,D AND P 44TH FLOOR COFFEE BAR MARKET,D AND P 44TH FLOOR COFFEE BAR MARKET,,D AND P 44TH FLOOR COFFEE BAR MARKET,False,True,1
D & P 51ST FLOOR CAFE,D AND P 51ST FLOOR CAFE,D AND P 51ST FLOOR CAFE,,D AND P 51ST FLOOR CAFE,False,True,1
D & P 52ND FLOOR,D AND P 52ND FLOOR,D AND P 52ND FLOOR,,D AND P 52ND FLOOR,False,True,1
D & P CAFE,D AND P CAFE,D AND P CAFE,,D AND P CAFE,False,True,1
D & S BAKERY,D AND S BAKERY,D AND S BAKERY,,D AND S BAKERY,False,True,1
D AND P RESTAURANT,D AND P RESTAURANT,D AND P RESTAURANT,,D AND P RESTAURANT,False,True,1
D APPETIZ RESTAURANT & CATERING,D APPETIZ RESTAURANT AND CATERING,D APPETIZ RESTAURANT AND CATERING,,D APPETIZ RESTAURANT AND CATERING,False,True,1
"D'ANGELO'S PIZZA, PANCHO'S MEXICAN RESTAURANT",DANGELOS PIZZA PANCHOS MEXICAN RESTAURANT,DANGELOS PIZZA PANCHOS MEXICAN RESTAURANT,,DANGELOS PIZZA PANCHOS MEXICAN RESTAURANT,False,True,1
D'ANNA'S PIZZA & DELI,DANNAS PIZZA AND DELI,DANNAS PIZZA AND DELI,,DANNAS PIZZA AND DELI,False,True,1
D'BICHOTE ANTOJITOS & MAS,DBICHOTE ANTOJITOS AND MAS,DBICHOTE ANTOJITOS AND MAS,,DBICHOTE ANTOJITOS AND MAS,False,True,1
D-GARDEN CARIBBEAN BAR & GRILL,D GARDEN CARIBBEAN BAR AND GRILL,D GARDEN CARIBBEAN BAR AND GRILL,,D GARDEN CARIBBEAN BAR AND GRILL,False,True,1
DA FRANCESCO PIZZA & CUCINA,DA FRANCESCO PIZZA AND CUCINA,DA FRANCESCO PIZZA AND CUCINA,,DA FRANCESCO PIZZA AND CUCINA,False,True,1
DADDYO'S BBQ & SPORTS BAR,DADDYOS BBQ AND SPORTS BAR,DADDYOS BBQ AND SPORTS BAR,,DADDYOS BBQ AND SPORTS BAR,False,True,1
DAGAN PIZZA & DAIRY RESTAURANT,DAGAN PIZZA AND DAIRY RESTAURANT,DAGAN PIZZA AND DAIRY RESTAURANT,,DAGAN PIZZA AND DAIRY RESTAURANT,False,True,1
DAILY DOSE JUICE BAR & CAFE,DAILY DOSE JUICE BAR AND CAFE,DAILY DOSE JUICE BAR AND CAFE,,DAILY DOSE JUICE BAR AND CAFE,False,True,1
DAISY'S JUICE BAR AND CAFE,DAISYS JUICE BAR AND CAFE,DAISYS JUICE BAR AND CAFE,,DAISYS JUICE BAR AND CAFE,False,True,1
DAISY'S PIZZA WINGS & BURGERS,DAISYS PIZZA WINGS AND BURGERS,DAISYS PIZZA WINGS AND BURGERS,,DAISYS PIZZA WINGS AND BURGERS,False,True,1
DAL & CHAL Premium Sweets,DAL AND CHAL PREMIUM SWEETS,DAL AND CHAL PREMIUM SWEETS,,DAL AND CHAL PREMIUM SWEETS,False,True,1
DALTON'S BAR & GRILL,DALTONS BAR AND GRILL,DALTONS BAR AND GRILL,,DALTONS BAR AND GRILL,False,True,1
DAMASCUS BREAD & BAKERY,DAMASCUS BREAD AND BAKERY,DAMASCUS BREAD AND BAKERY,,DAMASCUS BREAD AND BAKERY,False,True,1
DAN & JOHN'S WINGS,DAN AND JOHNS WINGS,DAN AND JOHNS WINGS,,DAN AND JOHNS WINGS,False,True,2
DAN AND JOHN'S WINGS,DAN AND JOHNS WINGS,DAN AND JOHNS WINGS,,DAN AND JOHNS WINGS,False,True,1
DAN'S BAKERY & ROTI HOUSE,DANS BAKERY AND ROTI HOUSE,DANS BAKERY AND ROTI HOUSE,,DANS BAKERY AND ROTI HOUSE,False,True,1
DANI PIZZA AND RESTAURANT,DANI PIZZA AND RESTAURANT,DANI PIZZA AND RESTAURANT,,DANI PIZZA AND RESTAURANT,False,True,1
DANIEL'S COFFEE AND MORE,DANIELS COFFEE AND MORE,DANIELS COFFEE AND MORE,,DANIELS COFFEE AND MORE,False,True,1
DANNY AND COOP'S,DANNY AND COOPS,DANNY AND COOPS,,DANNY AND COOPS,False,True,1
DANNY PIZZERIA & RESTAURANT,DANNY PIZZERIA AND RESTAURANT,DANNY PIZZERIA AND RESTAURANT,,DANNY PIZZERIA AND RESTAURANT,False,True,1
DANNY'S PIZZERIA & CAFE,DANNYS PIZZERIA AND CAFE,DANNYS PIZZERIA AND CAFE,,DANNYS PIZZERIA AND CAFE,False,True,1
DARBAR'S CHICKEN & RIBS,DARBARS CHICKEN AND RIBS,DARBARS CHICKEN AND RIBS,,DARBARS CHICKEN AND RIBS,False,True,1
DARJEELING KITCHEN & CAFE,DARJEELING KITCHEN AND CAFE,DARJEELING KITCHEN AND CAFE,,DARJEELING KITCHEN AND CAFE,False,True,1
DARO'S PIZZA & FRIED CHICKEN,DAROS PIZZA AND FRIED CHICKEN,DAROS PIZZA AND FRIED CHICKEN,,DAROS PIZZA AND FRIED CHICKEN,False,True,1
DARUCHINI RESTAURANT AND CAFE,DARUCHINI RESTAURANT AND CAFE,DARUCHINI RESTAURANT AND CAFE,,DARUCHINI RESTAURANT AND CAFE,False,True,1
DAVE & BUSTER'S,DAVE AND BUSTERS,DAVE AND BUSTERS,,DAVE AND BUSTERS,False,True,3
DAVE & BUSTERS,DAVE AND BUSTERS,DAVE AND BUSTERS,,DAVE AND BUSTERS,False,True,1
DAVID'S BAKERY AND PIZZA,DAVIDS BAKERY AND PIZZA,DAVIDS BAKERY AND PIZZA,,DAVIDS BAKERY AND PIZZA,False,True,1
"DAVIS, POLK, & WARDELL - 8TH & 11TH FL",DAVIS POLK AND WARDELL 8TH AND 11TH FL,DAVIS POLK AND WARDELL 8TH AND 11TH FL,,DAVIS POLK AND WARDELL 8TH AND 11TH FL,False,True,1
DAY & NIGHT CATERING HALL,DAY AND NIGHT CATERING HALL,DAY AND NIGHT CATERING HALL,,DAY AND NIGHT CATERING HALL,False,True,1
DAYGLOW / NITEGLOW,DAYGLOW NITEGLOW,DAYGLOW NITEGLOW,,DAYGLOW NITEGLOW,False,True,1
DEAR RUFINO TANQUERIA & BAR,DEAR RUFINO TANQUERIA AND BAR,DEAR RUFINO TANQUERIA AND BAR,,DEAR RUFINO TANQUERIA AND BAR,False,True,1
DEATH & CO.,DEATH AND CO,DEATH AND CO,,DEATH AND CO,False,True,1
DEATH AVENUE BAR & GRIL,DEATH AVENUE BAR AND GRIL,DEATH AVENUE BAR AND GRIL,,DEATH AVENUE BAR AND GRIL,False,True,1
DEERFIELD / CURE / NACL CAFE,DEERFIELD CURE NACL CAFE,DEERFIELD CURE NACL CAFE,,DEERFIELD CURE NACL CAFE,False,True,1
DEJA VU LOUNGE & BAR,DEJA VU LOUNGE AND BAR,DEJA VU LOUNGE AND BAR,,DEJA VU LOUNGE AND BAR,False,True,1
DELEON BAKERY & RESTAURANT,DELEON BAKERY AND RESTAURANT,DELEON BAKERY AND RESTAURANT,,DELEON BAKERY AND RESTAURANT,False,True,1
DELI & GRILL,DELI AND GRILL,DELI AND GRILL,,DELI AND GRILL,False,True,1
DELI DOROJ FRIED CHICKEN AND PIZZA,DELI DOROJ FRIED CHICKEN AND PIZZA,DELI DOROJ FRIED CHICKEN AND PIZZA,,DELI DOROJ FRIED CHICKEN AND PIZZA,False,True,1
DELICE & SARRASIN,DELICE AND SARRASIN,DELICE AND SARRASIN,,DELICE AND SARRASIN,False,True,1
DELICIAS PIZZA AND CHICKEN,DELICIAS PIZZA AND CHICKEN,DELICIAS PIZZA AND CHICKEN,,DELICIAS PIZZA AND CHICKEN,False,True,1
DELICIAS RESTAURANT & SEAFOOD,DELICIAS RESTAURANT AND SEAFOOD,DELICIAS RESTAURANT AND SEAFOOD,,DELICIAS RESTAURANT AND SEAFOOD,False,True,1
DELIGHTFUL BAKERY & CAFE,DELIGHTFUL BAKERY AND CAFE,DELIGHTFUL BAKERY AND CAFE,,DELIGHTFUL BAKERY AND CAFE,False,True,1
DELILICIOUS KITCHEN & CAFE,DELILICIOUS KITCHEN AND CAFE,DELILICIOUS KITCHEN AND CAFE,,DELILICIOUS KITCHEN AND CAFE,False,True,1
DEMO/GREENBERG'S BAGELS,DEMO GREENBERGS BAGELS,DEMO GREENBERGS BAGELS,GREENBERGS BAGELS,DEMO GREENBERGS BAGELS,False,True,1
DEMU FISH & MEAT,DEMU FISH AND MEAT,DEMU FISH AND MEAT,,DEMU FISH AND MEAT,False,True,1
"DEN SOCIAL, KARAOKE DUET",DEN SOCIAL KARAOKE DUET,DEN SOCIAL KARAOKE DUET,,DEN SOCIAL KARAOKE DUET,False,True,1
"DENO'S SNACK BAR, FAMIGLIA",DENOS SNACK BAR FAMIGLIA,DENOS SNACK BAR FAMIGLIA,,DENOS SNACK BAR FAMIGLIA,False,True,1
DESI KABAB & CURRY,DESI KABAB AND CURRY,DESI KABAB AND CURRY,,DESI KABAB AND CURRY,False,True,1
DEVIN'S FISH & CHIPS,DEVINS FISH AND CHIPS,DEVINS FISH AND CHIPS,,DEVINS FISH AND CHIPS,False,True,1
DEVINS FISH AND CHIPS,DEVINS FISH AND CHIPS,DEVINS FISH AND CHIPS,,DEVINS FISH AND CHIPS,False,True,1
DEVON & BLAKELY,DEVON AND BLAKELY,DEVON AND BLAKELY,,DEVON AND BLAKELY,False,True,2
DEVON AND BLAKELY,DEVON AND BLAKELY,DEVON AND BLAKELY,,DEVON AND BLAKELY,False,True,1
DH NOODLES/WHALE TEA,DH NOODLES WHALE TEA,DH NOODLES WHALE TEA,,DH NOODLES WHALE TEA,False,True,1
DHAKA SWEETS & RESTAURANT,DHAKA SWEETS AND RESTAURANT,DHAKA SWEETS AND RESTAURANT,,DHAKA SWEETS AND RESTAURANT,False,True,1
DIALOUGE / SUBTEXT,DIALOUGE SUBTEXT,DIALOUGE SUBTEXT,,DIALOUGE SUBTEXT,False,True,1
DICE & ACES SMOKE SHOP BAR & LOUNGE LLC,DICE AND ACES SMOKE SHOP BAR AND LOUNGE,DICE AND ACES SMOKE SHOP BAR AND LOUNGE,,DICE AND ACES SMOKE SHOP BAR AND LOUNGE,False,True,1
DICK & JANE'S BAR ROOM,DICK AND JANES BAR ROOM,DICK AND JANES BAR ROOM,,DICK AND JANES BAR ROOM,False,True,2
DICK AND JANE'S,DICK AND JANES,DICK AND JANES,,DICK AND JANES,False,True,1
DIEGO'S PIZZA & RESTAURANT,DIEGOS PIZZA AND RESTAURANT,DIEGOS PIZZA AND RESTAURANT,,DIEGOS PIZZA AND RESTAURANT,False,True,1
DILL & PARSLEY,DILL AND PARSLEY,DILL AND PARSLEY,,DILL AND PARSLEY,False,True,2
DILLINGERS PUB & GRILL,DILLINGERS PUB AND GRILL,DILLINGERS PUB AND GRILL,,DILLINGERS PUB AND GRILL,False,True,1
DIM SUM KING & BAKERY,DIM SUM KING AND BAKERY,DIM SUM KING AND BAKERY,,DIM SUM KING AND BAKERY,False,True,1
DIM SUM SAM DELI & BAKERY,DIM SUM SAM DELI AND BAKERY,DIM SUM SAM DELI AND BAKERY,,DIM SUM SAM DELI AND BAKERY,False,True,1
DINKIE'S KITCHEN & GRILL,DINKIES KITCHEN AND GRILL,DINKIES KITCHEN AND GRILL,,DINKIES KITCHEN AND GRILL,False,True,1
DIRTY TACO & TEQUILA,DIRTY TACO AND TEQUILA,DIRTY TACO AND TEQUILA,,DIRTY TACO AND TEQUILA,False,True,1
DISH FOOD & EVENTS,DISH FOOD AND EVENTS,DISH FOOD AND EVENTS,,DISH FOOD AND EVENTS,False,True,1
DITMARS BAR & GRILL,DITMARS BAR AND GRILL,DITMARS BAR AND GRILL,,DITMARS BAR AND GRILL,False,True,1
DITMARS DRAGON & PHOENIX,DITMARS DRAGON AND PHOENIX,DITMARS DRAGON AND PHOENIX,,DITMARS DRAGON AND PHOENIX,False,True,1
DJ CLUB INC KTV & LOUNGE,DJ CLUB INC KTV AND LOUNGE,DJ CLUB INC KTV AND LOUNGE,,DJ CLUB INC KTV AND LOUNGE,False,True,1
"DO , Cookie Dough Confection",DO COOKIE DOUGH CONFECTION,DO COOKIE DOUGH CONFECTION,,DO COOKIE DOUGH CONFECTION,False,True,1
DOCK & DINE CAFE,DOCK AND DINE CAFE,DOCK AND DINE CAFE,,DOCK AND DINE CAFE,False,True,1
DOG & BONE,DOG AND BONE,DOG AND BONE,,DOG AND BONE,False,True,1
DOLLY'S SWING & DIVE,DOLLYS SWING AND DIVE,DOLLYS SWING AND DIVE,,DOLLYS SWING AND DIVE,False,True,1
DOMAND'S ITALIAN GOURMET DELI & CATERERS,DOMANDS ITALIAN GOURMET DELI AND CATERERS,DOMANDS ITALIAN GOURMET DELI AND CATERERS,,DOMANDS ITALIAN GOURMET DELI AND CATERERS,False,True,1
DOMIMEXX PIZZA & BAKERY,DOMIMEXX PIZZA AND BAKERY,DOMIMEXX PIZZA AND BAKERY,,DOMIMEXX PIZZA AND BAKERY,False,True,1
DOMINICAN BAR & RESTAURANT,DOMINICAN BAR AND RESTAURANT,DOMINICAN BAR AND RESTAURANT,,DOMINICAN BAR AND RESTAURANT,False,True,1
DOMINICAN FLAVOR AND PIZZERIA,DOMINICAN FLAVOR AND PIZZERIA,DOMINICAN FLAVOR AND PIZZERIA,,DOMINICAN FLAVOR AND PIZZERIA,False,True,1
DOMINICK'S BAR & RESTAURANT,DOMINICKS BAR AND RESTAURANT,DOMINICKS BAR AND RESTAURANT,,DOMINICKS BAR AND RESTAURANT,False,True,1
"DOMODOMO KITCHEN, RAW BAR",DOMODOMO KITCHEN RAW BAR,DOMODOMO KITCHEN RAW BAR,,DOMODOMO KITCHEN RAW BAR,False,True,1
DON JULIO BAR & RESTAURANT,DON JULIO BAR AND RESTAURANT,DON JULIO BAR AND RESTAURANT,,DON JULIO BAR AND RESTAURANT,False,True,1
DONG BEI RESTAURANT & BAR,DONG BEI RESTAURANT AND BAR,DONG BEI RESTAURANT AND BAR,,DONG BEI RESTAURANT AND BAR,False,True,1
DONG WON SUSHI & TUNA,DONG WON SUSHI AND TUNA,DONG WON SUSHI AND TUNA,,DONG WON SUSHI AND TUNA,False,True,1
DORADO BAR & GRILL,DORADO BAR AND GRILL,DORADO BAR AND GRILL,,DORADO BAR AND GRILL,False,True,1
DORADO TAOCS & QUESADILLAS,DORADO TAOCS AND QUESADILLAS,DORADO TAOCS AND QUESADILLAS,,DORADO TAOCS AND QUESADILLAS,False,True,1
DOS TOROS/ZOROS (POST SECURITY),DOS TOROS ZOROS POST SECURITY,DOS TOROS ZOROS POST SECURITY,,DOS TOROS ZOROS POST SECURITY,False,True,1
DOUBLE DRINKS/DOUBLE TASTE,DOUBLE DRINKS DOUBLE TASTE,DOUBLE DRINKS DOUBLE TASTE,,DOUBLE DRINKS DOUBLE TASTE,False,True,1
DOUBLE TOP CHINA & TORTILLA TACO,DOUBLE TOP CHINA AND TORTILLA TACO,DOUBLE TOP CHINA AND TORTILLA TACO,,DOUBLE TOP CHINA AND TORTILLA TACO,False,True,1
DOUBLETREE BY HILTON / VUE 180 ROOFTOP BAR & LOUNGE,DOUBLETREE BY HILTON VUE 180 ROOFTOP BAR AND LOUNGE,DOUBLETREE BY HILTON VUE 180 ROOFTOP BAR AND LOUNGE,,DOUBLETREE BY HILTON VUE 180 ROOFTOP BAR AND LOUNGE,False,True,1
DOWLING'S / BEMELMANS BAR / CAFE CARLYLE / THE GALLERY,DOWLINGS BEMELMANS BAR CAFE CARLYLE THE GALLERY,DOWLINGS BEMELMANS BAR CAFE CARLYLE THE GALLERY,,DOWLINGS BEMELMANS BAR CAFE CARLYLE THE GALLERY,False,True,1
DOWNEY'S BAR & GRILL,DOWNEYS BAR AND GRILL,DOWNEYS BAR AND GRILL,,DOWNEYS BAR AND GRILL,False,True,1
DOWNTOWN MEDITERRANEAN KEBAB & GRILL INC.,DOWNTOWN MEDITERRANEAN KEBAB AND GRILL,DOWNTOWN MEDITERRANEAN KEBAB AND GRILL,,DOWNTOWN MEDITERRANEAN KEBAB AND GRILL,False,True,1
DREAM NYC RESTAURANT & LOUNGE,DREAM NYC RESTAURANT AND LOUNGE,DREAM NYC RESTAURANT AND LOUNGE,,DREAM NYC RESTAURANT AND LOUNGE,False,True,1
DRIFT BK RESTAURANT & LOUNGE,DRIFT BK RESTAURANT AND LOUNGE,DRIFT BK RESTAURANT AND LOUNGE,,DRIFT BK RESTAURANT AND LOUNGE,False,True,1
DRIP & BLEND,DRIP AND BLEND,DRIP AND BLEND,,DRIP AND BLEND,False,True,1
DRUMS AND FLATS,DRUMS AND FLATS,DRUMS AND FLATS,,DRUMS AND FLATS,False,True,1
DUAL TOWNE PLACE SUITES/SPRINGHILL SUITES,DUAL TOWNE PLACE SUITES SPRINGHILL SUITES,DUAL TOWNE PLACE SUITES SPRINGHILL SUITES,,DUAL TOWNE PLACE SUITES SPRINGHILL SUITES,False,True,1
DUBAI LOUNGE & RESTAURANT LLC,DUBAI LOUNGE AND RESTAURANT,DUBAI LOUNGE AND RESTAURANT,,DUBAI LOUNGE AND RESTAURANT,False,True,1
DUBAI PIZZA & GYRO,DUBAI PIZZA AND GYRO,DUBAI PIZZA AND GYRO,,DUBAI PIZZA AND GYRO,False,True,1
DUBUHAUS / HOWOO / MUSAEK,DUBUHAUS HOWOO MUSAEK,DUBUHAUS HOWOO MUSAEK,,DUBUHAUS HOWOO MUSAEK,False,True,1
DUE FRATELLI PIZZERIA & PASTA CORP.,DUE FRATELLI PIZZERIA AND PASTA,DUE FRATELLI PIZZERIA AND PASTA,,DUE FRATELLI PIZZERIA AND PASTA,False,True,1
DUMPLINGS & THINGS,DUMPLINGS AND THINGS,DUMPLINGS AND THINGS,,DUMPLINGS AND THINGS,False,True,1
DUNKIN / MICHAEL H. OLLIS FERRY BOATS TAVERN,DUNKIN MICHAEL H OLLIS FERRY BOATS TAVERN,DUNKIN MICHAEL H OLLIS FERRY BOATS TAVERN,DUNKIN,DUNKIN MICHAEL H OLLIS FERRY BOATS TAVERN,False,True,1
DUNKIN DONUTS / ELI'S ESSENTIALS + HH4L COMISSARY,DUNKIN DONUTS ELIS ESSENTIALS HH4L COMISSARY,DUNKIN DONUTS ELIS ESSENTIALS HH4L COMISSARY,DUNKIN,DUNKIN DONUTS ELIS ESSENTIALS HH4L COMISSARY,False,True,1
DUNKIN DONUTS/ SANDY GROUND FERRY BOATS TAVERN,DUNKIN DONUTS SANDY GROUND FERRY BOATS TAVERN,DUNKIN DONUTS SANDY GROUND FERRY BOATS TAVERN,DUNKIN,DUNKIN DONUTS SANDY GROUND FERRY BOATS TAVERN,False,True,1
DUNKIN DONUTS/GUY V. MOLINARI,DUNKIN DONUTS GUY V MOLINARI,DUNKIN DONUTS GUY V MOLINARI,DUNKIN,DUNKIN DONUTS GUY V MOLINARI,False,True,1
DUNKIN' / MARKET AT UHALL,DUNKIN MARKET AT UHALL,DUNKIN MARKET AT UHALL,DUNKIN,DUNKIN MARKET AT UHALL,False,True,1
"DUNKIN',' HUDSON NEWS",DUNKIN HUDSON NEWS,DUNKIN HUDSON NEWS,DUNKIN,DUNKIN HUDSON NEWS,False,True,1
DUNKIN'/HUDSON NEWS,DUNKIN HUDSON NEWS,DUNKIN HUDSON NEWS,DUNKIN,DUNKIN HUDSON NEWS,False,True,1
DUNKIN/ MAMA MIA'S PIZZA,DUNKIN MAMA MIAS PIZZA,DUNKIN MAMA MIAS PIZZA,DUNKIN,DUNKIN MAMA MIAS PIZZA,False,True,1
DUNKIN/DOROTHY DAY,DUNKIN DOROTHY DAY,DUNKIN DOROTHY DAY,DUNKIN,DUNKIN DOROTHY DAY,False,True,1
DUNKIN/MARCHI FERRY BOAT TAVERN,DUNKIN MARCHI FERRY BOAT TAVERN,DUNKIN MARCHI FERRY BOAT TAVERN,DUNKIN,DUNKIN MARCHI FERRY BOAT TAVERN,False,True,1
DUNKIN/SAMUEL I. NEWHOUSE FERRY BOATS TAVERN,DUNKIN SAMUEL I NEWHOUSE FERRY BOATS TAVERN,DUNKIN SAMUEL I NEWHOUSE FERRY BOATS TAVERN,DUNKIN,DUNKIN SAMUEL I NEWHOUSE FERRY BOATS TAVERN,False,True,1
DUNKIN/SPIRIT OF AMERICA SI FERRY,DUNKIN SPIRIT OF AMERICA SI FERRY,DUNKIN SPIRIT OF AMERICA SI FERRY,DUNKIN,DUNKIN SPIRIT OF AMERICA SI FERRY,False,True,1
DUST TIL DAWN BAR & RESTAURANT,DUST TIL DAWN BAR AND RESTAURANT,DUST TIL DAWN BAR AND RESTAURANT,,DUST TIL DAWN BAR AND RESTAURANT,False,True,1
DYCKMAN BAR & KITCHEN,DYCKMAN BAR AND KITCHEN,DYCKMAN BAR AND KITCHEN,,DYCKMAN BAR AND KITCHEN,False,True,1
DYNASTY DIM SUM / FLAME HIBACHI,DYNASTY DIM SUM FLAME HIBACHI,DYNASTY DIM SUM FLAME HIBACHI,,DYNASTY DIM SUM FLAME HIBACHI,False,True,1
DÄN BAKERY & CAFÉ,DAN BAKERY AND CAFE,DAN BAKERY AND CAFE,,DAN BAKERY AND CAFE,False,True,1
"E & E NOODLES, INC.",E AND E NOODLES,E AND E NOODLES,,E AND E NOODLES,False,True,1
E & K SUSHI HOUSE LLC,E AND K SUSHI HOUSE,E AND K SUSHI HOUSE,,E AND K SUSHI HOUSE,False,True,1
E & L BAKERY & COFFEE SHOP,E AND L BAKERY AND COFFEE SHOP,E AND L BAKERY AND COFFEE SHOP,,E AND L BAKERY AND COFFEE SHOP,False,True,1
E&A'S BAKE N BREW,E AND AS BAKE N BREW,E AND AS BAKE N BREW,,E AND AS BAKE N BREW,False,True,1
E&A’S BAKE N BREW,E AND AS BAKE N BREW,E AND AS BAKE N BREW,,E AND AS BAKE N BREW,False,True,1
E&C DELI & RESTAURANT LLC.,E AND C DELI AND RESTAURANT,E AND C DELI AND RESTAURANT,,E AND C DELI AND RESTAURANT,False,True,1
E&E MANAGING GROUP,E AND E MANAGING GROUP,E AND E MANAGING GROUP,,E AND E MANAGING GROUP,False,True,1
E&W KITCHEN AND CAFE,E AND W KITCHEN AND CAFE,E AND W KITCHEN AND CAFE,,E AND W KITCHEN AND CAFE,False,True,1
EAGLES BAR & GRILL,EAGLES BAR AND GRILL,EAGLES BAR AND GRILL,,EAGLES BAR AND GRILL,False,True,1
EAST CATERING & RESTAURANT,EAST CATERING AND RESTAURANT,EAST CATERING AND RESTAURANT,,EAST CATERING AND RESTAURANT,False,True,1
EAST END BAR & GRILL,EAST END BAR AND GRILL,EAST END BAR AND GRILL,,EAST END BAR AND GRILL,False,True,1
EASTPOINT / DOWNTIME,EASTPOINT DOWNTIME,EASTPOINT DOWNTIME,,EASTPOINT DOWNTIME,False,True,1
"EAT & GO ISTANBUL, NEW YORK (GATE 6)",EAT AND GO ISTANBUL NEW YORK GATE 6,EAT AND GO ISTANBUL NEW YORK GATE 6,,EAT AND GO ISTANBUL NEW YORK GATE 6,False,True,1
EATALY RESTAURANT & GRAB & GO(GATE 9),EATALY RESTAURANT AND GRAB AND GO GATE 9,EATALY RESTAURANT AND GRAB AND GO GATE 9,,EATALY RESTAURANT AND GRAB AND GO GATE 9,False,True,1
EBENEZER RESTAURANT & PIZZERIA,EBENEZER RESTAURANT AND PIZZERIA,EBENEZER RESTAURANT AND PIZZERIA,,EBENEZER RESTAURANT AND PIZZERIA,False,True,1
ECB / THE SPACE NEXT DOOR BY ECB,ECB THE SPACE NEXT DOOR BY ECB,ECB THE SPACE NEXT DOOR BY ECB,,ECB THE SPACE NEXT DOOR BY ECB,False,True,1
"ECLIPSE SPORTS BAR, LLC",ECLIPSE SPORTS BAR,ECLIPSE SPORTS BAR,,ECLIPSE SPORTS BAR,False,True,1
EDDY'S FRESH BREAKFAST & LUNCH,EDDYS FRESH BREAKFAST AND LUNCH,EDDYS FRESH BREAKFAST AND LUNCH,,EDDYS FRESH BREAKFAST AND LUNCH,False,True,1
EDGE RESTAURANT & LOUNGE,EDGE RESTAURANT AND LOUNGE,EDGE RESTAURANT AND LOUNGE,,EDGE RESTAURANT AND LOUNGE,False,True,1
EDUAR2 TACO & PIZZA,EDUAR2 TACO AND PIZZA,EDUAR2 TACO AND PIZZA,,EDUAR2 TACO AND PIZZA,False,True,1
EDWARD LUNCH & RESTAURANT,EDWARD LUNCH AND RESTAURANT,EDWARD LUNCH AND RESTAURANT,,EDWARD LUNCH AND RESTAURANT,False,True,1
EFFY'S CAFE & PATISSERIE,EFFYS CAFE AND PATISSERIE,EFFYS CAFE AND PATISSERIE,,EFFYS CAFE AND PATISSERIE,False,True,1
EGG & SOY,EGG AND SOY,EGG AND SOY,,EGG AND SOY,False,True,1
EGGY WEGGY / ESSEX BURGER,EGGY WEGGY ESSEX BURGER,EGGY WEGGY ESSEX BURGER,,EGGY WEGGY ESSEX BURGER,False,True,1
EJ BBQ & SUSHI,EJ BBQ AND SUSHI,EJ BBQ AND SUSHI,,EJ BBQ AND SUSHI,False,True,1
EKOSFERE BAKERY & COFFEE SHOP,EKOSFERE BAKERY AND COFFEE SHOP,EKOSFERE BAKERY AND COFFEE SHOP,,EKOSFERE BAKERY AND COFFEE SHOP,False,True,1
EL ARCOIRIS GROCERY AND RESTAURANT 4 CORP,EL ARCOIRIS GROCERY AND RESTAURANT 4,EL ARCOIRIS GROCERY AND RESTAURANT 4,,EL ARCOIRIS GROCERY AND RESTAURANT 4,False,True,1
EL CABRON TACOS AND MARISCOS,EL CABRON TACOS AND MARISCOS,EL CABRON TACOS AND MARISCOS,,EL CABRON TACOS AND MARISCOS,False,True,1
EL CALDERO RESTAURANT & SPORT BAR,EL CALDERO RESTAURANT AND SPORT BAR,EL CALDERO RESTAURANT AND SPORT BAR,,EL CALDERO RESTAURANT AND SPORT BAR,False,True,1
EL CARNALITO BARRAGAN RESTAURANT & DELI,EL CARNALITO BARRAGAN RESTAURANT AND DELI,EL CARNALITO BARRAGAN RESTAURANT AND DELI,,EL CARNALITO BARRAGAN RESTAURANT AND DELI,False,True,1
EL CONDE BAR & GRILL,EL CONDE BAR AND GRILL,EL CONDE BAR AND GRILL,,EL CONDE BAR AND GRILL,False,True,2
EL DORADO RESTAURANTE BAR AND GRILL,EL DORADO RESTAURANTE BAR AND GRILL,EL DORADO RESTAURANTE BAR AND GRILL,,EL DORADO RESTAURANTE BAR AND GRILL,False,True,1
EL DURO LOUNGE - TETEO ROOM AND CUISINE,EL DURO LOUNGE TETEO ROOM AND CUISINE,EL DURO LOUNGE TETEO ROOM AND CUISINE,,EL DURO LOUNGE TETEO ROOM AND CUISINE,False,True,1
"EL JEFE BURGER, INC.",EL JEFE BURGER,EL JEFE BURGER,,EL JEFE BURGER,False,True,1
EL MEKKAH BAR & GRILL,EL MEKKAH BAR AND GRILL,EL MEKKAH BAR AND GRILL,,EL MEKKAH BAR AND GRILL,False,True,1
EL MEXICANO RESTAURANT & CAFE #4,EL MEXICANO RESTAURANT AND CAFE,EL MEXICANO RESTAURANT AND CAFE,,EL MEXICANO RESTAURANT AND CAFE,False,True,1
EL MEXICANO RESTAURANTE & CAFFEE 2 CORPORATION,EL MEXICANO RESTAURANTE AND CAFFEE 2,EL MEXICANO RESTAURANTE AND CAFFEE 2,,EL MEXICANO RESTAURANTE AND CAFFEE 2,False,True,1
EL MEXICANO RESTAURANTE AND CAFE,EL MEXICANO RESTAURANTE AND CAFE,EL MEXICANO RESTAURANTE AND CAFE,,EL MEXICANO RESTAURANTE AND CAFE,False,True,1
EL MILAGRO RESTAURANT AND GRILL INC.,EL MILAGRO RESTAURANT AND GRILL,EL MILAGRO RESTAURANT AND GRILL,,EL MILAGRO RESTAURANT AND GRILL,False,True,1
EL NUEVO SALINAS BAR & RESTAURANT,EL NUEVO SALINAS BAR AND RESTAURANT,EL NUEVO SALINAS BAR AND RESTAURANT,,EL NUEVO SALINAS BAR AND RESTAURANT,False,True,1
EL PARAISO RESTAURANT & SPORTS BAR,EL PARAISO RESTAURANT AND SPORTS BAR,EL PARAISO RESTAURANT AND SPORTS BAR,,EL PARAISO RESTAURANT AND SPORTS BAR,False,True,1
EL PASO PIZZERIA & DELI,EL PASO PIZZERIA AND DELI,EL PASO PIZZERIA AND DELI,,EL PASO PIZZERIA AND DELI,False,True,1
EL PATRON RESTAURANT & LOUNGE,EL PATRON RESTAURANT AND LOUNGE,EL PATRON RESTAURANT AND LOUNGE,,EL PATRON RESTAURANT AND LOUNGE,False,True,1
EL PATRON RESTAURANT & LOUNGE II,EL PATRON RESTAURANT AND LOUNGE II,EL PATRON RESTAURANT AND LOUNGE II,,EL PATRON RESTAURANT AND LOUNGE II,False,True,1
EL POLLO RESTAURANT AND BAR,EL POLLO RESTAURANT AND BAR,EL POLLO RESTAURANT AND BAR,,EL POLLO RESTAURANT AND BAR,False,True,1
EL PUNTO DE LA CHAMA RESTAURANT & BAR,EL PUNTO DE LA CHAMA RESTAURANT AND BAR,EL PUNTO DE LA CHAMA RESTAURANT AND BAR,,EL PUNTO DE LA CHAMA RESTAURANT AND BAR,False,True,1
EL RINCONCITO PAISA RESTAURANT & BAKERY,EL RINCONCITO PAISA RESTAURANT AND BAKERY,EL RINCONCITO PAISA RESTAURANT AND BAKERY,,EL RINCONCITO PAISA RESTAURANT AND BAKERY,False,True,1
EL SABOR AZOGUENO BAKERY & RESTAURANT,EL SABOR AZOGUENO BAKERY AND RESTAURANT,EL SABOR AZOGUENO BAKERY AND RESTAURANT,,EL SABOR AZOGUENO BAKERY AND RESTAURANT,False,True,1
EL SAZON / JOEY BATS,EL SAZON JOEY BATS,EL SAZON JOEY BATS,,EL SAZON JOEY BATS,False,True,1
EL TA'KOY / MEZZANINE / TERRACE ON 7,EL TAKOY MEZZANINE TERRACE ON 7,EL TAKOY MEZZANINE TERRACE ON 7,,EL TAKOY MEZZANINE TERRACE ON 7,False,True,1
ELCIELO NEW YORK / THE POOL CLUB,ELCIELO NEW YORK THE POOL CLUB,ELCIELO NEW YORK THE POOL CLUB,,ELCIELO NEW YORK THE POOL CLUB,False,True,1
ELEGANTE RESTAURANT & PIZZERIA,ELEGANTE RESTAURANT AND PIZZERIA,ELEGANTE RESTAURANT AND PIZZERIA,,ELEGANTE RESTAURANT AND PIZZERIA,False,True,1
ELIAS DELI & RESTAURANT,ELIAS DELI AND RESTAURANT,ELIAS DELI AND RESTAURANT,,ELIAS DELI AND RESTAURANT,False,True,1
ELIO'S / PAPA'S PASTA,ELIOS PAPAS PASTA,ELIOS PAPAS PASTA,,ELIOS PAPAS PASTA,False,True,1
ELITE LOUNGE & CAFE,ELITE LOUNGE AND CAFE,ELITE LOUNGE AND CAFE,,ELITE LOUNGE AND CAFE,False,True,1
ELITE POOL & FITNESS MANAGEMENT,ELITE POOL AND FITNESS MANAGEMENT,ELITE POOL AND FITNESS MANAGEMENT,,ELITE POOL AND FITNESS MANAGEMENT,False,True,1
ELLIE'S DINER & RESTAURANT,ELLIES DINER AND RESTAURANT,ELLIES DINER AND RESTAURANT,,ELLIES DINER AND RESTAURANT,False,True,1
EMACK & BOLIO'S,EMACK AND BOLIOS,EMACK AND BOLIOS,,EMACK AND BOLIOS,False,True,5
EMACK & BOLIOS,EMACK AND BOLIOS,EMACK AND BOLIOS,,EMACK AND BOLIOS,False,True,1
EMERALD BAKERY AND CAFE,EMERALD BAKERY AND CAFE,EMERALD BAKERY AND CAFE,,EMERALD BAKERY AND CAFE,False,True,1
EMERALD BAKERY AND CAFE CORP,EMERALD BAKERY AND CAFE,EMERALD BAKERY AND CAFE,,EMERALD BAKERY AND CAFE,False,True,1
EMERGENCY KITCHEN & BAR,EMERGENCY KITCHEN AND BAR,EMERGENCY KITCHEN AND BAR,,EMERGENCY KITCHEN AND BAR,False,True,1
EMMA RESTAURANT & CATERING,EMMA RESTAURANT AND CATERING,EMMA RESTAURANT AND CATERING,,EMMA RESTAURANT AND CATERING,False,True,1
EMPIRE CHICKEN & BURGERS,EMPIRE CHICKEN AND BURGERS,EMPIRE CHICKEN AND BURGERS,,EMPIRE CHICKEN AND BURGERS,False,True,1
EMPIRE FRIED CHICKEN & PIZZA,EMPIRE FRIED CHICKEN AND PIZZA,EMPIRE FRIED CHICKEN AND PIZZA,,EMPIRE FRIED CHICKEN AND PIZZA,False,True,1
EMPLOYEE DINING/ROOM SERVICE,EMPLOYEE DINING ROOM SERVICE,EMPLOYEE DINING ROOM SERVICE,,EMPLOYEE DINING ROOM SERVICE,False,True,1
EMPYREAN INDIAN KITCHEN / SPICED CRAFT,EMPYREAN INDIAN KITCHEN SPICED CRAFT,EMPYREAN INDIAN KITCHEN SPICED CRAFT,,EMPYREAN INDIAN KITCHEN SPICED CRAFT,False,True,1
EQUIS PICA POLLO/EQUIS CAFE,EQUIS PICA POLLO EQUIS CAFE,EQUIS PICA POLLO EQUIS CAFE,,EQUIS PICA POLLO EQUIS CAFE,False,True,1
ER HOT POT / PULL TAB,ER HOT POT PULL TAB,ER HOT POT PULL TAB,,ER HOT POT PULL TAB,False,True,1
ERNST & YOUNG,ERNST AND YOUNG,ERNST AND YOUNG,,ERNST AND YOUNG,False,True,1
ERNST & YOUNG - 10TH FLOOR,ERNST AND YOUNG 10TH FLOOR,ERNST AND YOUNG 10TH FLOOR,,ERNST AND YOUNG 10TH FLOOR,False,True,1
ERNST & YOUNG - 8TH FLOOR,ERNST AND YOUNG 8TH FLOOR,ERNST AND YOUNG 8TH FLOOR,,ERNST AND YOUNG 8TH FLOOR,False,True,1
ERNST AND YOUNG,ERNST AND YOUNG,ERNST AND YOUNG,,ERNST AND YOUNG,False,True,3
ESPINAL DELI & GROCERY,ESPINAL DELI AND GROCERY,ESPINAL DELI AND GROCERY,,ESPINAL DELI AND GROCERY,False,True,1
"ESPRESSO BAR ,,TIGER""",ESPRESSO BAR TIGER,ESPRESSO BAR TIGER,,ESPRESSO BAR TIGER,False,True,1
ESSENCE BAR & GRILL,ESSENCE BAR AND GRILL,ESSENCE BAR AND GRILL,,ESSENCE BAR AND GRILL,False,True,1
ESTIHANA ASIAN RESTAURANT& SUSHI,ESTIHANA ASIAN RESTAURANT AND SUSHI,ESTIHANA ASIAN RESTAURANT AND SUSHI,,ESTIHANA ASIAN RESTAURANT AND SUSHI,False,True,1
ESTRELLA BAR & RESTAURANT,ESTRELLA BAR AND RESTAURANT,ESTRELLA BAR AND RESTAURANT,,ESTRELLA BAR AND RESTAURANT,False,True,1
ETHYL'S ALCOHOL & FOOD,ETHYLS ALCOHOL AND FOOD,ETHYLS ALCOHOL AND FOOD,,ETHYLS ALCOHOL AND FOOD,False,True,1
"EURO CAFE (FL 1, CAGE 8)",EURO CAFE FL 1 CAGE 8,EURO CAFE FL 1 CAGE 8,,EURO CAFE FL 1 CAGE 8,False,True,1
EVEN KITCHEN & BAR,EVEN KITCHEN AND BAR,EVEN KITCHEN AND BAR,,EVEN KITCHEN AND BAR,False,True,1
"EVERYTHING YOGURT, GRETEL'S PRETZELS",EVERYTHING YOGURT GRETELS PRETZELS,EVERYTHING YOGURT GRETELS PRETZELS,,EVERYTHING YOGURT GRETELS PRETZELS,False,True,1
EXQUISITE VIBEZ RESTAURANT BAR & LOUNGE,EXQUISITE VIBEZ RESTAURANT BAR AND LOUNGE,EXQUISITE VIBEZ RESTAURANT BAR AND LOUNGE,,EXQUISITE VIBEZ RESTAURANT BAR AND LOUNGE,False,True,1
El CIBAO BAR AND RESTAURANT,EL CIBAO BAR AND RESTAURANT,EL CIBAO BAR AND RESTAURANT,,EL CIBAO BAR AND RESTAURANT,False,True,1
El Crucero Restaurant & Grill,EL CRUCERO RESTAURANT AND GRILL,EL CRUCERO RESTAURANT AND GRILL,,EL CRUCERO RESTAURANT AND GRILL,False,True,1
El PUNTO RESRAURANT & BAKERY,EL PUNTO RESRAURANT AND BAKERY,EL PUNTO RESRAURANT AND BAKERY,,EL PUNTO RESRAURANT AND BAKERY,False,True,1
"Employee Dining Room; Banquel Floors 3, 5",EMPLOYEE DINING ROOM BANQUEL FLOORS 3 5,EMPLOYEE DINING ROOM BANQUEL FLOORS 3 5,,EMPLOYEE DINING ROOM BANQUEL FLOORS 3 5,False,True,1
F & F PIZZERIA,F AND F PIZZERIA,F AND F PIZZERIA,,F AND F PIZZERIA,False,True,1
F & J PINE RESTAURANT,F AND J PINE RESTAURANT,F AND J PINE RESTAURANT,,F AND J PINE RESTAURANT,False,True,1
F & M CAMPO BELLO II RESTAURANT,F AND M CAMPO BELLO II RESTAURANT,F AND M CAMPO BELLO II RESTAURANT,,F AND M CAMPO BELLO II RESTAURANT,False,True,1
F AND M COFFEE INC,F AND M COFFEE,F AND M COFFEE,,F AND M COFFEE,False,True,1
F&F PIZZERIA,F AND F PIZZERIA,F AND F PIZZERIA,,F AND F PIZZERIA,False,True,1
F&M CAFE,F AND M CAFE,F AND M CAFE,,F AND M CAFE,False,True,1
F.Y.C / N.Y.C.,F Y C N Y C,F Y C N Y C,,F Y C N Y C,False,True,1
F1 RESTAURANT & LOUNGE,F1 RESTAURANT AND LOUNGE,F1 RESTAURANT AND LOUNGE,,F1 RESTAURANT AND LOUNGE,False,True,1
FACES & NAMES,FACES AND NAMES,FACES AND NAMES,,FACES AND NAMES,False,True,1
FAIRFIELD INN & SUITES,FAIRFIELD INN AND SUITES,FAIRFIELD INN AND SUITES,,FAIRFIELD INN AND SUITES,False,True,4
FAIRFIELD INN & SUITES - FINANCIAL DISTRICT,FAIRFIELD INN AND SUITES FINANCIAL DISTRICT,FAIRFIELD INN AND SUITES FINANCIAL DISTRICT,,FAIRFIELD INN AND SUITES FINANCIAL DISTRICT,False,True,1
FAIRFIELD INN & SUITES BY MARRIOTT,FAIRFIELD INN AND SUITES BY MARRIOTT,FAIRFIELD INN AND SUITES BY MARRIOTT,,FAIRFIELD INN AND SUITES BY MARRIOTT,False,True,1
FAIRFIELD INN & SUITES MANHATTAN NEW YORK CENTRAL PARK,FAIRFIELD INN AND SUITES MANHATTAN NEW YORK CENTRAL PARK,FAIRFIELD INN AND SUITES MANHATTAN NEW YORK CENTRAL PARK,,FAIRFIELD INN AND SUITES MANHATTAN NEW YORK CENTRAL PARK,False,True,1
FAMOUS & FRESH PIZZA,FAMOUS AND FRESH PIZZA,FAMOUS AND FRESH PIZZA,,FAMOUS AND FRESH PIZZA,False,True,1
FAMOUS ROTISSERIE AND GRILL,FAMOUS ROTISSERIE AND GRILL,FAMOUS ROTISSERIE AND GRILL,,FAMOUS ROTISSERIE AND GRILL,False,True,3
FANSWAY TERIYAKI & SUSHI,FANSWAY TERIYAKI AND SUSHI,FANSWAY TERIYAKI AND SUSHI,,FANSWAY TERIYAKI AND SUSHI,False,True,1
FANSWAY TERIYAKI & SUSHI KITCHEN,FANSWAY TERIYAKI AND SUSHI KITCHEN,FANSWAY TERIYAKI AND SUSHI KITCHEN,,FANSWAY TERIYAKI AND SUSHI KITCHEN,False,True,1
FANTASTIC BAR & LOUNGE,FANTASTIC BAR AND LOUNGE,FANTASTIC BAR AND LOUNGE,,FANTASTIC BAR AND LOUNGE,False,True,1
FARMERS PIZZA & GRILL,FARMERS PIZZA AND GRILL,FARMERS PIZZA AND GRILL,,FARMERS PIZZA AND GRILL,False,True,1
FARO SPORT BAR & LOUNGE,FARO SPORT BAR AND LOUNGE,FARO SPORT BAR AND LOUNGE,,FARO SPORT BAR AND LOUNGE,False,True,1
FARRELL'S BAR & GRILL,FARRELLS BAR AND GRILL,FARRELLS BAR AND GRILL,,FARRELLS BAR AND GRILL,False,True,1
FAST & FRESH BURRITO DELI,FAST AND FRESH BURRITO DELI,FAST AND FRESH BURRITO DELI,,FAST AND FRESH BURRITO DELI,False,True,1
FATHER AND SON SOULFOOD CATERING,FATHER AND SON SOULFOOD CATERING,FATHER AND SON SOULFOOD CATERING,,FATHER AND SON SOULFOOD CATERING,False,True,1
FAVORITE SON PIZZERIA & WINE BAR,FAVORITE SON PIZZERIA AND WINE BAR,FAVORITE SON PIZZERIA AND WINE BAR,,FAVORITE SON PIZZERIA AND WINE BAR,False,True,1
FELLINI CUCINA / FELLINI COFFEE,FELLINI CUCINA FELLINI COFFEE,FELLINI CUCINA FELLINI COFFEE,,FELLINI CUCINA FELLINI COFFEE,False,True,1
FERN & AURORA DESSERT SHOP,FERN AND AURORA DESSERT SHOP,FERN AND AURORA DESSERT SHOP,,FERN AND AURORA DESSERT SHOP,False,True,1
FIESTA LOUNGE & RESTAURANT,FIESTA LOUNGE AND RESTAURANT,FIESTA LOUNGE AND RESTAURANT,,FIESTA LOUNGE AND RESTAURANT,False,True,1
FIESTA MEXICANAS RESTAURANT & BAR,FIESTA MEXICANAS RESTAURANT AND BAR,FIESTA MEXICANAS RESTAURANT AND BAR,,FIESTA MEXICANAS RESTAURANT AND BAR,False,True,1
FILOMENA'S CAFE & MARKET,FILOMENAS CAFE AND MARKET,FILOMENAS CAFE AND MARKET,,FILOMENAS CAFE AND MARKET,False,True,1
FILOS KITCHEN & TABLE,FILOS KITCHEN AND TABLE,FILOS KITCHEN AND TABLE,,FILOS KITCHEN AND TABLE,False,True,1
FIRST STOP BAR & GRILL,FIRST STOP BAR AND GRILL,FIRST STOP BAR AND GRILL,,FIRST STOP BAR AND GRILL,False,True,2
FISH & CHIPS,FISH AND CHIPS,FISH AND CHIPS,,FISH AND CHIPS,False,True,1
FIVE GUYS BURGERS & FRIES,FIVE GUYS BURGERS AND FRIES,FIVE GUYS,FIVE GUYS,FIVE GUYS,False,True,1
FIVE GUYS BURGERS AND FRIES,FIVE GUYS BURGERS AND FRIES,FIVE GUYS,FIVE GUYS,FIVE GUYS,False,True,7
FIVE GUYS FAMOUS BURGERS AND FRIES,FIVE GUYS FAMOUS BURGERS AND FRIES,FIVE GUYS,FIVE GUYS,FIVE GUYS,False,True,9
FIVE LOAVES AND TWO FISHES,FIVE LOAVES AND TWO FISHES,FIVE LOAVES AND TWO FISHES,,FIVE LOAVES AND TWO FISHES,False,True,1
FIVE STAR KENNEDY PIZZA CHICKEN & WAFFLES,FIVE STAR KENNEDY PIZZA CHICKEN AND WAFFLES,FIVE STAR KENNEDY PIZZA CHICKEN AND WAFFLES,,FIVE STAR KENNEDY PIZZA CHICKEN AND WAFFLES,False,True,1
FLAM'S CUISINE & CATERING,FLAMS CUISINE AND CATERING,FLAMS CUISINE AND CATERING,,FLAMS CUISINE AND CATERING,False,True,1
FLAME HIBACHI / DYNASTY DIM SUM,FLAME HIBACHI DYNASTY DIM SUM,FLAME HIBACHI DYNASTY DIM SUM,,FLAME HIBACHI DYNASTY DIM SUM,False,True,1
FLAME HIBACHI AND SUSHI,FLAME HIBACHI AND SUSHI,FLAME HIBACHI AND SUSHI,,FLAME HIBACHI AND SUSHI,False,True,1
FLAME KABAB & GRILL,FLAME KABAB AND GRILL,FLAME KABAB AND GRILL,,FLAME KABAB AND GRILL,False,True,1
FLAMES JERK BAR & GRILL,FLAMES JERK BAR AND GRILL,FLAMES JERK BAR AND GRILL,,FLAMES JERK BAR AND GRILL,False,True,1
FLAMIN' CHICKEN & GYRO,FLAMIN CHICKEN AND GYRO,FLAMIN CHICKEN AND GYRO,,FLAMIN CHICKEN AND GYRO,False,True,1
FLAMIN' CHICKEN & PIZZA,FLAMIN CHICKEN AND PIZZA,FLAMIN CHICKEN AND PIZZA,,FLAMIN CHICKEN AND PIZZA,False,True,2
FLAMING DELI AND PIZZERIA CORP,FLAMING DELI AND PIZZERIA,FLAMING DELI AND PIZZERIA,,FLAMING DELI AND PIZZERIA,False,True,1
FLAMINGO BABY BRUNCH & BAR,FLAMINGO BABY BRUNCH AND BAR,FLAMINGO BABY BRUNCH AND BAR,,FLAMINGO BABY BRUNCH AND BAR,False,True,1
FLAMINGO RESTAURANT AND MANTRA LOUNGE,FLAMINGO RESTAURANT AND MANTRA LOUNGE,FLAMINGO RESTAURANT AND MANTRA LOUNGE,,FLAMINGO RESTAURANT AND MANTRA LOUNGE,False,True,1
FLATIRON TAVERN & MARKET,FLATIRON TAVERN AND MARKET,FLATIRON TAVERN AND MARKET,,FLATIRON TAVERN AND MARKET,False,True,1
FLAVORED RESTAURANT AND BAKERY,FLAVORED RESTAURANT AND BAKERY,FLAVORED RESTAURANT AND BAKERY,,FLAVORED RESTAURANT AND BAKERY,False,True,1
FLAVORS & CATERING EVENTS,FLAVORS AND CATERING EVENTS,FLAVORS AND CATERING EVENTS,,FLAVORS AND CATERING EVENTS,False,True,1
FLAVORS & COCKTAILS,FLAVORS AND COCKTAILS,FLAVORS AND COCKTAILS,,FLAVORS AND COCKTAILS,False,True,1
FLAVORS & COCKTAILS / NY KITCHENISTA / CHLOE FINE,FLAVORS AND COCKTAILS NY KITCHENISTA CHLOE FINE,FLAVORS AND COCKTAILS NY KITCHENISTA CHLOE FINE,,FLAVORS AND COCKTAILS NY KITCHENISTA CHLOE FINE,False,True,1
FLIP & FLAME,FLIP AND FLAME,FLIP AND FLAME,,FLIP AND FLAME,False,True,1
FLOP HOUSE COMEDY CLUB / SOCIAL HOUSE CAFE,FLOP HOUSE COMEDY CLUB SOCIAL HOUSE CAFE,FLOP HOUSE COMEDY CLUB SOCIAL HOUSE CAFE,,FLOP HOUSE COMEDY CLUB SOCIAL HOUSE CAFE,False,True,1
FLORES COFFEE SHOP AND RESTAURANT,FLORES COFFEE SHOP AND RESTAURANT,FLORES COFFEE SHOP AND RESTAURANT,,FLORES COFFEE SHOP AND RESTAURANT,False,True,1
FLORIST BAR & CO,FLORIST BAR AND CO,FLORIST BAR AND CO,,FLORIST BAR AND CO,False,True,1
FLOWER AND DESSERT,FLOWER AND DESSERT,FLOWER AND DESSERT,,FLOWER AND DESSERT,False,True,1
"FLYING TACOS, NY FRESH SUBS, WURST (FL 3)",FLYING TACOS NY FRESH SUBS WURST FL 3,FLYING TACOS NY FRESH SUBS WURST FL 3,,FLYING TACOS NY FRESH SUBS WURST FL 3,False,True,1
FONTANA FAMOUS PIZZA & GYRO,FONTANA FAMOUS PIZZA AND GYRO,FONTANA FAMOUS PIZZA AND GYRO,,FONTANA FAMOUS PIZZA AND GYRO,False,True,1
FONTY'S DELI & DUKAAN,FONTYS DELI AND DUKAAN,FONTYS DELI AND DUKAAN,,FONTYS DELI AND DUKAAN,False,True,1
"FOODA, INC",FOODA,FOODA,,FOODA,False,True,2
"FOODA, INC.",FOODA,FOODA,,FOODA,False,True,2
FOODIE BBQ & BAR,FOODIE BBQ AND BAR,FOODIE BBQ AND BAR,,FOODIE BBQ AND BAR,False,True,1
FORDHAM PIZZA & EMPANDAS,FORDHAM PIZZA AND EMPANDAS,FORDHAM PIZZA AND EMPANDAS,,FORDHAM PIZZA AND EMPANDAS,False,True,1
FORDHAM SEAFOOD & CHICKEN,FORDHAM SEAFOOD AND CHICKEN,FORDHAM SEAFOOD AND CHICKEN,,FORDHAM SEAFOOD AND CHICKEN,False,True,1
FORDHAM U - A CRUST & BOAR'S HEAD,FORDHAM U A CRUST AND BOARS HEAD,FORDHAM U A CRUST AND BOARS HEAD,,FORDHAM U A CRUST AND BOARS HEAD,False,True,1
FORDHAM U - SALT & SESAME AT FACULTY MEMORIAL HALL,FORDHAM U SALT AND SESAME AT FACULTY MEMORIAL HALL,FORDHAM U SALT AND SESAME AT FACULTY MEMORIAL HALL,,FORDHAM U SALT AND SESAME AT FACULTY MEMORIAL HALL,False,True,1
FORK & KEY,FORK AND KEY,FORK AND KEY,,FORK AND KEY,False,True,1
"FORREST SOLUTIONS, LLC",FORREST SOLUTIONS,FORREST SOLUTIONS,,FORREST SOLUTIONS,False,True,1
"FORT WASHINGTON PUBLIC HOUSE, BROADWAY SLICE",FORT WASHINGTON PUBLIC HOUSE BROADWAY SLICE,FORT WASHINGTON PUBLIC HOUSE BROADWAY SLICE,,FORT WASHINGTON PUBLIC HOUSE BROADWAY SLICE,False,True,1
FOUNDRY KITCHEN & BAR,FOUNDRY KITCHEN AND BAR,FOUNDRY KITCHEN AND BAR,,FOUNDRY KITCHEN AND BAR,False,True,1
FOUNTAIN HOUSE AND BODY,FOUNTAIN HOUSE AND BODY,FOUNTAIN HOUSE AND BODY,,FOUNTAIN HOUSE AND BODY,False,True,1
FOUR & TWENTY BLACKBIRDS,FOUR AND TWENTY BLACKBIRDS,FOUR AND TWENTY BLACKBIRDS,,FOUR AND TWENTY BLACKBIRDS,False,True,1
FOY JUICE BAR & EATERY,FOY JUICE BAR AND EATERY,FOY JUICE BAR AND EATERY,,FOY JUICE BAR AND EATERY,False,True,1
FRANK & DANNY'S PIZZERIA,FRANK AND DANNYS PIZZERIA,FRANK AND DANNYS PIZZERIA,,FRANK AND DANNYS PIZZERIA,False,True,1
"FRANK'S PIZZERIA, DA FRANCO AND TONY RESTAURANT",FRANKS PIZZERIA DA FRANCO AND TONY RESTAURANT,FRANKS PIZZERIA DA FRANCO AND TONY RESTAURANT,,FRANKS PIZZERIA DA FRANCO AND TONY RESTAURANT,False,True,1
FRANKIE & JOHNNIE'S STEAKHOUSE,FRANKIE AND JOHNNIES STEAKHOUSE,FRANKIE AND JOHNNIES STEAKHOUSE,,FRANKIE AND JOHNNIES STEAKHOUSE,False,True,2
FRANKIE'S PIZZA & HALAL,FRANKIES PIZZA AND HALAL,FRANKIES PIZZA AND HALAL,,FRANKIES PIZZA AND HALAL,False,True,1
FRANKLIN PARK / DUTCH BOY BURGER,FRANKLIN PARK DUTCH BOY BURGER,FRANKLIN PARK DUTCH BOY BURGER,,FRANKLIN PARK DUTCH BOY BURGER,False,True,1
FRATILLI'S PIZZA & CAFE,FRATILLIS PIZZA AND CAFE,FRATILLIS PIZZA AND CAFE,,FRATILLIS PIZZA AND CAFE,False,True,1
FRED AND AMBER'S SCHNITZEL HAUS CORP,FRED AND AMBERS SCHNITZEL HAUS,FRED AND AMBERS SCHNITZEL HAUS,,FRED AND AMBERS SCHNITZEL HAUS,False,True,1
FREDDIE & PEPPER'S,FREDDIE AND PEPPERS,FREDDIE AND PEPPERS,,FREDDIE AND PEPPERS,False,True,1
FRESCO & RAPIDO,FRESCO AND RAPIDO,FRESCO AND RAPIDO,,FRESCO AND RAPIDO,False,True,1
FRESH & CO,FRESH AND CO,FRESH AND CO,FRESH AND CO,FRESH AND CO,False,True,6
FRESH & HEALTHY 187,FRESH AND HEALTHY 187,FRESH AND HEALTHY 187,,FRESH AND HEALTHY 187,False,True,1
FRESH & TASTY SUSHI AND TERIYAKI,FRESH AND TASTY SUSHI AND TERIYAKI,FRESH AND TASTY SUSHI AND TERIYAKI,,FRESH AND TASTY SUSHI AND TERIYAKI,False,True,1
FRESH AND FAST,FRESH AND FAST,FRESH AND FAST,,FRESH AND FAST,False,True,1
FRESH BAKERY & SWEETS,FRESH BAKERY AND SWEETS,FRESH BAKERY AND SWEETS,,FRESH BAKERY AND SWEETS,False,True,1
FRESH BOWL &GO,FRESH BOWL AND GO,FRESH BOWL AND GO,,FRESH BOWL AND GO,False,True,1
FRESH MEADOW'S PIZZA & RESTAURANT,FRESH MEADOWS PIZZA AND RESTAURANT,FRESH MEADOWS PIZZA AND RESTAURANT,,FRESH MEADOWS PIZZA AND RESTAURANT,False,True,1
"FRESH N CRUSTY BAGEL, INC.",FRESH N CRUSTY BAGEL,FRESH N CRUSTY BAGEL,,FRESH N CRUSTY BAGEL,False,True,1
FRESH PIZZA & DELI,FRESH PIZZA AND DELI,FRESH PIZZA AND DELI,,FRESH PIZZA AND DELI,False,True,1
FRESH PIZZA AND PASTA,FRESH PIZZA AND PASTA,FRESH PIZZA AND PASTA,,FRESH PIZZA AND PASTA,False,True,1
FRESH&CO,FRESH AND CO,FRESH AND CO,FRESH AND CO,FRESH AND CO,False,True,2
FRIDA'S FAVORITES CHURROS AND EMPANADAS,FRIDAS FAVORITES CHURROS AND EMPANADAS,FRIDAS FAVORITES CHURROS AND EMPANADAS,,FRIDAS FAVORITES CHURROS AND EMPANADAS,False,True,1
FRIEDMAN'S / PICK A BAGEL,FRIEDMANS PICK A BAGEL,FRIEDMANS PICK A BAGEL,,FRIEDMANS PICK A BAGEL,False,True,1
FRIENDS AND LOVERS,FRIENDS AND LOVERS,FRIENDS AND LOVERS,,FRIENDS AND LOVERS,False,True,1
FRUIT PARADISE JUICE BAR & DELI,FRUIT PARADISE JUICE BAR AND DELI,FRUIT PARADISE JUICE BAR AND DELI,,FRUIT PARADISE JUICE BAR AND DELI,False,True,1
FRY & PIE LLC,FRY AND PIE,FRY AND PIE,,FRY AND PIE,False,True,1
FUEL GRILL & JUICE BAR,FUEL GRILL AND JUICE BAR,FUEL GRILL AND JUICE BAR,,FUEL GRILL AND JUICE BAR,False,True,1
FULL MOON CHINESE FOOD & TERIYAKI INC,FULL MOON CHINESE FOOD AND TERIYAKI,FULL MOON CHINESE FOOD AND TERIYAKI,,FULL MOON CHINESE FOOD AND TERIYAKI,False,True,1
FUNICI A'PIZZA & O'CCAFFE,FUNICI APIZZA AND OCCAFFE,FUNICI APIZZA AND OCCAFFE,,FUNICI APIZZA AND OCCAFFE,False,True,1
FUSION BAR & GRILL,FUSION BAR AND GRILL,FUSION BAR AND GRILL,,FUSION BAR AND GRILL,False,True,1
"FUSION EAST, LLC",FUSION EAST,FUSION EAST,,FUSION EAST,False,True,1
FUYANG FOOD & BEVERAGE INC.,FUYANG FOOD AND BEVERAGE,FUYANG FOOD AND BEVERAGE,,FUYANG FOOD AND BEVERAGE,False,True,1
FUYU RAMEN & SAKE,FUYU RAMEN AND SAKE,FUYU RAMEN AND SAKE,,FUYU RAMEN AND SAKE,False,True,1
Festac Grill & Lounge,FESTAC GRILL AND LOUNGE,FESTAC GRILL AND LOUNGE,,FESTAC GRILL AND LOUNGE,False,True,1
Flairmaison Bar and Lounge,FLAIRMAISON BAR AND LOUNGE,FLAIRMAISON BAR AND LOUNGE,,FLAIRMAISON BAR AND LOUNGE,False,True,1
"Fuel Bar, Kiosks Pop Up Bars and Market Bar",FUEL BAR KIOSKS POP UP BARS AND MARKET BAR,FUEL BAR KIOSKS POP UP BARS AND MARKET BAR,,FUEL BAR KIOSKS POP UP BARS AND MARKET BAR,False,True,1
G & F DELI CAFE CORP.,G AND F DELI CAFE,G AND F DELI CAFE,,G AND F DELI CAFE,False,True,1
G & J PIZZERIA,G AND J PIZZERIA,G AND J PIZZERIA,,G AND J PIZZERIA,False,True,1
G & M CARIBBEAN RESTAURANT,G AND M CARIBBEAN RESTAURANT,G AND M CARIBBEAN RESTAURANT,,G AND M CARIBBEAN RESTAURANT,False,True,1
G & S PIZZERIA INC.,G AND S PIZZERIA,G AND S PIZZERIA,,G AND S PIZZERIA,False,True,1
G &L CAJUN GRILL,G AND L CAJUN GRILL,G AND L CAJUN GRILL,,G AND L CAJUN GRILL,False,True,1
G&B TERMINAL DELI,G AND B TERMINAL DELI,G AND B TERMINAL DELI,,G AND B TERMINAL DELI,False,True,1
G'S EATERY & BAKERY,GS EATERY AND BAKERY,GS EATERY AND BAKERY,,GS EATERY AND BAKERY,False,True,1
GABRIEL'S BAR & RESTAURANT,GABRIELS BAR AND RESTAURANT,GABRIELS BAR AND RESTAURANT,,GABRIELS BAR AND RESTAURANT,False,True,1
GABY'S PIZZERIA & RESTAURANT,GABYS PIZZERIA AND RESTAURANT,GABYS PIZZERIA AND RESTAURANT,,GABYS PIZZERIA AND RESTAURANT,False,True,1
GAGE & TOLLNER,GAGE AND TOLLNER,GAGE AND TOLLNER,,GAGE AND TOLLNER,False,True,1
GAI CHICKEN & RICE,GAI CHICKEN AND RICE,GAI CHICKEN AND RICE,,GAI CHICKEN AND RICE,False,True,2
GAIA MASALA & BURGER,GAIA MASALA AND BURGER,GAIA MASALA AND BURGER,,GAIA MASALA AND BURGER,False,True,1
"GALAXY RESTAURANTS CATERING GROUP, LP",GALAXY RESTAURANTS CATERING GROUP LP,GALAXY RESTAURANTS CATERING GROUP LP,,GALAXY RESTAURANTS CATERING GROUP LP,False,True,1
GANSEVOORT ROOFTOP / SAISHIN,GANSEVOORT ROOFTOP SAISHIN,GANSEVOORT ROOFTOP SAISHIN,,GANSEVOORT ROOFTOP SAISHIN,False,True,1
GANTRY BAR & KITCHEN,GANTRY BAR AND KITCHEN,GANTRY BAR AND KITCHEN,,GANTRY BAR AND KITCHEN,False,True,1
GAO'S CRAB & KABOB,GAOS CRAB AND KABOB,GAOS CRAB AND KABOB,,GAOS CRAB AND KABOB,False,True,1
GARDEN BAR & GRILL,GARDEN BAR AND GRILL,GARDEN BAR AND GRILL,,GARDEN BAR AND GRILL,False,True,1
"GARDEN MARKET, DUNKIN",GARDEN MARKET DUNKIN,GARDEN MARKET DUNKIN,DUNKIN,GARDEN MARKET DUNKIN,False,True,1
GARLIC & OLIVE,GARLIC AND OLIVE,GARLIC AND OLIVE,,GARLIC AND OLIVE,False,True,1
GARY AND GINO'S,GARY AND GINOS,GARY AND GINOS,,GARY AND GINOS,False,True,1
GATA GOLOSA / YOGURBERRY,GATA GOLOSA YOGURBERRY,GATA GOLOSA YOGURBERRY,,GATA GOLOSA YOGURBERRY,False,True,1
GAYLE'S THRILL & GRILL,GAYLES THRILL AND GRILL,GAYLES THRILL AND GRILL,,GAYLES THRILL AND GRILL,False,True,1
"GC 32ND STREET, LLC",GC 32ND STREET,GC 32ND STREET,,GC 32ND STREET,False,True,1
GEISHA ASIAN CUISINE & LOUNGE,GEISHA ASIAN CUISINE AND LOUNGE,GEISHA ASIAN CUISINE AND LOUNGE,,GEISHA ASIAN CUISINE AND LOUNGE,False,True,1
GEISHA/ GEISHA EXPRESS,GEISHA GEISHA EXPRESS,GEISHA GEISHA EXPRESS,,GEISHA GEISHA EXPRESS,False,True,1
GELSO & GRAND,GELSO AND GRAND,GELSO AND GRAND,,GELSO AND GRAND,False,True,1
"GEN HOSPITALITY, INC.",GEN HOSPITALITY,GEN HOSPITALITY,,GEN HOSPITALITY,False,True,1
GENESIS DELI & GROCERY,GENESIS DELI AND GROCERY,GENESIS DELI AND GROCERY,,GENESIS DELI AND GROCERY,False,True,1
GENO'S FISH & CHIPS,GENOS FISH AND CHIPS,GENOS FISH AND CHIPS,,GENOS FISH AND CHIPS,False,True,1
GENOS FISH & CHIPS,GENOS FISH AND CHIPS,GENOS FISH AND CHIPS,,GENOS FISH AND CHIPS,False,True,1
GEORGE AND JACKS TAP ROOM,GEORGE AND JACKS TAP ROOM,GEORGE AND JACKS TAP ROOM,,GEORGE AND JACKS TAP ROOM,False,True,1
GEORGE'S DINER & CAFE,GEORGES DINER AND CAFE,GEORGES DINER AND CAFE,,GEORGES DINER AND CAFE,False,True,1
GEORGIE'S PIZZA AND RESTAURANT,GEORGIES PIZZA AND RESTAURANT,GEORGIES PIZZA AND RESTAURANT,,GEORGIES PIZZA AND RESTAURANT,False,True,1
GEOVY'S DELI & GROCERY,GEOVYS DELI AND GROCERY,GEOVYS DELI AND GROCERY,,GEOVYS DELI AND GROCERY,False,True,1
GG'S FISH AND CHIPS,GGS FISH AND CHIPS,GGS FISH AND CHIPS,,GGS FISH AND CHIPS,False,True,1
GIL'S GRILL AND DELI,GILS GRILL AND DELI,GILS GRILL AND DELI,,GILS GRILL AND DELI,False,True,1
GINGER & LEMONGRASS,GINGER AND LEMONGRASS,GINGER AND LEMONGRASS,,GINGER AND LEMONGRASS,False,True,1
GINGER & LEMONGRASS LES,GINGER AND LEMONGRASS LES,GINGER AND LEMONGRASS LES,,GINGER AND LEMONGRASS LES,False,True,1
GINGER AND GLATT LTD,GINGER AND GLATT,GINGER AND GLATT,,GINGER AND GLATT,False,True,1
GINO'S BRICK OVEN PIZZA & TRATTORIA,GINOS BRICK OVEN PIZZA AND TRATTORIA,GINOS BRICK OVEN PIZZA AND TRATTORIA,,GINOS BRICK OVEN PIZZA AND TRATTORIA,False,True,1
GINO'S PASTRY SHOP & CAFE,GINOS PASTRY SHOP AND CAFE,GINOS PASTRY SHOP AND CAFE,,GINOS PASTRY SHOP AND CAFE,False,True,1
GINO'S RESTAURANT & PIZZERIA,GINOS RESTAURANT AND PIZZERIA,GINOS RESTAURANT AND PIZZERIA,,GINOS RESTAURANT AND PIZZERIA,False,True,1
GIO'S PIZZA & RESTAURANT,GIOS PIZZA AND RESTAURANT,GIOS PIZZA AND RESTAURANT,,GIOS PIZZA AND RESTAURANT,False,True,1
GIOVANNI'S PIZZA & MEXICAN RESTAURANT,GIOVANNIS PIZZA AND MEXICAN RESTAURANT,GIOVANNIS PIZZA AND MEXICAN RESTAURANT,,GIOVANNIS PIZZA AND MEXICAN RESTAURANT,False,True,1
GIRASOL TAQUERIA & BAKERY,GIRASOL TAQUERIA AND BAKERY,GIRASOL TAQUERIA AND BAKERY,,GIRASOL TAQUERIA AND BAKERY,False,True,1
GLACKS BAR AND GRILL,GLACKS BAR AND GRILL,GLACKS BAR AND GRILL,,GLACKS BAR AND GRILL,False,True,1
GLADYS BOOKS & WINE,GLADYS BOOKS AND WINE,GLADYS BOOKS AND WINE,,GLADYS BOOKS AND WINE,False,True,1
GLEN ROY BAR AND GRILL,GLEN ROY BAR AND GRILL,GLEN ROY BAR AND GRILL,,GLEN ROY BAR AND GRILL,False,True,1
GLUTEN FREE AT THE GARDEN/TOP DOG/HOT DOG CONCESSIONS - FB6140 (CB6142),GLUTEN FREE AT THE GARDEN TOP DOG HOT DOG CONCESSIONS FB6140 CB6142,GLUTEN FREE AT THE GARDEN TOP DOG HOT DOG CONCESSIONS FB6140 CB6142,,GLUTEN FREE AT THE GARDEN TOP DOG HOT DOG CONCESSIONS FB6140 CB6142,False,True,1
GMC TEMAXCAL DELI & GROCERY,GMC TEMAXCAL DELI AND GROCERY,GMC TEMAXCAL DELI AND GROCERY,,GMC TEMAXCAL DELI AND GROCERY,False,True,1
"GO NEW YORK TOURS, INC",GO NEW YORK TOURS,GO NEW YORK TOURS,,GO NEW YORK TOURS,False,True,1
GODWIN COFFEE & TEX-MEX EATS,GODWIN COFFEE AND TEX MEX EATS,GODWIN COFFEE AND TEX MEX EATS,,GODWIN COFFEE AND TEX MEX EATS,False,True,1
GOLD SPOON RESTAURANT LOUNGE & JERK CENTER,GOLD SPOON RESTAURANT LOUNGE AND JERK CENTER,GOLD SPOON RESTAURANT LOUNGE AND JERK CENTER,,GOLD SPOON RESTAURANT LOUNGE AND JERK CENTER,False,True,1
GOLDBERG AND GERRY’S LLC,GOLDBERG AND GERRYS,GOLDBERG AND GERRYS,,GOLDBERG AND GERRYS,False,True,1
GOLDEN ARROW BAR & LOUNGE,GOLDEN ARROW BAR AND LOUNGE,GOLDEN ARROW BAR AND LOUNGE,,GOLDEN ARROW BAR AND LOUNGE,False,True,1
GOLDEN BLUE BAR & RESTAURANT,GOLDEN BLUE BAR AND RESTAURANT,GOLDEN BLUE BAR AND RESTAURANT,,GOLDEN BLUE BAR AND RESTAURANT,False,True,1
GOLDEN HOF/ NY KIMCHI,GOLDEN HOF NY KIMCHI,GOLDEN HOF NY KIMCHI,,GOLDEN HOF NY KIMCHI,False,True,1
GOLDEN KRUST CARIBBEAN BAKERY & GRILL,GOLDEN KRUST CARIBBEAN BAKERY AND GRILL,GOLDEN KRUST CARIBBEAN BAKERY AND GRILL,GOLDEN KRUST CARIBBEAN BAKERY AND GRILL,GOLDEN KRUST CARIBBEAN BAKERY AND GRILL,False,True,33
GOLDEN OWLS SUSHI & NOODLES,GOLDEN OWLS SUSHI AND NOODLES,GOLDEN OWLS SUSHI AND NOODLES,,GOLDEN OWLS SUSHI AND NOODLES,False,True,1
GOLDWATER BAR & GRILL,GOLDWATER BAR AND GRILL,GOLDWATER BAR AND GRILL,,GOLDWATER BAR AND GRILL,False,True,1
GOOD EATS BISTRO / WXYZ BAR & LOUNGE,GOOD EATS BISTRO WXYZ BAR AND LOUNGE,GOOD EATS BISTRO WXYZ BAR AND LOUNGE,,GOOD EATS BISTRO WXYZ BAR AND LOUNGE,False,True,1
GOODAS BAR & LOUNGE,GOODAS BAR AND LOUNGE,GOODAS BAR AND LOUNGE,,GOODAS BAR AND LOUNGE,False,True,1
GOODIEZ / UNCLE LOUIE G'S,GOODIEZ UNCLE LOUIE GS,GOODIEZ UNCLE LOUIE GS,,GOODIEZ UNCLE LOUIE GS,False,True,1
GOOGLE EMPLOYEE CAFETERIA/CAFE,GOOGLE EMPLOYEE CAFETERIA CAFE,GOOGLE EMPLOYEE CAFETERIA CAFE,,GOOGLE EMPLOYEE CAFETERIA CAFE,False,True,1
GOURMET BAKERY & DELI,GOURMET BAKERY AND DELI,GOURMET BAKERY AND DELI,,GOURMET BAKERY AND DELI,False,True,1
"GOUT BOUCHE, LLC",GOUT BOUCHE,GOUT BOUCHE,,GOUT BOUCHE,False,True,1
GP SMOOTHIES & GIFTSHOP,GP SMOOTHIES AND GIFTSHOP,GP SMOOTHIES AND GIFTSHOP,,GP SMOOTHIES AND GIFTSHOP,False,True,1
GRAB & GO,GRAB AND GO,GRAB AND GO,,GRAB AND GO,False,True,2
GRAB AND GO,GRAB AND GO,GRAB AND GO,,GRAB AND GO,False,True,1
GRACE & RUBY'S,GRACE AND RUBYS,GRACE AND RUBYS,,GRACE AND RUBYS,False,True,1
GRACE CONCOURSE PAVILION COFFEE BAR/MARKET,GRACE CONCOURSE PAVILION COFFEE BAR MARKET,GRACE CONCOURSE PAVILION COFFEE BAR MARKET,,GRACE CONCOURSE PAVILION COFFEE BAR MARKET,False,True,1
GRACE DELI & CAFE,GRACE DELI AND CAFE,GRACE DELI AND CAFE,,GRACE DELI AND CAFE,False,True,1
GRACE TABLE RESTAURANT AND BAKERY,GRACE TABLE RESTAURANT AND BAKERY,GRACE TABLE RESTAURANT AND BAKERY,,GRACE TABLE RESTAURANT AND BAKERY,False,True,1
"GRAND OAKS COUNTRY CLUB, BOXWOOD CAFE",GRAND OAKS COUNTRY CLUB BOXWOOD CAFE,GRAND OAKS COUNTRY CLUB BOXWOOD CAFE,,GRAND OAKS COUNTRY CLUB BOXWOOD CAFE,False,True,1
GRAND SALON AND BAR,GRAND SALON AND BAR,GRAND SALON AND BAR,,GRAND SALON AND BAR,False,True,1
"GRASSFED MARKET, LLC",GRASSFED MARKET,GRASSFED MARKET,,GRASSFED MARKET,False,True,1
GRASSY POINT BAR & GRILL,GRASSY POINT BAR AND GRILL,GRASSY POINT BAR AND GRILL,,GRASSY POINT BAR AND GRILL,False,True,1
GRAYSON HOTEL / HARTA / BAR CIMA,GRAYSON HOTEL HARTA BAR CIMA,GRAYSON HOTEL HARTA BAR CIMA,,GRAYSON HOTEL HARTA BAR CIMA,False,True,1
"GREAT PERFORMANCES/ARTISTS AS WAITRESSES, INC.",GREAT PERFORMANCES ARTISTS AS WAITRESSES,GREAT PERFORMANCES ARTISTS AS WAITRESSES,,GREAT PERFORMANCES ARTISTS AS WAITRESSES,False,True,1
GREEN FIG RESTAURANT/ESPRESSO BAR,GREEN FIG RESTAURANT ESPRESSO BAR,GREEN FIG RESTAURANT ESPRESSO BAR,,GREEN FIG RESTAURANT ESPRESSO BAR,False,True,1
GREEN POKE & SUSHI TOWN,GREEN POKE AND SUSHI TOWN,GREEN POKE AND SUSHI TOWN,,GREEN POKE AND SUSHI TOWN,False,True,1
GREEN VALLEY MARKET & DELI,GREEN VALLEY MARKET AND DELI,GREEN VALLEY MARKET AND DELI,,GREEN VALLEY MARKET AND DELI,False,True,1
GREENLAND DELI & GROCERY,GREENLAND DELI AND GROCERY,GREENLAND DELI AND GROCERY,,GREENLAND DELI AND GROCERY,False,True,1
GREENPOINT CAFE & BAKERY,GREENPOINT CAFE AND BAKERY,GREENPOINT CAFE AND BAKERY,,GREENPOINT CAFE AND BAKERY,False,True,2
GREENPOINT FISH & LOBSTER CO.,GREENPOINT FISH AND LOBSTER CO,GREENPOINT FISH AND LOBSTER CO,,GREENPOINT FISH AND LOBSTER CO,False,True,1
GREENWICH & DELANCEY NYC,GREENWICH AND DELANCEY NYC,GREENWICH AND DELANCEY NYC,,GREENWICH AND DELANCEY NYC,False,True,1
GREY LADY / TAIKUN OMAKASE,GREY LADY TAIKUN OMAKASE,GREY LADY TAIKUN OMAKASE,,GREY LADY TAIKUN OMAKASE,False,True,1
GRIDDLE CAFE & DELI,GRIDDLE CAFE AND DELI,GRIDDLE CAFE AND DELI,,GRIDDLE CAFE AND DELI,False,True,1
GRIZZLY COFFEE AND TEA HOUSE 992 LLC,GRIZZLY COFFEE AND TEA HOUSE 992,GRIZZLY COFFEE AND TEA HOUSE 992,,GRIZZLY COFFEE AND TEA HOUSE 992,False,True,1
GROWL GROWL HOT POT & COCKTAIL,GROWL GROWL HOT POT AND COCKTAIL,GROWL GROWL HOT POT AND COCKTAIL,,GROWL GROWL HOT POT AND COCKTAIL,False,True,1
GRUENEBAUM'S BAKERY & CAFE,GRUENEBAUMS BAKERY AND CAFE,GRUENEBAUMS BAKERY AND CAFE,,GRUENEBAUMS BAKERY AND CAFE,False,True,1
"GRUHAM FOOD SERVICES, LLC",GRUHAM FOOD SERVICES,GRUHAM FOOD SERVICES,,GRUHAM FOOD SERVICES,False,True,1
GT KINGSTON RESTAURANT & BAR,GT KINGSTON RESTAURANT AND BAR,GT KINGSTON RESTAURANT AND BAR,,GT KINGSTON RESTAURANT AND BAR,False,True,1
GU JAPANESE FUSION SUSHI & BAR,GU JAPANESE FUSION SUSHI AND BAR,GU JAPANESE FUSION SUSHI AND BAR,,GU JAPANESE FUSION SUSHI AND BAR,False,True,1
GUAC & CHIPS,GUAC AND CHIPS,GUAC AND CHIPS,,GUAC AND CHIPS,False,True,1
GUAC & GRILL MEXICAN EATS,GUAC AND GRILL MEXICAN EATS,GUAC AND GRILL MEXICAN EATS,,GUAC AND GRILL MEXICAN EATS,False,True,1
GUATEMAYA DELI AND RESTAURANT,GUATEMAYA DELI AND RESTAURANT,GUATEMAYA DELI AND RESTAURANT,,GUATEMAYA DELI AND RESTAURANT,False,True,1
GUI STEAKHOUSE / BAR 92 / HWARO,GUI STEAKHOUSE BAR 92 HWARO,GUI STEAKHOUSE BAR 92 HWARO,,GUI STEAKHOUSE BAR 92 HWARO,False,True,1
GUIRA & TAMBORA,GUIRA AND TAMBORA,GUIRA AND TAMBORA,,GUIRA AND TAMBORA,False,True,1
GULP / 929,GULP 929,GULP 929,,GULP 929,False,True,1
GUS & MARTY'S,GUS AND MARTYS,GUS AND MARTYS,,GUS AND MARTYS,False,True,1
GYRO AND KASHMIRI PIZZA,GYRO AND KASHMIRI PIZZA,GYRO AND KASHMIRI PIZZA,,GYRO AND KASHMIRI PIZZA,False,True,1
GYRO HUB AND FRIED CHICKEN,GYRO HUB AND FRIED CHICKEN,GYRO HUB AND FRIED CHICKEN,,GYRO HUB AND FRIED CHICKEN,False,True,1
Great ShangHai Pan-Fried Bao and MingRen Takoyaki,GREAT SHANGHAI PAN FRIED BAO AND MINGREN TAKOYAKI,GREAT SHANGHAI PAN FRIED BAO AND MINGREN TAKOYAKI,,GREAT SHANGHAI PAN FRIED BAO AND MINGREN TAKOYAKI,False,True,1
H & H MIDTOWN BAGELS EAST,H AND H MIDTOWN BAGELS EAST,H AND H MIDTOWN BAGELS EAST,,H AND H MIDTOWN BAGELS EAST,False,True,1
H & H RESERVE,H AND H RESERVE,H AND H RESERVE,,H AND H RESERVE,False,True,1
H & J BAKERY,H AND J BAKERY,H AND J BAKERY,,H AND J BAKERY,False,True,1
H & L BAGEL,H AND L BAGEL,H AND L BAGEL,,H AND L BAGEL,False,True,1
H & R DELI GROCERY INC.,H AND R DELI GROCERY,H AND R DELI GROCERY,,H AND R DELI GROCERY,False,True,1
"H ROBERT FOOD, LLC",H ROBERT FOOD,H ROBERT FOOD,,H ROBERT FOOD,False,True,1
H&H BAGELS,H AND H BAGELS,H AND H BAGELS,,H AND H BAGELS,False,True,4
H&H MIDTOWN BAGELS EAST,H AND H MIDTOWN BAGELS EAST,H AND H MIDTOWN BAGELS EAST,,H AND H MIDTOWN BAGELS EAST,False,True,1
H.K. TEA AND SUSHI,H K TEA AND SUSHI,H K TEA AND SUSHI,,H K TEA AND SUSHI,False,True,1
HAAGEN DAZS / CINNABON,HAAGEN DAZS CINNABON,HAAGEN DAZS CINNABON,CINNABON,HAAGEN DAZS CINNABON,False,True,1
HABIBI  BAR AND RESTAURANT,HABIBI BAR AND RESTAURANT,HABIBI BAR AND RESTAURANT,,HABIBI BAR AND RESTAURANT,False,True,1
HAILEY & HANNAH'S LUNCH RUNNERS,HAILEY AND HANNAHS LUNCH RUNNERS,HAILEY AND HANNAHS LUNCH RUNNERS,,HAILEY AND HANNAHS LUNCH RUNNERS,False,True,1
HALA COFFEE AND KITCHEN,HALA COFFEE AND KITCHEN,HALA COFFEE AND KITCHEN,,HALA COFFEE AND KITCHEN,False,True,1
HALAL CHICKS & PLATTERS,HALAL CHICKS AND PLATTERS,HALAL CHICKS AND PLATTERS,,HALAL CHICKS AND PLATTERS,False,True,1
HALAL DELI & GROCERY,HALAL DELI AND GROCERY,HALAL DELI AND GROCERY,,HALAL DELI AND GROCERY,False,True,1
HALAL FRESH FOOD & COFFEE,HALAL FRESH FOOD AND COFFEE,HALAL FRESH FOOD AND COFFEE,,HALAL FRESH FOOD AND COFFEE,False,True,1
HALAL FRIED CHICKEN & PIZZA,HALAL FRIED CHICKEN AND PIZZA,HALAL FRIED CHICKEN AND PIZZA,,HALAL FRIED CHICKEN AND PIZZA,False,True,1
HALAL GRILL & FRIED CHICKEN,HALAL GRILL AND FRIED CHICKEN,HALAL GRILL AND FRIED CHICKEN,,HALAL GRILL AND FRIED CHICKEN,False,True,1
HALAL GYRO KING 6/SYLHETI SWEETS,HALAL GYRO KING 6 SYLHETI SWEETS,HALAL GYRO KING 6 SYLHETI SWEETS,,HALAL GYRO KING 6 SYLHETI SWEETS,False,True,1
HALAL KRISPY FRIED CHICKEN AND PIZZA,HALAL KRISPY FRIED CHICKEN AND PIZZA,HALAL KRISPY FRIED CHICKEN AND PIZZA,,HALAL KRISPY FRIED CHICKEN AND PIZZA,False,True,1
HALAL PIZZA & GRILL,HALAL PIZZA AND GRILL,HALAL PIZZA AND GRILL,,HALAL PIZZA AND GRILL,False,True,1
HALAL ROYAL CROWN CHICKEN & PIZZA,HALAL ROYAL CROWN CHICKEN AND PIZZA,HALAL ROYAL CROWN CHICKEN AND PIZZA,,HALAL ROYAL CROWN CHICKEN AND PIZZA,False,True,1
HALAL XTREME / CROWN FRIED CHICKEN,HALAL XTREME CROWN FRIED CHICKEN,HALAL XTREME CROWN FRIED CHICKEN,,HALAL XTREME CROWN FRIED CHICKEN,False,True,1
HALE AND HEARTY #1,HALE AND HEARTY,HALE AND HEARTY,,HALE AND HEARTY,False,True,1
HALF & HALF,HALF AND HALF,HALF AND HALF,,HALF AND HALF,False,True,1
HALL / ODO,HALL ODO,HALL ODO,,HALL ODO,False,True,1
HALSEY BAR & GRILL,HALSEY BAR AND GRILL,HALSEY BAR AND GRILL,,HALSEY BAR AND GRILL,False,True,1
"HAMBURGER, CELEBRITY CHEF, SIMPLY VEGAN FB6030 (CB6035)",HAMBURGER CELEBRITY CHEF SIMPLY VEGAN FB6030 CB6035,HAMBURGER CELEBRITY CHEF SIMPLY VEGAN FB6030 CB6035,,HAMBURGER CELEBRITY CHEF SIMPLY VEGAN FB6030 CB6035,False,True,1
"HAMBURGER, DAILY BURGER",HAMBURGER DAILY BURGER,HAMBURGER DAILY BURGER,,HAMBURGER DAILY BURGER,False,True,1
HAMILTON PIZZA AND PASTA,HAMILTON PIZZA AND PASTA,HAMILTON PIZZA AND PASTA,,HAMILTON PIZZA AND PASTA,False,True,1
HAMPTON INN & SUITES,HAMPTON INN AND SUITES,HAMPTON INN AND SUITES,,HAMPTON INN AND SUITES,False,True,1
HAMPTON INN NYC TIMES SQUARE & HOME2 SUITES NYC TIMES SQUARE,HAMPTON INN NYC TIMES SQUARE AND HOME2 SUITES NYC TIMES SQUARE,HAMPTON INN NYC TIMES SQUARE AND HOME2 SUITES NYC TIMES SQUARE,,HAMPTON INN NYC TIMES SQUARE AND HOME2 SUITES NYC TIMES SQUARE,False,True,1
HAMZA & MADINA HALAL FOOD,HAMZA AND MADINA HALAL FOOD,HAMZA AND MADINA HALAL FOOD,,HAMZA AND MADINA HALAL FOOD,False,True,2
HANA HOUSE / BOKKI,HANA HOUSE BOKKI,HANA HOUSE BOKKI,,HANA HOUSE BOKKI,False,True,1
HAND PULL NOODLE & DUMPLING HOUSE,HAND PULL NOODLE AND DUMPLING HOUSE,HAND PULL NOODLE AND DUMPLING HOUSE,,HAND PULL NOODLE AND DUMPLING HOUSE,False,True,1
HANDCRAFT BURGERS & BREW,HANDCRAFT BURGERS AND BREW,HANDCRAFT BURGERS AND BREW,,HANDCRAFT BURGERS AND BREW,False,True,1
HANDCRAFT KITCHEN & COCKTAILS,HANDCRAFT KITCHEN AND COCKTAILS,HANDCRAFT KITCHEN AND COCKTAILS,,HANDCRAFT KITCHEN AND COCKTAILS,False,True,1
HANGAR 11 BAR & GRILL,HANGAR 11 BAR AND GRILL,HANGAR 11 BAR AND GRILL,,HANGAR 11 BAR AND GRILL,False,True,1
HANGER BAR AND GRILL,HANGER BAR AND GRILL,HANGER BAR AND GRILL,,HANGER BAR AND GRILL,False,True,1
HANI'S BAKERY & CAFE,HANIS BAKERY AND CAFE,HANIS BAKERY AND CAFE,,HANIS BAKERY AND CAFE,False,True,1
HANK'S PIZZA / LAZZARO,HANKS PIZZA LAZZARO,HANKS PIZZA LAZZARO,,HANKS PIZZA LAZZARO,False,True,1
HAPPI CONE ICE CREAM AND CAFE,HAPPI CONE ICE CREAM AND CAFE,HAPPI CONE ICE CREAM AND CAFE,,HAPPI CONE ICE CREAM AND CAFE,False,True,1
HAPPY & HEALTHY,HAPPY AND HEALTHY,HAPPY AND HEALTHY,,HAPPY AND HEALTHY,False,True,1
HAPPY & SMILE OF NY,HAPPY AND SMILE OF NY,HAPPY AND SMILE OF NY,,HAPPY AND SMILE OF NY,False,True,1
HAPPY & SUKIRAMEN INC,HAPPY AND SUKIRAMEN,HAPPY AND SUKIRAMEN,,HAPPY AND SUKIRAMEN,False,True,1
HAPPY SANDWICH & DRINK,HAPPY SANDWICH AND DRINK,HAPPY SANDWICH AND DRINK,,HAPPY SANDWICH AND DRINK,False,True,1
HAPPY TUNA / MOMOYA SOHO,HAPPY TUNA MOMOYA SOHO,HAPPY TUNA MOMOYA SOHO,,HAPPY TUNA MOMOYA SOHO,False,True,1
HARBOR BREEZE RESTAURANT & LOUNGE,HARBOR BREEZE RESTAURANT AND LOUNGE,HARBOR BREEZE RESTAURANT AND LOUNGE,,HARBOR BREEZE RESTAURANT AND LOUNGE,False,True,1
HARLEM BAR-B-Q / NABE HARLEM,HARLEM BAR B Q NABE HARLEM,HARLEM BAR B Q NABE HARLEM,,HARLEM BAR B Q NABE HARLEM,False,True,1
HARNEY & SONS,HARNEY AND SONS,HARNEY AND SONS,,HARNEY AND SONS,False,True,1
HARPER'S BREAD HOUSE / FRUIT VANITY,HARPERS BREAD HOUSE FRUIT VANITY,HARPERS BREAD HOUSE FRUIT VANITY,,HARPERS BREAD HOUSE FRUIT VANITY,False,True,1
HARRY'S / ULYSSES',HARRYS ULYSSES,HARRYS ULYSSES,,HARRYS ULYSSES,False,True,1
HASHI RAMEN & IZAKAYA,HASHI RAMEN AND IZAKAYA,HASHI RAMEN AND IZAKAYA,,HASHI RAMEN AND IZAKAYA,False,True,1
HAV & MAR,HAV AND MAR,HAV AND MAR,,HAV AND MAR,False,True,1
HAVE & MEYER,HAVE AND MEYER,HAVE AND MEYER,,HAVE AND MEYER,False,True,1
HAVELI CAFE & HOOKAH LOUNGE,HAVELI CAFE AND HOOKAH LOUNGE,HAVELI CAFE AND HOOKAH LOUNGE,,HAVELI CAFE AND HOOKAH LOUNGE,False,True,1
HAVEN CHICKEN & SMASH BURGER,HAVEN CHICKEN AND SMASH BURGER,HAVEN CHICKEN AND SMASH BURGER,,HAVEN CHICKEN AND SMASH BURGER,False,True,1
HAVEN GRILL & SUSHI,HAVEN GRILL AND SUSHI,HAVEN GRILL AND SUSHI,,HAVEN GRILL AND SUSHI,False,True,1
HAVEN ROOFTOP / SUSHI LAB / CHEMISTRY ROOM / SUSHI BY BOU,HAVEN ROOFTOP SUSHI LAB CHEMISTRY ROOM SUSHI BY BOU,HAVEN ROOFTOP SUSHI LAB CHEMISTRY ROOM SUSHI BY BOU,,HAVEN ROOFTOP SUSHI LAB CHEMISTRY ROOM SUSHI BY BOU,False,True,1
HAWA SMOOTHIE & BUBBLE TEA,HAWA SMOOTHIE AND BUBBLE TEA,HAWA SMOOTHIE AND BUBBLE TEA,,HAWA SMOOTHIE AND BUBBLE TEA,False,True,3
HAWA SMOOTHIES & BUBBLE TEA,HAWA SMOOTHIES AND BUBBLE TEA,HAWA SMOOTHIES AND BUBBLE TEA,,HAWA SMOOTHIES AND BUBBLE TEA,False,True,3
HAYMAKER BAR & KITCHEN,HAYMAKER BAR AND KITCHEN,HAYMAKER BAR AND KITCHEN,,HAYMAKER BAR AND KITCHEN,False,True,1
HC CAMPUS EATS (LOCATED INSIDE HUNTER COLLEGE WEST BUIL. ENTRANCE IS ON 68TH STREET & LEXINGTON AVE),HC CAMPUS EATS LOCATED INSIDE HUNTER COLLEGE WEST BUIL ENTRANCE IS ON 68TH STREET AND LEXINGTON AVE,HC CAMPUS EATS LOCATED INSIDE HUNTER COLLEGE WEST BUIL ENTRANCE IS ON 68TH STREET AND LEXINGTON AVE,,HC CAMPUS EATS LOCATED INSIDE HUNTER COLLEGE WEST BUIL ENTRANCE IS ON 68TH STREET AND LEXINGTON AVE,False,True,1
HEALTHY CHOICE GOURMET DELI & PIZZA,HEALTHY CHOICE GOURMET DELI AND PIZZA,HEALTHY CHOICE GOURMET DELI AND PIZZA,,HEALTHY CHOICE GOURMET DELI AND PIZZA,False,True,1
HEALTHY CHOICE PIZZA & CAFE,HEALTHY CHOICE PIZZA AND CAFE,HEALTHY CHOICE PIZZA AND CAFE,,HEALTHY CHOICE PIZZA AND CAFE,False,True,1
"HEART & SEOUL FOOD CO, LLC",HEART AND SEOUL FOOD CO,HEART AND SEOUL FOOD CO,,HEART AND SEOUL FOOD CO,False,True,1
HEARTY AND HEALTHY,HEARTY AND HEALTHY,HEARTY AND HEALTHY,,HEARTY AND HEALTHY,False,True,1
HEAT CARIBBEAN KITCHEN & LOUNGE,HEAT CARIBBEAN KITCHEN AND LOUNGE,HEAT CARIBBEAN KITCHEN AND LOUNGE,,HEAT CARIBBEAN KITCHEN AND LOUNGE,False,True,1
HEAVEN & EARTH,HEAVEN AND EARTH,HEAVEN AND EARTH,,HEAVEN AND EARTH,False,True,1
HEAVENLY MARKET & PIZZA,HEAVENLY MARKET AND PIZZA,HEAVENLY MARKET AND PIZZA,,HEAVENLY MARKET AND PIZZA,False,True,1
HEIDI'S HOUSE BY THE SIDE OF THE ROAD/ED'S ELBOW ROOM,HEIDIS HOUSE BY THE SIDE OF THE ROAD EDS ELBOW ROOM,HEIDIS HOUSE BY THE SIDE OF THE ROAD EDS ELBOW ROOM,,HEIDIS HOUSE BY THE SIDE OF THE ROAD EDS ELBOW ROOM,False,True,1
HEKATE'S CAFE & ELIXIR LOUNGE,HEKATES CAFE AND ELIXIR LOUNGE,HEKATES CAFE AND ELIXIR LOUNGE,,HEKATES CAFE AND ELIXIR LOUNGE,False,True,1
HELEN MILLS EVENT SPACE AND THEATER,HELEN MILLS EVENT SPACE AND THEATER,HELEN MILLS EVENT SPACE AND THEATER,,HELEN MILLS EVENT SPACE AND THEATER,False,True,1
HELLO HELLO BAR AND CAFE,HELLO HELLO BAR AND CAFE,HELLO HELLO BAR AND CAFE,,HELLO HELLO BAR AND CAFE,False,True,1
HEMO'S SPOT JUICE BAR & CAFE,HEMOS SPOT JUICE BAR AND CAFE,HEMOS SPOT JUICE BAR AND CAFE,,HEMOS SPOT JUICE BAR AND CAFE,False,True,1
HENO HENO / MIROKU,HENO HENO MIROKU,HENO HENO MIROKU,,HENO HENO MIROKU,False,True,1
HENRY & THE LIONS,HENRY AND THE LIONS,HENRY AND THE LIONS,,HENRY AND THE LIONS,False,True,1
HERB N' KITCHEN / LOBBY LOUNGE / BRIDGES BAR,HERB N KITCHEN LOBBY LOUNGE BRIDGES BAR,HERB N KITCHEN LOBBY LOUNGE BRIDGES BAR,,HERB N KITCHEN LOBBY LOUNGE BRIDGES BAR,False,True,1
HERE & NOW,HERE AND NOW,HERE AND NOW,,HERE AND NOW,False,True,1
"HERITAGE GRAND BAKERY, RESTAURANT & PIZZA BAR",HERITAGE GRAND BAKERY RESTAURANT AND PIZZA BAR,HERITAGE GRAND BAKERY RESTAURANT AND PIZZA BAR,,HERITAGE GRAND BAKERY RESTAURANT AND PIZZA BAR,False,True,1
HERMANAS Y HERMANOS/SMOKE & SPICE,HERMANAS Y HERMANOS SMOKE AND SPICE,HERMANAS Y HERMANOS SMOKE AND SPICE,,HERMANAS Y HERMANOS SMOKE AND SPICE,False,True,1
HERO THAI & IZAKAYA,HERO THAI AND IZAKAYA,HERO THAI AND IZAKAYA,,HERO THAI AND IZAKAYA,False,True,1
HEROES / PEARL BOX,HEROES PEARL BOX,HEROES PEARL BOX,,HEROES PEARL BOX,False,True,1
HEX & COMPANY,HEX AND COMPANY,HEX AND COMPANY,,HEX AND COMPANY,False,True,1
HEX AND CO.,HEX AND CO,HEX AND CO,,HEX AND CO,False,True,1
HEX AND COMPANY,HEX AND COMPANY,HEX AND COMPANY,,HEX AND COMPANY,False,True,1
HI-CLASS PIZZERIA & RESTAURANT,HI CLASS PIZZERIA AND RESTAURANT,HI CLASS PIZZERIA AND RESTAURANT,,HI CLASS PIZZERIA AND RESTAURANT,False,True,1
HIBISCUS RESTAURANT & LOUNGE II,HIBISCUS RESTAURANT AND LOUNGE II,HIBISCUS RESTAURANT AND LOUNGE II,,HIBISCUS RESTAURANT AND LOUNGE II,False,True,1
HIDE & SEEK,HIDE AND SEEK,HIDE AND SEEK,,HIDE AND SEEK,False,True,1
HIGH & DRY,HIGH AND DRY,HIGH AND DRY,,HIGH AND DRY,False,True,1
HIGH LIFE PATTY & JUICE BAR,HIGH LIFE PATTY AND JUICE BAR,HIGH LIFE PATTY AND JUICE BAR,,HIGH LIFE PATTY AND JUICE BAR,False,True,1
HIGHLIFE / EL CAMINO,HIGHLIFE EL CAMINO,HIGHLIFE EL CAMINO,,HIGHLIFE EL CAMINO,False,True,1
HIGHLIGHTS RESTAURANT AND LOUNGE,HIGHLIGHTS RESTAURANT AND LOUNGE,HIGHLIGHTS RESTAURANT AND LOUNGE,,HIGHLIGHTS RESTAURANT AND LOUNGE,False,True,1
HILLSIDE CAFE / HAKUBAI / ROOF 66,HILLSIDE CAFE HAKUBAI ROOF 66,HILLSIDE CAFE HAKUBAI ROOF 66,,HILLSIDE CAFE HAKUBAI ROOF 66,False,True,1
HIMALAYAN RESTAURANT & BAR,HIMALAYAN RESTAURANT AND BAR,HIMALAYAN RESTAURANT AND BAR,,HIMALAYAN RESTAURANT AND BAR,False,True,1
HISPANIC DELI & GROCERY,HISPANIC DELI AND GROCERY,HISPANIC DELI AND GROCERY,,HISPANIC DELI AND GROCERY,False,True,1
HJ NOODLES & DUMPLINGS INC.,HJ NOODLES AND DUMPLINGS,HJ NOODLES AND DUMPLINGS,,HJ NOODLES AND DUMPLINGS,False,True,1
HK KITCHEN & DRAFT HOUSE,HK KITCHEN AND DRAFT HOUSE,HK KITCHEN AND DRAFT HOUSE,,HK KITCHEN AND DRAFT HOUSE,False,True,1
HOKEY POKE / THE CHICK SHOP,HOKEY POKE THE CHICK SHOP,HOKEY POKE THE CHICK SHOP,,HOKEY POKE THE CHICK SHOP,False,True,1
HOLE IN THE WALL CAFE / ISLA & CO. / DAINTREE ROOFTOP / MS. ALICE,HOLE IN THE WALL CAFE ISLA AND CO DAINTREE ROOFTOP MS ALICE,HOLE IN THE WALL CAFE ISLA AND CO DAINTREE ROOFTOP MS ALICE,,HOLE IN THE WALL CAFE ISLA AND CO DAINTREE ROOFTOP MS ALICE,False,True,1
HOLY COW/CHANDNI,HOLY COW CHANDNI,HOLY COW CHANDNI,,HOLY COW CHANDNI,False,True,1
HOM CAFE & WINE,HOM CAFE AND WINE,HOM CAFE AND WINE,,HOM CAFE AND WINE,False,True,1
HOME DELI & CATERING,HOME DELI AND CATERING,HOME DELI AND CATERING,,HOME DELI AND CATERING,False,True,1
HOME SWEET HOME / FIG. 19,HOME SWEET HOME FIG 19,HOME SWEET HOME FIG 19,,HOME SWEET HOME FIG 19,False,True,1
HOMETOWN HOTPOT & BBQ,HOMETOWN HOTPOT AND BBQ,HOMETOWN HOTPOT AND BBQ,,HOMETOWN HOTPOT AND BBQ,False,True,1
"HONEST RESTAURANT, KWALITY ICE CREAM",HONEST RESTAURANT KWALITY ICE CREAM,HONEST RESTAURANT KWALITY ICE CREAM,,HONEST RESTAURANT KWALITY ICE CREAM,False,True,1
HONEYBEAN CAFE & BAKERY,HONEYBEAN CAFE AND BAKERY,HONEYBEAN CAFE AND BAKERY,,HONEYBEAN CAFE AND BAKERY,False,True,1
HOOK & REEL,HOOK AND REEL,HOOK AND REEL,,HOOK AND REEL,False,True,1
HOOK & REEL CAJUN SEAFOOD & BAR,HOOK AND REEL CAJUN SEAFOOD AND BAR,HOOK AND REEL CAJUN SEAFOOD AND BAR,,HOOK AND REEL CAJUN SEAFOOD AND BAR,False,True,4
HOOPS CABARET & SPORTS BAR,HOOPS CABARET AND SPORTS BAR,HOOPS CABARET AND SPORTS BAR,,HOOPS CABARET AND SPORTS BAR,False,True,1
HOPE AND LIFE,HOPE AND LIFE,HOPE AND LIFE,,HOPE AND LIFE,False,True,1
HORSE & JOCKEY,HORSE AND JOCKEY,HORSE AND JOCKEY,,HORSE AND JOCKEY,False,True,1
HORSES & DIVORCES,HORSES AND DIVORCES,HORSES AND DIVORCES,,HORSES AND DIVORCES,False,True,1
"HOT DOG CONCESSION, GARDEN MARKET",HOT DOG CONCESSION GARDEN MARKET,HOT DOG CONCESSION GARDEN MARKET,,HOT DOG CONCESSION GARDEN MARKET,False,True,1
HOT SPOT GRILL & JERK,HOT SPOT GRILL AND JERK,HOT SPOT GRILL AND JERK,,HOT SPOT GRILL AND JERK,False,True,1
HOT STIX  HOTPOT & BBQ,HOT STIX HOTPOT AND BBQ,HOT STIX HOTPOT AND BBQ,,HOT STIX HOTPOT AND BBQ,False,True,1
HOT WINGS & PIZZA,HOT WINGS AND PIZZA,HOT WINGS AND PIZZA,,HOT WINGS AND PIZZA,False,True,1
HOU HOT POT & EXTREME JI CHINESE BBQ,HOU HOT POT AND EXTREME JI CHINESE BBQ,HOU HOT POT AND EXTREME JI CHINESE BBQ,,HOU HOT POT AND EXTREME JI CHINESE BBQ,False,True,1
HOUSE BAGEL & BURGER,HOUSE BAGEL AND BURGER,HOUSE BAGEL AND BURGER,,HOUSE BAGEL AND BURGER,False,True,1
HOUSE OF PIZZA & CALZONES,HOUSE OF PIZZA AND CALZONES,HOUSE OF PIZZA AND CALZONES,,HOUSE OF PIZZA AND CALZONES,False,True,1
HOUSE PARTY CAFE & LOUNGE,HOUSE PARTY CAFE AND LOUNGE,HOUSE PARTY CAFE AND LOUNGE,,HOUSE PARTY CAFE AND LOUNGE,False,True,1
HOWL AT THE MOON BAR & GRILL,HOWL AT THE MOON BAR AND GRILL,HOWL AT THE MOON BAR AND GRILL,,HOWL AT THE MOON BAR AND GRILL,False,True,1
HUASCAR & COMPANY BAKESHOP,HUASCAR AND COMPANY BAKESHOP,HUASCAR AND COMPANY BAKESHOP,,HUASCAR AND COMPANY BAKESHOP,False,True,1
HUDSON BAR & BOOKS,HUDSON BAR AND BOOKS,HUDSON BAR AND BOOKS,,HUDSON BAR AND BOOKS,False,True,1
HUDSON CRAB & 'CUE,HUDSON CRAB AND CUE,HUDSON CRAB AND CUE,,HUDSON CRAB AND CUE,False,True,1
"HUDSON NIA JFK T1, JV",HUDSON NIA JFK T1 JV,HUDSON NIA JFK T1 JV,,HUDSON NIA JFK T1 JV,False,True,1
HUGHES HUBBARD & REED LLP,HUGHES HUBBARD AND REED LLP,HUGHES HUBBARD AND REED LLP,,HUGHES HUBBARD AND REED LLP,False,True,1
HUMMUS & PITA CO,HUMMUS AND PITA CO,HUMMUS AND PITA CO,,HUMMUS AND PITA CO,False,True,1
HUNGRY GHOST / IMPASTO,HUNGRY GHOST IMPASTO,HUNGRY GHOST IMPASTO,,HUNGRY GHOST IMPASTO,False,True,1
HUNGRY GHOST COFFEE / BAR FRANCIS,HUNGRY GHOST COFFEE BAR FRANCIS,HUNGRY GHOST COFFEE BAR FRANCIS,,HUNGRY GHOST COFFEE BAR FRANCIS,False,True,1
HUNT & FISH CLUB,HUNT AND FISH CLUB,HUNT AND FISH CLUB,,HUNT AND FISH CLUB,False,True,2
HUNT & FISH GRILL,HUNT AND FISH GRILL,HUNT AND FISH GRILL,,HUNT AND FISH GRILL,False,True,1
HUNTER'S STEAK & ALE HOUSE,HUNTERS STEAK AND ALE HOUSE,HUNTERS STEAK AND ALE HOUSE,,HUNTERS STEAK AND ALE HOUSE,False,True,1
HUNTS POINT JUICE BAR & DELI,HUNTS POINT JUICE BAR AND DELI,HUNTS POINT JUICE BAR AND DELI,,HUNTS POINT JUICE BAR AND DELI,False,True,1
HURON CLUB / SOHO PLAYHOUSE,HURON CLUB SOHO PLAYHOUSE,HURON CLUB SOHO PLAYHOUSE,,HURON CLUB SOHO PLAYHOUSE,False,True,1
HUTCH & WALDO,HUTCH AND WALDO,HUTCH AND WALDO,,HUTCH AND WALDO,False,True,2
HUTCH & WALDO COFFEE,HUTCH AND WALDO COFFEE,HUTCH AND WALDO COFFEE,,HUTCH AND WALDO COFFEE,False,True,1
"HYATT HOUSE NEW YORK, CHELSEA",HYATT HOUSE NEW YORK CHELSEA,HYATT HOUSE NEW YORK CHELSEA,,HYATT HOUSE NEW YORK CHELSEA,False,True,1
HYATT PLACE NEW YORK CITY/TIMES SQUARE,HYATT PLACE NEW YORK CITY TIMES SQUARE,HYATT PLACE NEW YORK CITY TIMES SQUARE,,HYATT PLACE NEW YORK CITY TIMES SQUARE,False,True,1
"HYATT, NY CENTRAL, ROOM SERVICE",HYATT NY CENTRAL ROOM SERVICE,HYATT NY CENTRAL ROOM SERVICE,,HYATT NY CENTRAL ROOM SERVICE,False,True,1
HYLAN CURRY & GRILL,HYLAN CURRY AND GRILL,HYLAN CURRY AND GRILL,,HYLAN CURRY AND GRILL,False,True,1
Halal Fresh Chinese & Indian Cuisine,HALAL FRESH CHINESE AND INDIAN CUISINE,HALAL FRESH CHINESE AND INDIAN CUISINE,,HALAL FRESH CHINESE AND INDIAN CUISINE,False,True,1
Hummingbird Grill & Bar,HUMMINGBIRD GRILL AND BAR,HUMMINGBIRD GRILL AND BAR,,HUMMINGBIRD GRILL AND BAR,False,True,1
"I. & L. DELICACIES,INC.",I AND L DELICACIES,I AND L DELICACIES,,I AND L DELICACIES,False,True,1
ICE CREAM CENTER & CAFE,ICE CREAM CENTER AND CAFE,ICE CREAM CENTER AND CAFE,,ICE CREAM CENTER AND CAFE,False,True,1
ICHIBAN SUSHI AND CAJUN HARBOR,ICHIBAN SUSHI AND CAJUN HARBOR,ICHIBAN SUSHI AND CAJUN HARBOR,,ICHIBAN SUSHI AND CAJUN HARBOR,False,True,1
"ICNY TIMES SQUARE OWNER, LP",ICNY TIMES SQUARE OWNER LP,ICNY TIMES SQUARE OWNER LP,,ICNY TIMES SQUARE OWNER LP,False,True,1
IDEN & QUANJUDE,IDEN AND QUANJUDE,IDEN AND QUANJUDE,,IDEN AND QUANJUDE,False,True,1
IDLE MIND TAVERN / CADET COFFEE,IDLE MIND TAVERN CADET COFFEE,IDLE MIND TAVERN CADET COFFEE,,IDLE MIND TAVERN CADET COFFEE,False,True,1
IFFYS HOT CHICKEN & WINGS,IFFYS HOT CHICKEN AND WINGS,IFFYS HOT CHICKEN AND WINGS,,IFFYS HOT CHICKEN AND WINGS,False,True,1
IGNIGHT KTV & BAR,IGNIGHT KTV AND BAR,IGNIGHT KTV AND BAR,,IGNIGHT KTV AND BAR,False,True,1
IL BUCO ALIMENTARI & VINERIA,IL BUCO ALIMENTARI AND VINERIA,IL BUCO ALIMENTARI AND VINERIA,,IL BUCO ALIMENTARI AND VINERIA,False,True,1
IL FORNO / IRON BAR & GRILL,IL FORNO IRON BAR AND GRILL,IL FORNO IRON BAR AND GRILL,,IL FORNO IRON BAR AND GRILL,False,True,1
ILLUSIONS HOOKAH & MIXOLOGY LOUNGE,ILLUSIONS HOOKAH AND MIXOLOGY LOUNGE,ILLUSIONS HOOKAH AND MIXOLOGY LOUNGE,,ILLUSIONS HOOKAH AND MIXOLOGY LOUNGE,False,True,1
IMPERIAL RESTAURANT CAFE & BAR,IMPERIAL RESTAURANT CAFE AND BAR,IMPERIAL RESTAURANT CAFE AND BAR,,IMPERIAL RESTAURANT CAFE AND BAR,False,True,1
INB DELI AND MORE,INB DELI AND MORE,INB DELI AND MORE,,INB DELI AND MORE,False,True,1
INDIAN GRILL WRAP & GO,INDIAN GRILL WRAP AND GO,INDIAN GRILL WRAP AND GO,,INDIAN GRILL WRAP AND GO,False,True,1
"INDIENNE NYC, ELDER, APAS BAR",INDIENNE NYC ELDER APAS BAR,INDIENNE NYC ELDER APAS BAR,,INDIENNE NYC ELDER APAS BAR,False,True,1
INDN SMALL PLATES AND COCKTAILS,INDN SMALL PLATES AND COCKTAILS,INDN SMALL PLATES AND COCKTAILS,,INDN SMALL PLATES AND COCKTAILS,False,True,1
INDO MIX / OH SWEET MASON,INDO MIX OH SWEET MASON,INDO MIX OH SWEET MASON,,INDO MIX OH SWEET MASON,False,True,1
INNER CIRCLE BAR & LOUNGE,INNER CIRCLE BAR AND LOUNGE,INNER CIRCLE BAR AND LOUNGE,,INNER CIRCLE BAR AND LOUNGE,False,True,1
INTERLUDE COFFEE & TEA,INTERLUDE COFFEE AND TEA,INTERLUDE COFFEE AND TEA,,INTERLUDE COFFEE AND TEA,False,True,2
INTERNET AND COFFEE,INTERNET AND COFFEE,INTERNET AND COFFEE,,INTERNET AND COFFEE,False,True,1
INTRIGUE BAR AND RESTAURANT,INTRIGUE BAR AND RESTAURANT,INTRIGUE BAR AND RESTAURANT,,INTRIGUE BAR AND RESTAURANT,False,True,1
INWOOD BAR AND GRILL,INWOOD BAR AND GRILL,INWOOD BAR AND GRILL,,INWOOD BAR AND GRILL,False,True,1
IO&TE,IO AND TE,IO AND TE,,IO AND TE,False,True,1
ISLA & CO.,ISLA AND CO,ISLA AND CO,,ISLA AND CO,False,True,1
ISLAND JUICE AND GRILL,ISLAND JUICE AND GRILL,ISLAND JUICE AND GRILL,,ISLAND JUICE AND GRILL,False,True,1
ISLAND ROOTS JUICE BAR & CAFE,ISLAND ROOTS JUICE BAR AND CAFE,ISLAND ROOTS JUICE BAR AND CAFE,,ISLAND ROOTS JUICE BAR AND CAFE,False,True,1
ISLAND SOCIAL BAR & GRILL,ISLAND SOCIAL BAR AND GRILL,ISLAND SOCIAL BAR AND GRILL,,ISLAND SOCIAL BAR AND GRILL,False,True,1
ITTADI GARDEN & GRILL,ITTADI GARDEN AND GRILL,ITTADI GARDEN AND GRILL,,ITTADI GARDEN AND GRILL,False,True,1
IZAKAYA SUSHI & LOUNGE,IZAKAYA SUSHI AND LOUNGE,IZAKAYA SUSHI AND LOUNGE,,IZAKAYA SUSHI AND LOUNGE,False,True,1
J & C SEAFOOD,J AND C SEAFOOD,J AND C SEAFOOD,,J AND C SEAFOOD,False,True,1
J & E PARTY,J AND E PARTY,J AND E PARTY,,J AND E PARTY,False,True,1
J & J PIZZA,J AND J PIZZA,J AND J PIZZA,,J AND J PIZZA,False,True,1
J & J RESTAURANT & CUCHIFRITOS,J AND J RESTAURANT AND CUCHIFRITOS,J AND J RESTAURANT AND CUCHIFRITOS,,J AND J RESTAURANT AND CUCHIFRITOS,False,True,1
J & K GOURMET,J AND K GOURMET,J AND K GOURMET,,J AND K GOURMET,False,True,1
J & L GOURMET CHEF INC.,J AND L GOURMET CHEF,J AND L GOURMET CHEF,,J AND L GOURMET CHEF,False,True,1
J & M BAKERY,J AND M BAKERY,J AND M BAKERY,,J AND M BAKERY,False,True,1
J & M KELLYS JAMAICAN & AMERICAN RESTAURANT,J AND M KELLYS JAMAICAN AND AMERICAN RESTAURANT,J AND M KELLYS JAMAICAN AND AMERICAN RESTAURANT,,J AND M KELLYS JAMAICAN AND AMERICAN RESTAURANT,False,True,1
J & P RUNWAY CAFE,J AND P RUNWAY CAFE,J AND P RUNWAY CAFE,,J AND P RUNWAY CAFE,False,True,1
J & R JAMAICAN RESTAURANT,J AND R JAMAICAN RESTAURANT,J AND R JAMAICAN RESTAURANT,,J AND R JAMAICAN RESTAURANT,False,True,1
J ADORE CAFE & PIZZA,J ADORE CAFE AND PIZZA,J ADORE CAFE AND PIZZA,,J ADORE CAFE AND PIZZA,False,True,1
J AND C RESTAURANT,J AND C RESTAURANT,J AND C RESTAURANT,,J AND C RESTAURANT,False,True,1
J&A SUSHI,J AND A SUSHI,J AND A SUSHI,,J AND A SUSHI,False,True,1
J&D PIZZERIA,J AND D PIZZERIA,J AND D PIZZERIA,,J AND D PIZZERIA,False,True,1
J&M MEXICAN GRILL CORP,J AND M MEXICAN GRILL,J AND M MEXICAN GRILL,,J AND M MEXICAN GRILL,False,True,1
J&M PIZZA,J AND M PIZZA,J AND M PIZZA,,J AND M PIZZA,False,True,1
J&T HOT PIZZA,J AND T HOT PIZZA,J AND T HOT PIZZA,,J AND T HOT PIZZA,False,True,1
J&V FAMOUS PIZZA,J AND V FAMOUS PIZZA,J AND V FAMOUS PIZZA,,J AND V FAMOUS PIZZA,False,True,1
J. BESPOKE / IRVING FARM NEW YORK,J BESPOKE IRVING FARM NEW YORK,J BESPOKE IRVING FARM NEW YORK,,J BESPOKE IRVING FARM NEW YORK,False,True,1
"J.F. SEAGRAM & SONS, INC (BFS)",J F SEAGRAM AND SONS INC BFS,J F SEAGRAM AND SONS INC BFS,,J F SEAGRAM AND SONS INC BFS,False,True,1
JACK & CHARLIE'S NO. 118,JACK AND CHARLIES NO 118,JACK AND CHARLIES NO 118,,JACK AND CHARLIES NO 118,False,True,1
JACK DOYLES PUB & RESTAURANT,JACK DOYLES PUB AND RESTAURANT,JACK DOYLES PUB AND RESTAURANT,,JACK DOYLES PUB AND RESTAURANT,False,True,1
JADE EATERY AND LOUNGE,JADE EATERY AND LOUNGE,JADE EATERY AND LOUNGE,,JADE EATERY AND LOUNGE,False,True,1
JAIRO & ANTHONY GROCERY DELI,JAIRO AND ANTHONY GROCERY DELI,JAIRO AND ANTHONY GROCERY DELI,,JAIRO AND ANTHONY GROCERY DELI,False,True,1
JALAO NYC/LOBBY,JALAO NYC LOBBY,JALAO NYC LOBBY,,JALAO NYC LOBBY,False,True,1
JAMAICA HALAL WINGS/APNAR CHA GHAR,JAMAICA HALAL WINGS APNAR CHA GHAR,JAMAICA HALAL WINGS APNAR CHA GHAR,,JAMAICA HALAL WINGS APNAR CHA GHAR,False,True,1
JAMAICA POOL & PIZZA,JAMAICA POOL AND PIZZA,JAMAICA POOL AND PIZZA,,JAMAICA POOL AND PIZZA,False,True,1
JAMES GIBNEY & SONS,JAMES GIBNEY AND SONS,JAMES GIBNEY AND SONS,,JAMES GIBNEY AND SONS,False,True,1
JARABACOA CAFE AND DELI CORP,JARABACOA CAFE AND DELI,JARABACOA CAFE AND DELI,,JARABACOA CAFE AND DELI,False,True,1
JASPER'S TAPHOUSE & KITCHEN,JASPERS TAPHOUSE AND KITCHEN,JASPERS TAPHOUSE AND KITCHEN,,JASPERS TAPHOUSE AND KITCHEN,False,True,1
JAY & SON LATIN FLAVOR,JAY AND SON LATIN FLAVOR,JAY AND SON LATIN FLAVOR,,JAY AND SON LATIN FLAVOR,False,True,1
JAY'S SWEETS & SNACKERIA,JAYS SWEETS AND SNACKERIA,JAYS SWEETS AND SNACKERIA,,JAYS SWEETS AND SNACKERIA,False,True,1
JBC RAMEN & DUMPLINGS,JBC RAMEN AND DUMPLINGS,JBC RAMEN AND DUMPLINGS,,JBC RAMEN AND DUMPLINGS,False,True,1
JD BREAKFAST & COFFEE,JD BREAKFAST AND COFFEE,JD BREAKFAST AND COFFEE,,JD BREAKFAST AND COFFEE,False,True,1
"JEAN-GEORGES SIMPLY TACOS, TASTY NACHO BAR",JEAN GEORGES SIMPLY TACOS TASTY NACHO BAR,JEAN GEORGES SIMPLY TACOS TASTY NACHO BAR,,JEAN GEORGES SIMPLY TACOS TASTY NACHO BAR,False,True,1
JEN'S ROTI SHOP AND BAKERY,JENS ROTI SHOP AND BAKERY,JENS ROTI SHOP AND BAKERY,,JENS ROTI SHOP AND BAKERY,False,True,1
JERK SMOKE AND CO,JERK SMOKE AND CO,JERK SMOKE AND CO,,JERK SMOKE AND CO,False,True,1
JEROME'S PIZZA & PASTA,JEROMES PIZZA AND PASTA,JEROMES PIZZA AND PASTA,,JEROMES PIZZA AND PASTA,False,True,1
"JFK EATERY- EMPLOYEE CAFE (FL 1, CAGES 4 + 6)",JFK EATERY EMPLOYEE CAFE FL 1 CAGES 4 6,JFK EATERY EMPLOYEE CAFE FL 1 CAGES 4 6,,JFK EATERY EMPLOYEE CAFE FL 1 CAGES 4 6,False,True,1
JHELUM MART AND CAFE,JHELUM MART AND CAFE,JHELUM MART AND CAFE,,JHELUM MART AND CAFE,False,True,1
JHOANES BAKERY & COFFEE,JHOANES BAKERY AND COFFEE,JHOANES BAKERY AND COFFEE,,JHOANES BAKERY AND COFFEE,False,True,1
JI BEI CHUAN: RICE NOODLE & RAMEN,JI BEI CHUAN RICE NOODLE AND RAMEN,JI BEI CHUAN RICE NOODLE AND RAMEN,,JI BEI CHUAN RICE NOODLE AND RAMEN,False,True,1
JILLICIOUS FOODS & EVENTS LLC,JILLICIOUS FOODS AND EVENTS,JILLICIOUS FOODS AND EVENTS,,JILLICIOUS FOODS AND EVENTS,False,True,1
JIMMY'S CAFE & DELI,JIMMYS CAFE AND DELI,JIMMYS CAFE AND DELI,,JIMMYS CAFE AND DELI,False,True,1
JIN NOODLE AND SUSHI,JIN NOODLE AND SUSHI,JIN NOODLE AND SUSHI,,JIN NOODLE AND SUSHI,False,True,1
JIN RAMEN & SUSHI,JIN RAMEN AND SUSHI,JIN RAMEN AND SUSHI,,JIN RAMEN AND SUSHI,False,True,1
JJ FISH & CHICKEN,JJ FISH AND CHICKEN,JJ FISH AND CHICKEN,,JJ FISH AND CHICKEN,False,True,1
JJ'S COFFEE SHOP AND RESTAURANT FRITAILLE,JJS COFFEE SHOP AND RESTAURANT FRITAILLE,JJS COFFEE SHOP AND RESTAURANT FRITAILLE,,JJS COFFEE SHOP AND RESTAURANT FRITAILLE,False,True,1
JK & SONS COFFEE SHOP,JK AND SONS COFFEE SHOP,JK AND SONS COFFEE SHOP,,JK AND SONS COFFEE SHOP,False,True,1
JOE & JOHN'S PIZZERIA,JOE AND JOHNS PIZZERIA,JOE AND JOHNS PIZZERIA,,JOE AND JOHNS PIZZERIA,False,True,1
JOE & PAT'S,JOE AND PATS,JOE AND PATS,,JOE AND PATS,False,True,2
JOE & SAL'S PIZZERIA,JOE AND SALS PIZZERIA,JOE AND SALS PIZZERIA,,JOE AND SALS PIZZERIA,False,True,2
JOE & THE JUICE,JOE AND THE JUICE,JOE AND THE JUICE,,JOE AND THE JUICE,False,True,30
JOE & THE JUICE (OCULUS WESTFIELD),JOE AND THE JUICE OCULUS WESTFIELD,JOE AND THE JUICE OCULUS WESTFIELD,,JOE AND THE JUICE OCULUS WESTFIELD,False,True,1
JOE & THE JUICE BROAD ST,JOE AND THE JUICE BROAD ST,JOE AND THE JUICE BROAD ST,,JOE AND THE JUICE BROAD ST,False,True,1
JOE BROADWAY'S BILLIARDS AND SPORTS PUB,JOE BROADWAYS BILLIARDS AND SPORTS PUB,JOE BROADWAYS BILLIARDS AND SPORTS PUB,,JOE BROADWAYS BILLIARDS AND SPORTS PUB,False,True,1
JOE'S BAR & GRILL,JOES BAR AND GRILL,JOES BAR AND GRILL,,JOES BAR AND GRILL,False,True,1
JOE'S PIZZA & PASTA,JOES PIZZA AND PASTA,JOES PIZZA AND PASTA,JOES PIZZA,JOES PIZZA AND PASTA,False,True,1
JOE'S PUB / THE LIBRARY AT THE PUBLIC,JOES PUB THE LIBRARY AT THE PUBLIC,JOES PUB THE LIBRARY AT THE PUBLIC,,JOES PUB THE LIBRARY AT THE PUBLIC,False,True,1
JOES PIZZA & PASTA,JOES PIZZA AND PASTA,JOES PIZZA AND PASTA,JOES PIZZA,JOES PIZZA AND PASTA,False,True,1
JOHN & JOE PIZZERIA & RESTAURANT,JOHN AND JOE PIZZERIA AND RESTAURANT,JOHN AND JOE PIZZERIA AND RESTAURANT,,JOHN AND JOE PIZZERIA AND RESTAURANT,False,True,1
JOHN DEVOY'S BAR & KITCHEN,JOHN DEVOYS BAR AND KITCHEN,JOHN DEVOYS BAR AND KITCHEN,,JOHN DEVOYS BAR AND KITCHEN,False,True,1
JOHN DOE BAR & KITCHEN,JOHN DOE BAR AND KITCHEN,JOHN DOE BAR AND KITCHEN,,JOHN DOE BAR AND KITCHEN,False,True,1
JOHN'S DONUT & COFFEE SHOP,JOHNS DONUT AND COFFEE SHOP,JOHNS DONUT AND COFFEE SHOP,,JOHNS DONUT AND COFFEE SHOP,False,True,1
JOHN'S PIZZERIA & RESTAURANT,JOHNS PIZZERIA AND RESTAURANT,JOHNS PIZZERIA AND RESTAURANT,,JOHNS PIZZERIA AND RESTAURANT,False,True,1
JOHNNY DELI & GROCERY,JOHNNY DELI AND GROCERY,JOHNNY DELI AND GROCERY,,JOHNNY DELI AND GROCERY,False,True,1
JOHNNYS RESTAAURNAT BAR & LOUNGE INC,JOHNNYS RESTAAURNAT BAR AND LOUNGE,JOHNNYS RESTAAURNAT BAR AND LOUNGE,,JOHNNYS RESTAAURNAT BAR AND LOUNGE,False,True,1
JOJO CHICKEN/LAO JIE,JOJO CHICKEN LAO JIE,JOJO CHICKEN LAO JIE,,JOJO CHICKEN LAO JIE,False,True,1
JOJU / JOJU BOWL,JOJU JOJU BOWL,JOJU JOJU BOWL,,JOJU JOJU BOWL,False,True,1
JOLLOF CAFE & GRILL,JOLLOF CAFE AND GRILL,JOLLOF CAFE AND GRILL,,JOLLOF CAFE AND GRILL,False,True,1
JONES DAY CAFE & COFFEE BAR,JONES DAY CAFE AND COFFEE BAR,JONES DAY CAFE AND COFFEE BAR,,JONES DAY CAFE AND COFFEE BAR,False,True,1
JORDAN SNACK BAR AND BURGER,JORDAN SNACK BAR AND BURGER,JORDAN SNACK BAR AND BURGER,,JORDAN SNACK BAR AND BURGER,False,True,1
JOY CURRY & TANDOOR,JOY CURRY AND TANDOOR,JOY CURRY AND TANDOOR,,JOY CURRY AND TANDOOR,False,True,1
"JP MORGAN CHASE BANK, CLIENT DINING ROOM",JP MORGAN CHASE BANK CLIENT DINING ROOM,JP MORGAN CHASE BANK CLIENT DINING ROOM,,JP MORGAN CHASE BANK CLIENT DINING ROOM,False,True,1
JR & SON,JR AND SON,JR AND SON,,JR AND SON,False,True,1
JS RESTAURANT & DINER,JS RESTAURANT AND DINER,JS RESTAURANT AND DINER,,JS RESTAURANT AND DINER,False,True,1
JUDITH'S CUISINE & PATISSERIE,JUDITHS CUISINE AND PATISSERIE,JUDITHS CUISINE AND PATISSERIE,,JUDITHS CUISINE AND PATISSERIE,False,True,1
JUDY & PUNCH,JUDY AND PUNCH,JUDY AND PUNCH,,JUDY AND PUNCH,False,True,1
JUI BITE JUICE BAR & CAFE,JUI BITE JUICE BAR AND CAFE,JUI BITE JUICE BAR AND CAFE,,JUI BITE JUICE BAR AND CAFE,False,True,1
JUICE & GEMS,JUICE AND GEMS,JUICE AND GEMS,,JUICE AND GEMS,False,True,1
JUICE HEALTHY FOOD AND DRINKS/ AL HORNO,JUICE HEALTHY FOOD AND DRINKS AL HORNO,JUICE HEALTHY FOOD AND DRINKS AL HORNO,,JUICE HEALTHY FOOD AND DRINKS AL HORNO,False,True,1
JUJU CAFE & DELI,JUJU CAFE AND DELI,JUJU CAFE AND DELI,,JUJU CAFE AND DELI,False,True,1
JUKE BOX JUICE & SALAD,JUKE BOX JUICE AND SALAD,JUKE BOX JUICE AND SALAD,,JUKE BOX JUICE AND SALAD,False,True,1
"JULES PIZZA, INC.",JULES PIZZA,JULES PIZZA,,JULES PIZZA,False,True,1
JULIE'S BAKERY & ROTI SHOP,JULIES BAKERY AND ROTI SHOP,JULIES BAKERY AND ROTI SHOP,,JULIES BAKERY AND ROTI SHOP,False,True,1
JULIEAT'S BUBBLE TEA & DESSERT CAFE,JULIEATS BUBBLE TEA AND DESSERT CAFE,JULIEATS BUBBLE TEA AND DESSERT CAFE,,JULIEATS BUBBLE TEA AND DESSERT CAFE,False,True,1
JULIZA COLOMBIAN & LATIN FUSION,JULIZA COLOMBIAN AND LATIN FUSION,JULIZA COLOMBIAN AND LATIN FUSION,,JULIZA COLOMBIAN AND LATIN FUSION,False,True,1
JUN'S MACARON & GELATO CAFE,JUNS MACARON AND GELATO CAFE,JUNS MACARON AND GELATO CAFE,,JUNS MACARON AND GELATO CAFE,False,True,1
JUNE'S BAKERY & CAFE,JUNES BAKERY AND CAFE,JUNES BAKERY AND CAFE,,JUNES BAKERY AND CAFE,False,True,1
JUS CHILL BAR & GRILL,JUS CHILL BAR AND GRILL,JUS CHILL BAR AND GRILL,,JUS CHILL BAR AND GRILL,False,True,1
JUS FISHY & BEYOND,JUS FISHY AND BEYOND,JUS FISHY AND BEYOND,,JUS FISHY AND BEYOND,False,True,1
Juan Pachanga's Sports Bar & Restaurant,JUAN PACHANGAS SPORTS BAR AND RESTAURANT,JUAN PACHANGAS SPORTS BAR AND RESTAURANT,,JUAN PACHANGAS SPORTS BAR AND RESTAURANT,False,True,1
K & E FAST FOOD,K AND E FAST FOOD,K AND E FAST FOOD,,K AND E FAST FOOD,False,True,1
K & K SUPER BUFFET,K AND K SUPER BUFFET,K AND K SUPER BUFFET,,K AND K SUPER BUFFET,False,True,1
K & L DELICATESSEN,K AND L DELICATESSEN,K AND L DELICATESSEN,,K AND L DELICATESSEN,False,True,1
K & L MANOR,K AND L MANOR,K AND L MANOR,,K AND L MANOR,False,True,1
K & L RESTAURANT AND CATERING SERVICE,K AND L RESTAURANT AND CATERING SERVICE,K AND L RESTAURANT AND CATERING SERVICE,,K AND L RESTAURANT AND CATERING SERVICE,False,True,1
K & Q RESTAURANT,K AND Q RESTAURANT,K AND Q RESTAURANT,,K AND Q RESTAURANT,False,True,1
K & V BAKERY,K AND V BAKERY,K AND V BAKERY,,K AND V BAKERY,False,True,1
K POT KOREAN BBQ & HOT POT,K POT KOREAN BBQ AND HOT POT,K POT KOREAN BBQ AND HOT POT,,K POT KOREAN BBQ AND HOT POT,False,True,1
K SUSHI & BAR,K SUSHI AND BAR,K SUSHI AND BAR,,K SUSHI AND BAR,False,True,1
K&A SANDWICH CITY CORP,K AND A SANDWICH CITY,K AND A SANDWICH CITY,,K AND A SANDWICH CITY,False,True,1
K&T'S ITAL VITAL JUICE BAR CO.,K AND TS ITAL VITAL JUICE BAR CO,K AND TS ITAL VITAL JUICE BAR CO,,K AND TS ITAL VITAL JUICE BAR CO,False,True,1
"K-TOWN FOOD COURT, LLC",K TOWN FOOD COURT,K TOWN FOOD COURT,,K TOWN FOOD COURT,False,True,1
KABAWA / BAR KABAWA,KABAWA BAR KABAWA,KABAWA BAR KABAWA,,KABAWA BAR KABAWA,False,True,1
KABAYAN BISTRO LOUNGE & BANQUET,KABAYAN BISTRO LOUNGE AND BANQUET,KABAYAN BISTRO LOUNGE AND BANQUET,,KABAYAN BISTRO LOUNGE AND BANQUET,False,True,1
KABAYAN RESTAURANT AND BAKERY,KABAYAN RESTAURANT AND BAKERY,KABAYAN RESTAURANT AND BAKERY,,KABAYAN RESTAURANT AND BAKERY,False,True,1
KABOOZ'S BAR & GRILLE,KABOOZS BAR AND GRILLE,KABOOZS BAR AND GRILLE,,KABOOZS BAR AND GRILLE,False,True,1
KAIDA COFFEE & BAKERY,KAIDA COFFEE AND BAKERY,KAIDA COFFEE AND BAKERY,,KAIDA COFFEE AND BAKERY,False,True,1
KAIETEUR RESTAURANT & BAKERY,KAIETEUR RESTAURANT AND BAKERY,KAIETEUR RESTAURANT AND BAKERY,,KAIETEUR RESTAURANT AND BAKERY,False,True,1
KAMA RESTAURANT & LOUNGE,KAMA RESTAURANT AND LOUNGE,KAMA RESTAURANT AND LOUNGE,,KAMA RESTAURANT AND LOUNGE,False,True,1
KANOXXO CAFE & DELI,KANOXXO CAFE AND DELI,KANOXXO CAFE AND DELI,,KANOXXO CAFE AND DELI,False,True,1
KANSAS CHICKEN & BURGER,KANSAS CHICKEN AND BURGER,KANSAS CHICKEN AND BURGER,,KANSAS CHICKEN AND BURGER,False,True,4
KANU BAR/GRILL,KANU BAR GRILL,KANU BAR GRILL,,KANU BAR GRILL,False,True,1
KARAMELO BAR & KITCHEN,KARAMELO BAR AND KITCHEN,KARAMELO BAR AND KITCHEN,,KARAMELO BAR AND KITCHEN,False,True,1
KASBAH BBQ & GRILL,KASBAH BBQ AND GRILL,KASBAH BBQ AND GRILL,,KASBAH BBQ AND GRILL,False,True,1
KASSIM'S BAKERY & RESTAURANT,KASSIMS BAKERY AND RESTAURANT,KASSIMS BAKERY AND RESTAURANT,,KASSIMS BAKERY AND RESTAURANT,False,True,1
KATI THAI NOODLE & RICE,KATI THAI NOODLE AND RICE,KATI THAI NOODLE AND RICE,,KATI THAI NOODLE AND RICE,False,True,1
KEG & LANTERN,KEG AND LANTERN,KEG AND LANTERN,,KEG AND LANTERN,False,True,3
KEG & LANTERN BREWING,KEG AND LANTERN BREWING,KEG AND LANTERN BREWING,,KEG AND LANTERN BREWING,False,True,1
KELLY COMMONS/ KELLY RETAIL,KELLY COMMONS KELLY RETAIL,KELLY COMMONS KELLY RETAIL,,KELLY COMMONS KELLY RETAIL,False,True,1
KELLY D JAMAICAN AND AMERICAN RESTAURANT,KELLY D JAMAICAN AND AMERICAN RESTAURANT,KELLY D JAMAICAN AND AMERICAN RESTAURANT,,KELLY D JAMAICAN AND AMERICAN RESTAURANT,False,True,2
KELLY'S PARK BAKERY AND CAFE,KELLYS PARK BAKERY AND CAFE,KELLYS PARK BAKERY AND CAFE,,KELLYS PARK BAKERY AND CAFE,False,True,1
KENEDY CHICKEN & PIZZA,KENEDY CHICKEN AND PIZZA,KENEDY CHICKEN AND PIZZA,,KENEDY CHICKEN AND PIZZA,False,True,1
KENNEDY BURGER AND SHAKE,KENNEDY BURGER AND SHAKE,KENNEDY BURGER AND SHAKE,,KENNEDY BURGER AND SHAKE,False,True,1
KENNEDY CHICKEN & BURGER,KENNEDY CHICKEN AND BURGER,KENNEDY CHICKEN AND BURGER,,KENNEDY CHICKEN AND BURGER,False,True,2
KENNEDY CHICKEN & BURGERS,KENNEDY CHICKEN AND BURGERS,KENNEDY CHICKEN AND BURGERS,,KENNEDY CHICKEN AND BURGERS,False,True,3
KENNEDY CHICKEN & GRILL,KENNEDY CHICKEN AND GRILL,KENNEDY CHICKEN AND GRILL,,KENNEDY CHICKEN AND GRILL,False,True,3
KENNEDY CHICKEN & HALAL GRILL,KENNEDY CHICKEN AND HALAL GRILL,KENNEDY CHICKEN AND HALAL GRILL,,KENNEDY CHICKEN AND HALAL GRILL,False,True,1
KENNEDY CHICKEN & PIZZA,KENNEDY CHICKEN AND PIZZA,KENNEDY CHICKEN AND PIZZA,,KENNEDY CHICKEN AND PIZZA,False,True,6
KENNEDY CHICKEN & SANDWICHES,KENNEDY CHICKEN AND SANDWICHES,KENNEDY CHICKEN AND SANDWICHES,,KENNEDY CHICKEN AND SANDWICHES,False,True,1
KENNEDY CHICKEN AND BURGER,KENNEDY CHICKEN AND BURGER,KENNEDY CHICKEN AND BURGER,,KENNEDY CHICKEN AND BURGER,False,True,1
KENNEDY CHICKEN AND BURGERS,KENNEDY CHICKEN AND BURGERS,KENNEDY CHICKEN AND BURGERS,,KENNEDY CHICKEN AND BURGERS,False,True,1
KENNEDY CHICKEN AND GRILL,KENNEDY CHICKEN AND GRILL,KENNEDY CHICKEN AND GRILL,,KENNEDY CHICKEN AND GRILL,False,True,1
KENNEDY CHICKEN AND HALAL EXPRESS,KENNEDY CHICKEN AND HALAL EXPRESS,KENNEDY CHICKEN AND HALAL EXPRESS,,KENNEDY CHICKEN AND HALAL EXPRESS,False,True,1
KENNEDY CHICKEN AND PIZZA,KENNEDY CHICKEN AND PIZZA,KENNEDY CHICKEN AND PIZZA,,KENNEDY CHICKEN AND PIZZA,False,True,1
KENNEDY CHICKEN BURGER & GYRO,KENNEDY CHICKEN BURGER AND GYRO,KENNEDY CHICKEN BURGER AND GYRO,,KENNEDY CHICKEN BURGER AND GYRO,False,True,1
KENNEDY CHICKEN PIZZA & BURGER,KENNEDY CHICKEN PIZZA AND BURGER,KENNEDY CHICKEN PIZZA AND BURGER,,KENNEDY CHICKEN PIZZA AND BURGER,False,True,1
KENNEDY CHICKEN PIZZA & KABAB,KENNEDY CHICKEN PIZZA AND KABAB,KENNEDY CHICKEN PIZZA AND KABAB,,KENNEDY CHICKEN PIZZA AND KABAB,False,True,1
KENNEDY FRIED CHICKEN & PIZZA,KENNEDY FRIED CHICKEN AND PIZZA,KENNEDY FRIED CHICKEN AND PIZZA,,KENNEDY FRIED CHICKEN AND PIZZA,False,True,4
KENNEDY FRIED CHICKEN & SALAD BAR,KENNEDY FRIED CHICKEN AND SALAD BAR,KENNEDY FRIED CHICKEN AND SALAD BAR,,KENNEDY FRIED CHICKEN AND SALAD BAR,False,True,1
KENNEDY FRIED CHICKEN & SANDWICHES,KENNEDY FRIED CHICKEN AND SANDWICHES,KENNEDY FRIED CHICKEN AND SANDWICHES,,KENNEDY FRIED CHICKEN AND SANDWICHES,False,True,1
KENNEDY PIZZA & CHICKEN,KENNEDY PIZZA AND CHICKEN,KENNEDY PIZZA AND CHICKEN,,KENNEDY PIZZA AND CHICKEN,False,True,1
KENNEDY'S CHICKEN & SANDWICH,KENNEDYS CHICKEN AND SANDWICH,KENNEDYS CHICKEN AND SANDWICH,,KENNEDYS CHICKEN AND SANDWICH,False,True,1
KENNEDY'S FRIED CHICKEN & BURGERS,KENNEDYS FRIED CHICKEN AND BURGERS,KENNEDYS FRIED CHICKEN AND BURGERS,,KENNEDYS FRIED CHICKEN AND BURGERS,False,True,1
KENNEDY'S FRIED CHICKEN & PIZZA,KENNEDYS FRIED CHICKEN AND PIZZA,KENNEDYS FRIED CHICKEN AND PIZZA,,KENNEDYS FRIED CHICKEN AND PIZZA,False,True,1
KENNEDY’S CHICKEN & PIZZA,KENNEDYS CHICKEN AND PIZZA,KENNEDYS CHICKEN AND PIZZA,,KENNEDYS CHICKEN AND PIZZA,False,True,1
KETOLAND & SERIE 54,KETOLAND AND SERIE 54,KETOLAND AND SERIE 54,,KETOLAND AND SERIE 54,False,True,1
KEUKA WINE BAR & KITCHEN,KEUKA WINE BAR AND KITCHEN,KEUKA WINE BAR AND KITCHEN,,KEUKA WINE BAR AND KITCHEN,False,True,1
KEW MOTOR INN RESTAURANT & BAR,KEW MOTOR INN RESTAURANT AND BAR,KEW MOTOR INN RESTAURANT AND BAR,,KEW MOTOR INN RESTAURANT AND BAR,False,True,1
KHALLE BAR AND GRILL,KHALLE BAR AND GRILL,KHALLE BAR AND GRILL,,KHALLE BAR AND GRILL,False,True,1
KHOB KHUN CAFÉ & BISTRO,KHOB KHUN CAFE AND BISTRO,KHOB KHUN CAFE AND BISTRO,,KHOB KHUN CAFE AND BISTRO,False,True,1
KHORASAAN KABAB AND GYRO LLC,KHORASAAN KABAB AND GYRO,KHORASAAN KABAB AND GYRO,,KHORASAAN KABAB AND GYRO,False,True,1
KHORASAN KABOB & GYRO,KHORASAN KABOB AND GYRO,KHORASAN KABOB AND GYRO,,KHORASAN KABOB AND GYRO,False,True,1
KIKI'S GRILL & ROTISSERIE (#2),KIKIS GRILL AND ROTISSERIE,KIKIS GRILL AND ROTISSERIE,,KIKIS GRILL AND ROTISSERIE,False,True,1
KIM & BOB SHOP,KIM AND BOB SHOP,KIM AND BOB SHOP,,KIM AND BOB SHOP,False,True,1
"KIMBAP LAB (INSIDE WHOLEFOODS, TO THE LEFT)",KIMBAP LAB INSIDE WHOLEFOODS TO THE LEFT,KIMBAP LAB INSIDE WHOLEFOODS TO THE LEFT,,KIMBAP LAB INSIDE WHOLEFOODS TO THE LEFT,False,True,1
KIMPTON THETA HOTEL / BAR SPREZZATURA,KIMPTON THETA HOTEL BAR SPREZZATURA,KIMPTON THETA HOTEL BAR SPREZZATURA,,KIMPTON THETA HOTEL BAR SPREZZATURA,False,True,1
KING BARKA JAMAICAN & AMERICAN RESTAURANT INC,KING BARKA JAMAICAN AND AMERICAN RESTAURANT,KING BARKA JAMAICAN AND AMERICAN RESTAURANT,,KING BARKA JAMAICAN AND AMERICAN RESTAURANT,False,True,1
KING BEST FRIED CHICKEN & BERGER INC.,KING BEST FRIED CHICKEN AND BERGER,KING BEST FRIED CHICKEN AND BERGER,,KING BEST FRIED CHICKEN AND BERGER,False,True,1
KING DAVID & MIKIHANA SUSHI,KING DAVID AND MIKIHANA SUSHI,KING DAVID AND MIKIHANA SUSHI,,KING DAVID AND MIKIHANA SUSHI,False,True,1
KING JAMAICAN AND AMERICAN,KING JAMAICAN AND AMERICAN,KING JAMAICAN AND AMERICAN,,KING JAMAICAN AND AMERICAN,False,True,1
KING OF FALAFEL & SHAWARMA,KING OF FALAFEL AND SHAWARMA,KING OF FALAFEL AND SHAWARMA,,KING OF FALAFEL AND SHAWARMA,False,True,1
KIRKLAND & ELLIS 52TH FLOOR - THE HUB,KIRKLAND AND ELLIS 52TH FLOOR THE HUB,KIRKLAND AND ELLIS 52TH FLOOR THE HUB,,KIRKLAND AND ELLIS 52TH FLOOR THE HUB,False,True,1
KIRKLAND & ELLIS CAFE,KIRKLAND AND ELLIS CAFE,KIRKLAND AND ELLIS CAFE,,KIRKLAND AND ELLIS CAFE,False,True,1
KIRKLAND & ELLIS CONFERENCE ROOMS,KIRKLAND AND ELLIS CONFERENCE ROOMS,KIRKLAND AND ELLIS CONFERENCE ROOMS,,KIRKLAND AND ELLIS CONFERENCE ROOMS,False,True,1
KJ DELI & JUICE BAR,KJ DELI AND JUICE BAR,KJ DELI AND JUICE BAR,,KJ DELI AND JUICE BAR,False,True,1
KNICKERBOCKER BAR & GRILL,KNICKERBOCKER BAR AND GRILL,KNICKERBOCKER BAR AND GRILL,,KNICKERBOCKER BAR AND GRILL,False,True,1
KNOCKDOWN CENTER / BASEMENT NY,KNOCKDOWN CENTER BASEMENT NY,KNOCKDOWN CENTER BASEMENT NY,,KNOCKDOWN CENTER BASEMENT NY,False,True,1
KOBEYAKI/HAMBURGER CELEBRITY CHEF - FD6010,KOBEYAKI HAMBURGER CELEBRITY CHEF FD6010,KOBEYAKI HAMBURGER CELEBRITY CHEF FD6010,,KOBEYAKI HAMBURGER CELEBRITY CHEF FD6010,False,True,1
KOFOO / THE SPOT CAFE,KOFOO THE SPOT CAFE,KOFOO THE SPOT CAFE,,KOFOO THE SPOT CAFE,False,True,1
KOKO SEAFOOD SALAD & GRILL,KOKO SEAFOOD SALAD AND GRILL,KOKO SEAFOOD SALAD AND GRILL,,KOKO SEAFOOD SALAD AND GRILL,False,True,1
KOMBU/BROOKLYN'S BEST,KOMBU BROOKLYNS BEST,KOMBU BROOKLYNS BEST,,KOMBU BROOKLYNS BEST,False,True,1
KONOHA YAKITORI RAMEN AND SUSHI,KONOHA YAKITORI RAMEN AND SUSHI,KONOHA YAKITORI RAMEN AND SUSHI,,KONOHA YAKITORI RAMEN AND SUSHI,False,True,1
KOSHER THIN & CRISPY INC,KOSHER THIN AND CRISPY,KOSHER THIN AND CRISPY,,KOSHER THIN AND CRISPY,False,True,1
KOSSAR'S BAGELS & BIALYS,KOSSARS BAGELS AND BIALYS,KOSSARS BAGELS AND BIALYS,,KOSSARS BAGELS AND BIALYS,False,True,1
KOSSAR'S BAGELS & BIALYS / MISS WONTON DUMPLING,KOSSARS BAGELS AND BIALYS MISS WONTON DUMPLING,KOSSARS BAGELS AND BIALYS MISS WONTON DUMPLING,,KOSSARS BAGELS AND BIALYS MISS WONTON DUMPLING,False,True,1
KOTHA GRILL & KABAB,KOTHA GRILL AND KABAB,KOTHA GRILL AND KABAB,,KOTHA GRILL AND KABAB,False,True,1
KPOT KOREAN BBQ & HOT POT,KPOT KOREAN BBQ AND HOT POT,KPOT KOREAN BBQ AND HOT POT,,KPOT KOREAN BBQ AND HOT POT,False,True,3
KPOT KOREAN BBQ AND HOTPOT,KPOT KOREAN BBQ AND HOTPOT,KPOT KOREAN BBQ AND HOTPOT,,KPOT KOREAN BBQ AND HOTPOT,False,True,1
KPOT Korean BBQ & Hot Pot,KPOT KOREAN BBQ AND HOT POT,KPOT KOREAN BBQ AND HOT POT,,KPOT KOREAN BBQ AND HOT POT,False,True,1
KRAVE IT PIZZA & SANDWICH JOINT,KRAVE IT PIZZA AND SANDWICH JOINT,KRAVE IT PIZZA AND SANDWICH JOINT,,KRAVE IT PIZZA AND SANDWICH JOINT,False,True,2
KRAZY CHICKEN AND WINGS,KRAZY CHICKEN AND WINGS,KRAZY CHICKEN AND WINGS,,KRAZY CHICKEN AND WINGS,False,True,1
KRAZY PIZZA AND WINGS,KRAZY PIZZA AND WINGS,KRAZY PIZZA AND WINGS,,KRAZY PIZZA AND WINGS,False,True,2
KRIS & ALICJA ZOLNIEROWICZ,KRIS AND ALICJA ZOLNIEROWICZ,KRIS AND ALICJA ZOLNIEROWICZ,,KRIS AND ALICJA ZOLNIEROWICZ,False,True,1
KRISPY FRIED CHICKEN & PIZZA,KRISPY FRIED CHICKEN AND PIZZA,KRISPY FRIED CHICKEN AND PIZZA,,KRISPY FRIED CHICKEN AND PIZZA,False,True,1
KULU DESSERTS / DUMPLING TOWN,KULU DESSERTS DUMPLING TOWN,KULU DESSERTS DUMPLING TOWN,,KULU DESSERTS DUMPLING TOWN,False,True,1
KURO KIRIN ESPRESSO AND COFFEE,KURO KIRIN ESPRESSO AND COFFEE,KURO KIRIN ESPRESSO AND COFFEE,,KURO KIRIN ESPRESSO AND COFFEE,False,True,1
KURO KUMA ESPRESSO & COFFEE,KURO KUMA ESPRESSO AND COFFEE,KURO KUMA ESPRESSO AND COFFEE,,KURO KUMA ESPRESSO AND COFFEE,False,True,1
KX BURGER & BEYOND,KX BURGER AND BEYOND,KX BURGER AND BEYOND,,KX BURGER AND BEYOND,False,True,1
KYURAMEN & TBAAR,KYURAMEN AND TBAAR,KYURAMEN AND TBAAR,,KYURAMEN AND TBAAR,False,True,2
KYURAMEN / MAIKO,KYURAMEN MAIKO,KYURAMEN MAIKO,,KYURAMEN MAIKO,False,True,1
KYURAMEN / TBAAR,KYURAMEN TBAAR,KYURAMEN TBAAR,,KYURAMEN TBAAR,False,True,2
Kennedy Chicken and Sandwhich,KENNEDY CHICKEN AND SANDWHICH,KENNEDY CHICKEN AND SANDWHICH,,KENNEDY CHICKEN AND SANDWHICH,False,True,1
Kennedy Fried Chicken & Pizza,KENNEDY FRIED CHICKEN AND PIZZA,KENNEDY FRIED CHICKEN AND PIZZA,,KENNEDY FRIED CHICKEN AND PIZZA,False,True,1
Kennedy Fried Chicken and Pizza,KENNEDY FRIED CHICKEN AND PIZZA,KENNEDY FRIED CHICKEN AND PIZZA,,KENNEDY FRIED CHICKEN AND PIZZA,False,True,1
L & M ITALIAN DELI & CATERING,L AND M ITALIAN DELI AND CATERING,L AND M ITALIAN DELI AND CATERING,,L AND M ITALIAN DELI AND CATERING,False,True,1
L AND Z BAKERY,L AND Z BAKERY,L AND Z BAKERY,,L AND Z BAKERY,False,True,1
L&B SPUMONI GARDENS,L AND B SPUMONI GARDENS,L AND B SPUMONI GARDENS,,L AND B SPUMONI GARDENS,False,True,2
L&L HAWAIIAN BARBECUE,L AND L HAWAIIAN BARBECUE,L AND L HAWAIIAN BARBECUE,,L AND L HAWAIIAN BARBECUE,False,True,2
L&R PIZZA & PASTA,L AND R PIZZA AND PASTA,L AND R PIZZA AND PASTA,,L AND R PIZZA AND PASTA,False,True,1
L&R RESTAURANT CORP,L AND R RESTAURANT,L AND R RESTAURANT,,L AND R RESTAURANT,False,True,1
L&Y HAWA JUICE STORE,L AND Y HAWA JUICE STORE,L AND Y HAWA JUICE STORE,,L AND Y HAWA JUICE STORE,False,True,1
L&Y WING HING CHINESE RESTAURANT,L AND Y WING HING CHINESE RESTAURANT,L AND Y WING HING CHINESE RESTAURANT,,L AND Y WING HING CHINESE RESTAURANT,False,True,1
L'ABEILLE / L'ABEILLE A COTE / SUSHI ICHIMURA,LABEILLE LABEILLE A COTE SUSHI ICHIMURA,LABEILLE LABEILLE A COTE SUSHI ICHIMURA,,LABEILLE LABEILLE A COTE SUSHI ICHIMURA,False,True,1
L'ALBERO DEI GELATI / TERRE,LALBERO DEI GELATI TERRE,LALBERO DEI GELATI TERRE,,LALBERO DEI GELATI TERRE,False,True,1
L'AMICO & BACK BAR,LAMICO AND BACK BAR,LAMICO AND BACK BAR,,LAMICO AND BACK BAR,False,True,1
"L'AMICO, BACK BAR",LAMICO BACK BAR,LAMICO BACK BAR,,LAMICO BACK BAR,False,True,1
L'ARTISTA ITILIAN KITCHEN AND BAR,LARTISTA ITILIAN KITCHEN AND BAR,LARTISTA ITILIAN KITCHEN AND BAR,,LARTISTA ITILIAN KITCHEN AND BAR,False,True,1
L'ARTUSI / VIA PORTA,LARTUSI VIA PORTA,LARTUSI VIA PORTA,,LARTUSI VIA PORTA,False,True,1
L'UNIQUE BAR & RESTAURANT,LUNIQUE BAR AND RESTAURANT,LUNIQUE BAR AND RESTAURANT,,LUNIQUE BAR AND RESTAURANT,False,True,1
LA ABUNDANCIA BAKERY & RESTAURANT,LA ABUNDANCIA BAKERY AND RESTAURANT,LA ABUNDANCIA BAKERY AND RESTAURANT,,LA ABUNDANCIA BAKERY AND RESTAURANT,False,True,1
LA ABUNDANCIA BAKERY AND RESTAURANT,LA ABUNDANCIA BAKERY AND RESTAURANT,LA ABUNDANCIA BAKERY AND RESTAURANT,,LA ABUNDANCIA BAKERY AND RESTAURANT,False,True,1
LA ABUNDANCIA RESTAURANT & BAKERY,LA ABUNDANCIA RESTAURANT AND BAKERY,LA ABUNDANCIA RESTAURANT AND BAKERY,,LA ABUNDANCIA RESTAURANT AND BAKERY,False,True,2
LA BONA PIZZA & PASTA,LA BONA PIZZA AND PASTA,LA BONA PIZZA AND PASTA,,LA BONA PIZZA AND PASTA,False,True,1
LA BOTTIGLIA BAR & RESTAURANT,LA BOTTIGLIA BAR AND RESTAURANT,LA BOTTIGLIA BAR AND RESTAURANT,,LA BOTTIGLIA BAR AND RESTAURANT,False,True,1
LA CABANA RESTAURANT AND BAKERY,LA CABANA RESTAURANT AND BAKERY,LA CABANA RESTAURANT AND BAKERY,,LA CABANA RESTAURANT AND BAKERY,False,True,1
LA CASA DEL MOFONGO AND PIANO BAR/ BARRA PAYAN,LA CASA DEL MOFONGO AND PIANO BAR BARRA PAYAN,LA CASA DEL MOFONGO AND PIANO BAR BARRA PAYAN,,LA CASA DEL MOFONGO AND PIANO BAR BARRA PAYAN,False,True,1
LA CASA DEL POLLO AND JUICE BAR,LA CASA DEL POLLO AND JUICE BAR,LA CASA DEL POLLO AND JUICE BAR,,LA CASA DEL POLLO AND JUICE BAR,False,True,1
LA CASITA TAQUERIA & RESTAURANT,LA CASITA TAQUERIA AND RESTAURANT,LA CASITA TAQUERIA AND RESTAURANT,,LA CASITA TAQUERIA AND RESTAURANT,False,True,1
LA COLOMBE / BDC CAFE,LA COLOMBE BDC CAFE,LA COLOMBE BDC CAFE,,LA COLOMBE BDC CAFE,False,True,1
LA COMADRE MEXICAN RESTAURANT & BAKERY,LA COMADRE MEXICAN RESTAURANT AND BAKERY,LA COMADRE MEXICAN RESTAURANT AND BAKERY,,LA COMADRE MEXICAN RESTAURANT AND BAKERY,False,True,1
LA ESPERANZA MEXICAN DELI GROCERY & VEGETABLES,LA ESPERANZA MEXICAN DELI GROCERY AND VEGETABLES,LA ESPERANZA MEXICAN DELI GROCERY AND VEGETABLES,,LA ESPERANZA MEXICAN DELI GROCERY AND VEGETABLES,False,True,1
LA ESPIGA RESTAURANT AND BAKERY,LA ESPIGA RESTAURANT AND BAKERY,LA ESPIGA RESTAURANT AND BAKERY,,LA ESPIGA RESTAURANT AND BAKERY,False,True,1
LA FAMILIA BAR & RESTAURANT,LA FAMILIA BAR AND RESTAURANT,LA FAMILIA BAR AND RESTAURANT,,LA FAMILIA BAR AND RESTAURANT,False,True,1
LA FE BAKERY & COFFEE SHOP,LA FE BAKERY AND COFFEE SHOP,LA FE BAKERY AND COFFEE SHOP,,LA FE BAKERY AND COFFEE SHOP,False,True,1
LA GRANDE BOUCHERIE AND KAISEKI ROOM,LA GRANDE BOUCHERIE AND KAISEKI ROOM,LA GRANDE BOUCHERIE AND KAISEKI ROOM,,LA GRANDE BOUCHERIE AND KAISEKI ROOM,False,True,1
LA NONNA RISTORANTE & BAR,LA NONNA RISTORANTE AND BAR,LA NONNA RISTORANTE AND BAR,,LA NONNA RISTORANTE AND BAR,False,True,1
LA NOSTRA PIZZERIA AND RESTAURANT,LA NOSTRA PIZZERIA AND RESTAURANT,LA NOSTRA PIZZERIA AND RESTAURANT,,LA NOSTRA PIZZERIA AND RESTAURANT,False,True,1
LA NUEVA AMISTAD BAKERY AND RESTAURANT,LA NUEVA AMISTAD BAKERY AND RESTAURANT,LA NUEVA AMISTAD BAKERY AND RESTAURANT,,LA NUEVA AMISTAD BAKERY AND RESTAURANT,False,True,1
LA PLACITA TAQUERIA & CAFFE,LA PLACITA TAQUERIA AND CAFFE,LA PLACITA TAQUERIA AND CAFFE,,LA PLACITA TAQUERIA AND CAFFE,False,True,1
LA QUINTA INN AND SUITES CENTRAL PARK,LA QUINTA INN AND SUITES CENTRAL PARK,LA QUINTA INN AND SUITES CENTRAL PARK,,LA QUINTA INN AND SUITES CENTRAL PARK,False,True,2
LA QUINTA INNS AND SUITES,LA QUINTA INNS AND SUITES,LA QUINTA INNS AND SUITES,,LA QUINTA INNS AND SUITES,False,True,1
LA ROJA DE CHILE RESTAURANT & BAKERY,LA ROJA DE CHILE RESTAURANT AND BAKERY,LA ROJA DE CHILE RESTAURANT AND BAKERY,,LA ROJA DE CHILE RESTAURANT AND BAKERY,False,True,1
LA ROSA CHICKEN & GRILL,LA ROSA CHICKEN AND GRILL,LA ROSA CHICKEN AND GRILL,,LA ROSA CHICKEN AND GRILL,False,True,1
LA ROSA CHICKEN AND GRILL,LA ROSA CHICKEN AND GRILL,LA ROSA CHICKEN AND GRILL,,LA ROSA CHICKEN AND GRILL,False,True,1
LA RUBIA BAR & GRILL,LA RUBIA BAR AND GRILL,LA RUBIA BAR AND GRILL,,LA RUBIA BAR AND GRILL,False,True,1
LA RUBIA/THE BLOND / THE LIBRARY,LA RUBIA THE BLOND THE LIBRARY,LA RUBIA THE BLOND THE LIBRARY,,LA RUBIA THE BLOND THE LIBRARY,False,True,1
LA SIRENE / TAUREAU,LA SIRENE TAUREAU,LA SIRENE TAUREAU,,LA SIRENE TAUREAU,False,True,1
LA VERITE BAR & LOUNGE INC,LA VERITE BAR AND LOUNGE,LA VERITE BAR AND LOUNGE,,LA VERITE BAR AND LOUNGE,False,True,1
LA VILLA DE PIZZA & RESTAURANT,LA VILLA DE PIZZA AND RESTAURANT,LA VILLA DE PIZZA AND RESTAURANT,,LA VILLA DE PIZZA AND RESTAURANT,False,True,1
LABONNO FINE DINE & PARTY HALL CORP,LABONNO FINE DINE AND PARTY HALL,LABONNO FINE DINE AND PARTY HALL,,LABONNO FINE DINE AND PARTY HALL,False,True,1
"LADY M CONFECTIONS CO., LTD.",LADY M CONFECTIONS CO,LADY M CONFECTIONS CO,,LADY M CONFECTIONS CO,False,True,1
"LAGUARDIA PLAZA HOTEL, PAVILLION GRILLE",LAGUARDIA PLAZA HOTEL PAVILLION GRILLE,LAGUARDIA PLAZA HOTEL PAVILLION GRILLE,,LAGUARDIA PLAZA HOTEL PAVILLION GRILLE,False,True,1
LAILA RESTAURANT & LOUNGE,LAILA RESTAURANT AND LOUNGE,LAILA RESTAURANT AND LOUNGE,,LAILA RESTAURANT AND LOUNGE,False,True,1
LAILEILEI JUICE & SNACK BAR,LAILEILEI JUICE AND SNACK BAR,LAILEILEI JUICE AND SNACK BAR,,LAILEILEI JUICE AND SNACK BAR,False,True,1
LAMB'S BREAD CAFE & INFUSED BAKERY,LAMBS BREAD CAFE AND INFUSED BAKERY,LAMBS BREAD CAFE AND INFUSED BAKERY,,LAMBS BREAD CAFE AND INFUSED BAKERY,False,True,1
LANDMARK CAFE/NEW YORK GIFTS,LANDMARK CAFE NEW YORK GIFTS,LANDMARK CAFE NEW YORK GIFTS,,LANDMARK CAFE NEW YORK GIFTS,False,True,1
LANDSHARK BAR & GRILL,LANDSHARK BAR AND GRILL,LANDSHARK BAR AND GRILL,,LANDSHARK BAR AND GRILL,False,True,1
LANZHOU HAND PULLED NOODLES & DUMPLINGS,LANZHOU HAND PULLED NOODLES AND DUMPLINGS,LANZHOU HAND PULLED NOODLES AND DUMPLINGS,,LANZHOU HAND PULLED NOODLES AND DUMPLINGS,False,True,1
LAQUINTA INN & SUITES BY WYNDHAM JAMAICA-NYC/JFK AIRTRAIN,LAQUINTA INN AND SUITES BY WYNDHAM JAMAICA NYC JFK AIRTRAIN,LAQUINTA INN AND SUITES BY WYNDHAM JAMAICA NYC JFK AIRTRAIN,,LAQUINTA INN AND SUITES BY WYNDHAM JAMAICA NYC JFK AIRTRAIN,False,True,1
LARINA PASTIFICIO & VINO,LARINA PASTIFICIO AND VINO,LARINA PASTIFICIO AND VINO,,LARINA PASTIFICIO AND VINO,False,True,1
LAS CHATAS TAQUERIA & DELI GROCERY,LAS CHATAS TAQUERIA AND DELI GROCERY,LAS CHATAS TAQUERIA AND DELI GROCERY,,LAS CHATAS TAQUERIA AND DELI GROCERY,False,True,1
LAS DELICIAS DOMINICANA BAR & GRILL,LAS DELICIAS DOMINICANA BAR AND GRILL,LAS DELICIAS DOMINICANA BAR AND GRILL,,LAS DELICIAS DOMINICANA BAR AND GRILL,False,True,1
LAS DELICIAS RESTAURANT & BAKERY,LAS DELICIAS RESTAURANT AND BAKERY,LAS DELICIAS RESTAURANT AND BAKERY,,LAS DELICIAS RESTAURANT AND BAKERY,False,True,1
LAS MARGARITAS RESTAURANT & SPORTS BAR,LAS MARGARITAS RESTAURANT AND SPORTS BAR,LAS MARGARITAS RESTAURANT AND SPORTS BAR,,LAS MARGARITAS RESTAURANT AND SPORTS BAR,False,True,1
LASH SWEET AND TINGS,LASH SWEET AND TINGS,LASH SWEET AND TINGS,,LASH SWEET AND TINGS,False,True,1
LASH WEST INDIAN & AMERICAN CUISINE,LASH WEST INDIAN AND AMERICAN CUISINE,LASH WEST INDIAN AND AMERICAN CUISINE,,LASH WEST INDIAN AND AMERICAN CUISINE,False,True,1
LASSEN & HENNIGS,LASSEN AND HENNIGS,LASSEN AND HENNIGS,,LASSEN AND HENNIGS,False,True,1
LAST STOP (AI & JI) RESTAURANT,LAST STOP AI AND JI RESTAURANT,LAST STOP AI AND JI RESTAURANT,,LAST STOP AI AND JI RESTAURANT,False,True,1
LAST STOP BAR & GRILL,LAST STOP BAR AND GRILL,LAST STOP BAR AND GRILL,,LAST STOP BAR AND GRILL,False,True,1
LATHMAN & WATKINS,LATHMAN AND WATKINS,LATHMAN AND WATKINS,,LATHMAN AND WATKINS,False,True,1
LAUNDRY & LATTE,LAUNDRY AND LATTE,LAUNDRY AND LATTE,,LAUNDRY AND LATTE,False,True,1
LAVA HOUSE CREPES & CAFE,LAVA HOUSE CREPES AND CAFE,LAVA HOUSE CREPES AND CAFE,,LAVA HOUSE CREPES AND CAFE,False,True,1
LAVISH BAR & RESTAURANT,LAVISH BAR AND RESTAURANT,LAVISH BAR AND RESTAURANT,,LAVISH BAR AND RESTAURANT,False,True,1
LAYOSH & TEAM CORP,LAYOSH AND TEAM,LAYOSH AND TEAM,,LAYOSH AND TEAM,False,True,1
LAZY SUZY CAFE & SHOP,LAZY SUZY CAFE AND SHOP,LAZY SUZY CAFE AND SHOP,,LAZY SUZY CAFE AND SHOP,False,True,1
LAZZARA'S PIZZA CAFE & RESTAURANT,LAZZARAS PIZZA CAFE AND RESTAURANT,LAZZARAS PIZZA CAFE AND RESTAURANT,,LAZZARAS PIZZA CAFE AND RESTAURANT,False,True,1
LE BAIN / BOOM / THE ROOFTOP,LE BAIN BOOM THE ROOFTOP,LE BAIN BOOM THE ROOFTOP,,LE BAIN BOOM THE ROOFTOP,False,True,1
LE CAP RESTAURANT & LOUNGE,LE CAP RESTAURANT AND LOUNGE,LE CAP RESTAURANT AND LOUNGE,,LE CAP RESTAURANT AND LOUNGE,False,True,1
LE JARDIN BISTRO / THE DL,LE JARDIN BISTRO THE DL,LE JARDIN BISTRO THE DL,,LE JARDIN BISTRO THE DL,False,True,1
LE PETIT CHEF / UP ON 20 / THE DEN / LIBRARY BAR,LE PETIT CHEF UP ON 20 THE DEN LIBRARY BAR,LE PETIT CHEF UP ON 20 THE DEN LIBRARY BAR,,LE PETIT CHEF UP ON 20 THE DEN LIBRARY BAR,False,True,1
LEAF BAR & LOUNGE,LEAF BAR AND LOUNGE,LEAF BAR AND LOUNGE,,LEAF BAR AND LOUNGE,False,True,1
LEANDRO'S KITCHEN & WINE,LEANDROS KITCHEN AND WINE,LEANDROS KITCHEN AND WINE,,LEANDROS KITCHEN AND WINE,False,True,1
"LEAP SERVICES, INC.",LEAP SERVICES,LEAP SERVICES,,LEAP SERVICES,False,True,2
LECHONERA & POLLO SABROSO RESTAURANT,LECHONERA AND POLLO SABROSO RESTAURANT,LECHONERA AND POLLO SABROSO RESTAURANT,,LECHONERA AND POLLO SABROSO RESTAURANT,False,True,1
LECHONERA TROPICAL & GRILL,LECHONERA TROPICAL AND GRILL,LECHONERA TROPICAL AND GRILL,,LECHONERA TROPICAL AND GRILL,False,True,1
LEE & BAI,LEE AND BAI,LEE AND BAI,,LEE AND BAI,False,True,1
LEE & BAI CHINESE BUNS SHOP,LEE AND BAI CHINESE BUNS SHOP,LEE AND BAI CHINESE BUNS SHOP,,LEE AND BAI CHINESE BUNS SHOP,False,True,1
LEE & BAI CHINESE NOODLES AND BUNS,LEE AND BAI CHINESE NOODLES AND BUNS,LEE AND BAI CHINESE NOODLES AND BUNS,,LEE AND BAI CHINESE NOODLES AND BUNS,False,True,1
LEGACY BAR & GRILL,LEGACY BAR AND GRILL,LEGACY BAR AND GRILL,,LEGACY BAR AND GRILL,False,True,1
LEGACY SMOOTHIE & CAFE,LEGACY SMOOTHIE AND CAFE,LEGACY SMOOTHIE AND CAFE,,LEGACY SMOOTHIE AND CAFE,False,True,1
LEGASEA / MAGIC HOUR ROOFTOP / CAFE D'AVIGNON / BAR MOXY,LEGASEA MAGIC HOUR ROOFTOP CAFE DAVIGNON BAR MOXY,LEGASEA MAGIC HOUR ROOFTOP CAFE DAVIGNON BAR MOXY,,LEGASEA MAGIC HOUR ROOFTOP CAFE DAVIGNON BAR MOXY,False,True,1
LEGENDARY BAR & GRILL,LEGENDARY BAR AND GRILL,LEGENDARY BAR AND GRILL,,LEGENDARY BAR AND GRILL,False,True,1
LELAND EATING & DRINKING HOUSE,LELAND EATING AND DRINKING HOUSE,LELAND EATING AND DRINKING HOUSE,,LELAND EATING AND DRINKING HOUSE,False,True,1
LELY'S BAKERY & COFFEE,LELYS BAKERY AND COFFEE,LELYS BAKERY AND COFFEE,,LELYS BAKERY AND COFFEE,False,True,1
LEMONS & OLIVES,LEMONS AND OLIVES,LEMONS AND OLIVES,,LEMONS AND OLIVES,False,True,1
LENNY & JOHN'S PIZZA,LENNY AND JOHNS PIZZA,LENNY AND JOHNS PIZZA,,LENNY AND JOHNS PIZZA,False,True,2
LEONE'S PIZZERIA & RESTAURANT,LEONES PIZZERIA AND RESTAURANT,LEONES PIZZERIA AND RESTAURANT,,LEONES PIZZERIA AND RESTAURANT,False,True,1
LEUCA / LITTLE FINO / WESTLIGHT,LEUCA LITTLE FINO WESTLIGHT,LEUCA LITTLE FINO WESTLIGHT,,LEUCA LITTLE FINO WESTLIGHT,False,True,1
LEVY AT JAVITS CENTER- 3411 GARDEN MARKET/MARKETPLACE,LEVY AT JAVITS CENTER 3411 GARDEN MARKET MARKETPLACE,LEVY AT JAVITS CENTER 3411 GARDEN MARKET MARKETPLACE,,LEVY AT JAVITS CENTER 3411 GARDEN MARKET MARKETPLACE,False,True,1
LHASA TIBET RESTAURANT & BAR,LHASA TIBET RESTAURANT AND BAR,LHASA TIBET RESTAURANT AND BAR,,LHASA TIBET RESTAURANT AND BAR,False,True,1
LIBERTY BAGELS & GRILL,LIBERTY BAGELS AND GRILL,LIBERTY BAGELS AND GRILL,,LIBERTY BAGELS AND GRILL,False,True,1
LIBERTY KENNEDY FRIED CHICKEN & PIZZA,LIBERTY KENNEDY FRIED CHICKEN AND PIZZA,LIBERTY KENNEDY FRIED CHICKEN AND PIZZA,,LIBERTY KENNEDY FRIED CHICKEN AND PIZZA,False,True,1
LIBERTY TROPICAL JERK & SEAFOOD,LIBERTY TROPICAL JERK AND SEAFOOD,LIBERTY TROPICAL JERK AND SEAFOOD,,LIBERTY TROPICAL JERK AND SEAFOOD,False,True,1
LICENSE TO CHILL / JOE MERCHANT'S COFFEE & PROVISIONS,LICENSE TO CHILL JOE MERCHANTS COFFEE AND PROVISIONS,LICENSE TO CHILL JOE MERCHANTS COFFEE AND PROVISIONS,,LICENSE TO CHILL JOE MERCHANTS COFFEE AND PROVISIONS,False,True,1
LIGHT & SWEET,LIGHT AND SWEET,LIGHT AND SWEET,,LIGHT AND SWEET,False,True,1
LILI AND CATA,LILI AND CATA,LILI AND CATA,,LILI AND CATA,False,True,2
LILLI AND LOO,LILLI AND LOO,LILLI AND LOO,,LILLI AND LOO,False,True,2
LILLY'S CRAFT & KITCHEN,LILLYS CRAFT AND KITCHEN,LILLYS CRAFT AND KITCHEN,,LILLYS CRAFT AND KITCHEN,False,True,1
LIMA WOK & BOWL,LIMA WOK AND BOWL,LIMA WOK AND BOWL,,LIMA WOK AND BOWL,False,True,1
LIME & SALT BAR,LIME AND SALT BAR,LIME AND SALT BAR,,LIME AND SALT BAR,False,True,1
LIN & DAUGHTERS,LIN AND DAUGHTERS,LIN AND DAUGHTERS,,LIN AND DAUGHTERS,False,True,2
LINDA AZOGUENITA BAKERY & RESTAURANT,LINDA AZOGUENITA BAKERY AND RESTAURANT,LINDA AZOGUENITA BAKERY AND RESTAURANT,,LINDA AZOGUENITA BAKERY AND RESTAURANT,False,True,1
LINDA'S RESTAURANT BAKERY & LOUNGE,LINDAS RESTAURANT BAKERY AND LOUNGE,LINDAS RESTAURANT BAKERY AND LOUNGE,,LINDAS RESTAURANT BAKERY AND LOUNGE,False,True,1
"LINS JAPANESE RESTAURANT, LLC",LINS JAPANESE RESTAURANT,LINS JAPANESE RESTAURANT,,LINS JAPANESE RESTAURANT,False,True,1
LINSWAY GRILL & TERIYAKI,LINSWAY GRILL AND TERIYAKI,LINSWAY GRILL AND TERIYAKI,,LINSWAY GRILL AND TERIYAKI,False,True,1
LINSWAY GRILL & TERIYAKI INC.,LINSWAY GRILL AND TERIYAKI,LINSWAY GRILL AND TERIYAKI,,LINSWAY GRILL AND TERIYAKI,False,True,1
LIOPO PICA POLLO AND TACOS,LIOPO PICA POLLO AND TACOS,LIOPO PICA POLLO AND TACOS,,LIOPO PICA POLLO AND TACOS,False,True,1
LISE & VITO,LISE AND VITO,LISE AND VITO,,LISE AND VITO,False,True,1
LITTLE BANCHAN SHOP / MEJU,LITTLE BANCHAN SHOP MEJU,LITTLE BANCHAN SHOP MEJU,,LITTLE BANCHAN SHOP MEJU,False,True,1
LITTLE GUYANA RESTAURANT & LOUNGE,LITTLE GUYANA RESTAURANT AND LOUNGE,LITTLE GUYANA RESTAURANT AND LOUNGE,,LITTLE GUYANA RESTAURANT AND LOUNGE,False,True,1
LITTLE MO / MO CAFE,LITTLE MO MO CAFE,LITTLE MO MO CAFE,,LITTLE MO MO CAFE,False,True,1
LITTLE OPUS CAFE & COCKTAILS,LITTLE OPUS CAFE AND COCKTAILS,LITTLE OPUS CAFE AND COCKTAILS,,LITTLE OPUS CAFE AND COCKTAILS,False,True,1
LIV KTV & PARTY,LIV KTV AND PARTY,LIV KTV AND PARTY,,LIV KTV AND PARTY,False,True,1
LIVING ROOM SUSHI & STEAK HOUSE,LIVING ROOM SUSHI AND STEAK HOUSE,LIVING ROOM SUSHI AND STEAK HOUSE,,LIVING ROOM SUSHI AND STEAK HOUSE,False,True,1
LOCANDA VINI & OLII (LEWIS DRUG STORE),LOCANDA VINI AND OLII LEWIS DRUG STORE,LOCANDA VINI AND OLII LEWIS DRUG STORE,,LOCANDA VINI AND OLII LEWIS DRUG STORE,False,True,1
LOCKSMITH WINE & BURGER BAR,LOCKSMITH WINE AND BURGER BAR,LOCKSMITH WINE AND BURGER BAR,,LOCKSMITH WINE AND BURGER BAR,False,True,1
LOKUM MEDITERRANEAN RESTAURANT AND BAR,LOKUM MEDITERRANEAN RESTAURANT AND BAR,LOKUM MEDITERRANEAN RESTAURANT AND BAR,,LOKUM MEDITERRANEAN RESTAURANT AND BAR,False,True,1
LOLA LOLA RESTAURANT & BAR,LOLA LOLA RESTAURANT AND BAR,LOLA LOLA RESTAURANT AND BAR,,LOLA LOLA RESTAURANT AND BAR,False,True,1
LOLITAS KITCHEN & BURGER HOUSE,LOLITAS KITCHEN AND BURGER HOUSE,LOLITAS KITCHEN AND BURGER HOUSE,,LOLITAS KITCHEN AND BURGER HOUSE,False,True,1
LONDON & MARTIN CO.,LONDON AND MARTIN CO,LONDON AND MARTIN CO,,LONDON AND MARTIN CO,False,True,1
LONG KIN THAI KITCHEN & BAR,LONG KIN THAI KITCHEN AND BAR,LONG KIN THAI KITCHEN AND BAR,,LONG KIN THAI KITCHEN AND BAR,False,True,1
LONNIE'S BAR & RESTARANT,LONNIES BAR AND RESTARANT,LONNIES BAR AND RESTARANT,,LONNIES BAR AND RESTARANT,False,True,1
LOONYS JUICE & SALAD,LOONYS JUICE AND SALAD,LOONYS JUICE AND SALAD,,LOONYS JUICE AND SALAD,False,True,1
LORENZOS BAR & GRILL (HILTON GARDEN),LORENZOS BAR AND GRILL HILTON GARDEN,LORENZOS BAR AND GRILL HILTON GARDEN,,LORENZOS BAR AND GRILL HILTON GARDEN,False,True,1
LOS ALTOS CAFE & RESTAURANT,LOS ALTOS CAFE AND RESTAURANT,LOS ALTOS CAFE AND RESTAURANT,,LOS ALTOS CAFE AND RESTAURANT,False,True,1
LOS CARNALES COFFEE SHOP & TAQUERIA,LOS CARNALES COFFEE SHOP AND TAQUERIA,LOS CARNALES COFFEE SHOP AND TAQUERIA,,LOS CARNALES COFFEE SHOP AND TAQUERIA,False,True,1
LOS CHILES BAR & RESTAURANT,LOS CHILES BAR AND RESTAURANT,LOS CHILES BAR AND RESTAURANT,,LOS CHILES BAR AND RESTAURANT,False,True,1
LOS MANGOS BAR & GRILL,LOS MANGOS BAR AND GRILL,LOS MANGOS BAR AND GRILL,,LOS MANGOS BAR AND GRILL,False,True,1
LOS PAISITAS BAKERY & RESTAURANT,LOS PAISITAS BAKERY AND RESTAURANT,LOS PAISITAS BAKERY AND RESTAURANT,,LOS PAISITAS BAKERY AND RESTAURANT,False,True,1
LOS ROSAS DELI AND GROCERY INC.,LOS ROSAS DELI AND GROCERY,LOS ROSAS DELI AND GROCERY,,LOS ROSAS DELI AND GROCERY,False,True,1
LOST IN PARADISE / THE NEWSROOM,LOST IN PARADISE THE NEWSROOM,LOST IN PARADISE THE NEWSROOM,,LOST IN PARADISE THE NEWSROOM,False,True,1
LOUIE & ERNIE'S,LOUIE AND ERNIES,LOUIE AND ERNIES,,LOUIE AND ERNIES,False,True,1
LOVE & DOUGH,LOVE AND DOUGH,LOVE AND DOUGH,,LOVE AND DOUGH,False,True,1
LOVE & HONEY FRIED CHICKEN,LOVE AND HONEY FRIED CHICKEN,LOVE AND HONEY FRIED CHICKEN,,LOVE AND HONEY FRIED CHICKEN,False,True,1
LOVE & SOUL FOOD,LOVE AND SOUL FOOD,LOVE AND SOUL FOOD,,LOVE AND SOUL FOOD,False,True,1
LOVELLS AFTER DARK BAR AND LOUNGE,LOVELLS AFTER DARK BAR AND LOUNGE,LOVELLS AFTER DARK BAR AND LOUNGE,,LOVELLS AFTER DARK BAR AND LOUNGE,False,True,1
LOVIN LIFE SALAD & JUICE HUB,LOVIN LIFE SALAD AND JUICE HUB,LOVIN LIFE SALAD AND JUICE HUB,,LOVIN LIFE SALAD AND JUICE HUB,False,True,1
LOWLANDS BAR / LONG SHADOW COFFEE,LOWLANDS BAR LONG SHADOW COFFEE,LOWLANDS BAR LONG SHADOW COFFEE,,LOWLANDS BAR LONG SHADOW COFFEE,False,True,1
LUCIA PIZZA OF SOHO/LUCIA ALIMENTARI,LUCIA PIZZA OF SOHO LUCIA ALIMENTARI,LUCIA PIZZA OF SOHO LUCIA ALIMENTARI,,LUCIA PIZZA OF SOHO LUCIA ALIMENTARI,False,True,1
LUCILLE'S COFFEE AND COCKTAILS,LUCILLES COFFEE AND COCKTAILS,LUCILLES COFFEE AND COCKTAILS,,LUCILLES COFFEE AND COCKTAILS,False,True,1
LUCKY PIZZERIA & CAFE,LUCKY PIZZERIA AND CAFE,LUCKY PIZZERIA AND CAFE,,LUCKY PIZZERIA AND CAFE,False,True,1
LUIGI'S PIZZA AND TACOS,LUIGIS PIZZA AND TACOS,LUIGIS PIZZA AND TACOS,,LUIGIS PIZZA AND TACOS,False,True,1
LUK & BART HOMEMADE FOOD,LUK AND BART HOMEMADE FOOD,LUK AND BART HOMEMADE FOOD,,LUK AND BART HOMEMADE FOOD,False,True,1
LUKE'S BAR & GRILL,LUKES BAR AND GRILL,LUKES BAR AND GRILL,,LUKES BAR AND GRILL,False,True,1
LULIANO'S WOODFIRED PIZZA & TRATTORIA,LULIANOS WOODFIRED PIZZA AND TRATTORIA,LULIANOS WOODFIRED PIZZA AND TRATTORIA,,LULIANOS WOODFIRED PIZZA AND TRATTORIA,False,True,1
LULU & DINO CAFE AND BAKERY,LULU AND DINO CAFE AND BAKERY,LULU AND DINO CAFE AND BAKERY,,LULU AND DINO CAFE AND BAKERY,False,True,1
LUNA CAFE & BAKERY,LUNA CAFE AND BAKERY,LUNA CAFE AND BAKERY,,LUNA CAFE AND BAKERY,False,True,1
LUNA DI PASTA & PIZZA,LUNA DI PASTA AND PIZZA,LUNA DI PASTA AND PIZZA,,LUNA DI PASTA AND PIZZA,False,True,1
LUNA PARK AT STILLWELL AVENUE / MOONSTRUCK,LUNA PARK AT STILLWELL AVENUE MOONSTRUCK,LUNA PARK AT STILLWELL AVENUE MOONSTRUCK,,LUNA PARK AT STILLWELL AVENUE MOONSTRUCK,False,True,1
LUNA PARK AT STILLWELL AVENUE / SWEET DREAMS,LUNA PARK AT STILLWELL AVENUE SWEET DREAMS,LUNA PARK AT STILLWELL AVENUE SWEET DREAMS,,LUNA PARK AT STILLWELL AVENUE SWEET DREAMS,False,True,1
LUNA PARK AT WEST 10TH STREET / FLYWHEEL,LUNA PARK AT WEST 10TH STREET FLYWHEEL,LUNA PARK AT WEST 10TH STREET FLYWHEEL,,LUNA PARK AT WEST 10TH STREET FLYWHEEL,False,True,1
LUNA PARK AT WEST 10TH STREET / HALF MOON,LUNA PARK AT WEST 10TH STREET HALF MOON,LUNA PARK AT WEST 10TH STREET HALF MOON,,LUNA PARK AT WEST 10TH STREET HALF MOON,False,True,1
LUNA PARK AT WEST 12TH STREET / URBAN LEGEND,LUNA PARK AT WEST 12TH STREET URBAN LEGEND,LUNA PARK AT WEST 12TH STREET URBAN LEGEND,,LUNA PARK AT WEST 12TH STREET URBAN LEGEND,False,True,1
LUNA'S KITCHEN & BAR,LUNAS KITCHEN AND BAR,LUNAS KITCHEN AND BAR,,LUNAS KITCHEN AND BAR,False,True,1
"LUSSO LE CAFFE, INC.",LUSSO LE CAFFE,LUSSO LE CAFFE,,LUSSO LE CAFFE,False,True,1
M & D COFFEE CAFE,M AND D COFFEE CAFE,M AND D COFFEE CAFE,,M AND D COFFEE CAFE,False,True,1
M & G RESTAURANT,M AND G RESTAURANT,M AND G RESTAURANT,,M AND G RESTAURANT,False,True,1
M & H BAKERY,M AND H BAKERY,M AND H BAKERY,,M AND H BAKERY,False,True,1
M & K SPANISH RESTAURANT,M AND K SPANISH RESTAURANT,M AND K SPANISH RESTAURANT,,M AND K SPANISH RESTAURANT,False,True,1
M & K SPANISH RESTAURANT II,M AND K SPANISH RESTAURANT II,M AND K SPANISH RESTAURANT II,,M AND K SPANISH RESTAURANT II,False,True,1
M & M BROADWAY BAKERY,M AND M BROADWAY BAKERY,M AND M BROADWAY BAKERY,,M AND M BROADWAY BAKERY,False,True,1
M & M DELI,M AND M DELI,M AND M DELI,,M AND M DELI,False,True,1
M & O BAGELS,M AND O BAGELS,M AND O BAGELS,,M AND O BAGELS,False,True,1
M & R DELI & HERO SHOP,M AND R DELI AND HERO SHOP,M AND R DELI AND HERO SHOP,,M AND R DELI AND HERO SHOP,False,True,1
M & W BAKERY,M AND W BAKERY,M AND W BAKERY,,M AND W BAKERY,False,True,2
M A PIZZA & HOTDOG INC,M A PIZZA AND HOTDOG,M A PIZZA AND HOTDOG,,M A PIZZA AND HOTDOG,False,True,1
M AND G RESTAURANT,M AND G RESTAURANT,M AND G RESTAURANT,,M AND G RESTAURANT,False,True,1
M AND PIZZA,M AND PIZZA,M AND PIZZA,,M AND PIZZA,False,True,1
M&C 1510 ELM AVE NY LLC,M AND C 1510 ELM AVE NY,M AND C 1510 ELM AVE NY,,M AND C 1510 ELM AVE NY,False,True,1
M&D PASTRIES,M AND D PASTRIES,M AND D PASTRIES,,M AND D PASTRIES,False,True,1
M&J ACCOUNTING AND TAX INC.,M AND J ACCOUNTING AND TAX,M AND J ACCOUNTING AND TAX,,M AND J ACCOUNTING AND TAX,False,True,1
M&J NAVY YARD SUB SHOPPE,M AND J NAVY YARD SUB SHOPPE,M AND J NAVY YARD SUB SHOPPE,,M AND J NAVY YARD SUB SHOPPE,False,True,1
M&M BAGELS AND CAFE,M AND M BAGELS AND CAFE,M AND M BAGELS AND CAFE,,M AND M BAGELS AND CAFE,False,True,1
MABLE'S SMOKEHOUSE & BANQUET HALL,MABLES SMOKEHOUSE AND BANQUET HALL,MABLES SMOKEHOUSE AND BANQUET HALL,,MABLES SMOKEHOUSE AND BANQUET HALL,False,True,1
MACCHIATO ESPRESSO & WINE BAR,MACCHIATO ESPRESSO AND WINE BAR,MACCHIATO ESPRESSO AND WINE BAR,,MACCHIATO ESPRESSO AND WINE BAR,False,True,1
MACHI MACHI / MOCHI MOCHI /JONGRO RICE HOTDOG,MACHI MACHI MOCHI MOCHI JONGRO RICE HOTDOG,MACHI MACHI MOCHI MOCHI JONGRO RICE HOTDOG,,MACHI MACHI MOCHI MOCHI JONGRO RICE HOTDOG,False,True,1
MAD DOG & BEANS,MAD DOG AND BEANS,MAD DOG AND BEANS,,MAD DOG AND BEANS,False,True,1
MAD DOG & BEANS MEXICAN CANTINA,MAD DOG AND BEANS MEXICAN CANTINA,MAD DOG AND BEANS MEXICAN CANTINA,,MAD DOG AND BEANS MEXICAN CANTINA,False,True,1
MADHAPPY/PANTRY,MADHAPPY PANTRY,MADHAPPY PANTRY,,MADHAPPY PANTRY,False,True,1
MADHUBAN BUTTER CHICKEN AND BEER (Food Court),MADHUBAN BUTTER CHICKEN AND BEER FOOD COURT,MADHUBAN BUTTER CHICKEN AND BEER FOOD COURT,,MADHUBAN BUTTER CHICKEN AND BEER FOOD COURT,False,True,1
MADISON & VINE,MADISON AND VINE,MADISON AND VINE,,MADISON AND VINE,False,True,1
MADISON BAGEL AND GRILL,MADISON BAGEL AND GRILL,MADISON BAGEL AND GRILL,,MADISON BAGEL AND GRILL,False,True,1
MADISON KITCHEN (HEARTH/MEZZE/SIZZLE),MADISON KITCHEN HEARTH MEZZE SIZZLE,MADISON KITCHEN HEARTH MEZZE SIZZLE,,MADISON KITCHEN HEARTH MEZZE SIZZLE,False,True,1
MADMAN ESPRESSO & BAGEL,MADMAN ESPRESSO AND BAGEL,MADMAN ESPRESSO AND BAGEL,,MADMAN ESPRESSO AND BAGEL,False,True,1
MADMAN ESPRESSO & BAKERY,MADMAN ESPRESSO AND BAKERY,MADMAN ESPRESSO AND BAKERY,,MADMAN ESPRESSO AND BAKERY,False,True,1
MADMAN ESPRESSO& BAGELS,MADMAN ESPRESSO AND BAGELS,MADMAN ESPRESSO AND BAGELS,,MADMAN ESPRESSO AND BAGELS,False,True,1
MAGGUY CAFE & BAKERY,MAGGUY CAFE AND BAKERY,MAGGUY CAFE AND BAKERY,,MAGGUY CAFE AND BAKERY,False,True,1
MAIALINO / VICINO,MAIALINO VICINO,MAIALINO VICINO,,MAIALINO VICINO,False,True,1
"MAIMONIDES PARK STAND #120, PREMIO SAUSAGE/CHEESESTEAKS/Pat-lafreda",MAIMONIDES PARK STAND PREMIO SAUSAGE CHEESESTEAKS PAT LAFREDA,MAIMONIDES PARK STAND PREMIO SAUSAGE CHEESESTEAKS PAT LAFREDA,,MAIMONIDES PARK STAND PREMIO SAUSAGE CHEESESTEAKS PAT LAFREDA,False,True,1
MAISON PASSERELLE / RED ROOM BAR,MAISON PASSERELLE RED ROOM BAR,MAISON PASSERELLE RED ROOM BAR,,MAISON PASSERELLE RED ROOM BAR,False,True,1
MAISONNETTE KITCHEN / CHEZ NOUS,MAISONNETTE KITCHEN CHEZ NOUS,MAISONNETTE KITCHEN CHEZ NOUS,,MAISONNETTE KITCHEN CHEZ NOUS,False,True,1
"MAITRA SHAMPA,ROWSHAN,SYEDA & K.IQBAL",MAITRA SHAMPA ROWSHAN SYEDA AND K IQBAL,MAITRA SHAMPA ROWSHAN SYEDA AND K IQBAL,,MAITRA SHAMPA ROWSHAN SYEDA AND K IQBAL,False,True,1
"MAKIMAKI, LLC",MAKIMAKI,MAKIMAKI,,MAKIMAKI,False,True,1
MALA SIBLINGS / TOOFY DUCK,MALA SIBLINGS TOOFY DUCK,MALA SIBLINGS TOOFY DUCK,,MALA SIBLINGS TOOFY DUCK,False,True,1
MALT & MOLD,MALT AND MOLD,MALT AND MOLD,,MALT AND MOLD,False,True,1
MAMA PHO / SOJUICE,MAMA PHO SOJUICE,MAMA PHO SOJUICE,,MAMA PHO SOJUICE,False,True,1
MAMA RAO'S RESTAURANT & BAR,MAMA RAOS RESTAURANT AND BAR,MAMA RAOS RESTAURANT AND BAR,,MAMA RAOS RESTAURANT AND BAR,False,True,1
MAMA'S CHICKEN SHACK / HAPPY DUMPLING / COCOA CABIN,MAMAS CHICKEN SHACK HAPPY DUMPLING COCOA CABIN,MAMAS CHICKEN SHACK HAPPY DUMPLING COCOA CABIN,,MAMAS CHICKEN SHACK HAPPY DUMPLING COCOA CABIN,False,True,1
MAMA'S RESTAURANT JAMAICAN AND AMERICAN FOOD,MAMAS RESTAURANT JAMAICAN AND AMERICAN FOOD,MAMAS RESTAURANT JAMAICAN AND AMERICAN FOOD,,MAMAS RESTAURANT JAMAICAN AND AMERICAN FOOD,False,True,1
MAMADORA BAR & LOUNGE,MAMADORA BAR AND LOUNGE,MAMADORA BAR AND LOUNGE,,MAMADORA BAR AND LOUNGE,False,True,1
MAMMA MIA PIZZERIA & CUCINA,MAMMA MIA PIZZERIA AND CUCINA,MAMMA MIA PIZZERIA AND CUCINA,,MAMMA MIA PIZZERIA AND CUCINA,False,True,1
MANGO CREPES AND MORE,MANGO CREPES AND MORE,MANGO CREPES AND MORE,,MANGO CREPES AND MORE,False,True,1
MANHATTAN CENTER / HAMMERSTEIN BALLROOM,MANHATTAN CENTER HAMMERSTEIN BALLROOM,MANHATTAN CENTER HAMMERSTEIN BALLROOM,,MANHATTAN CENTER HAMMERSTEIN BALLROOM,False,True,1
MANNAN BAKERY & GRILL,MANNAN BAKERY AND GRILL,MANNAN BAKERY AND GRILL,,MANNAN BAKERY AND GRILL,False,True,1
MANNAN BAKERY & RESTAURANT,MANNAN BAKERY AND RESTAURANT,MANNAN BAKERY AND RESTAURANT,,MANNAN BAKERY AND RESTAURANT,False,True,1
MANNAN SWEETS & RESTAURANT,MANNAN SWEETS AND RESTAURANT,MANNAN SWEETS AND RESTAURANT,,MANNAN SWEETS AND RESTAURANT,False,True,1
"MANON CAFE, LEONIDAS",MANON CAFE LEONIDAS,MANON CAFE LEONIDAS,,MANON CAFE LEONIDAS,False,True,1
"MANSIONS CATERING, INC.",MANSIONS CATERING,MANSIONS CATERING,,MANSIONS CATERING,False,True,1
MAPO ASIAN RESTAURANT & BAR,MAPO ASIAN RESTAURANT AND BAR,MAPO ASIAN RESTAURANT AND BAR,,MAPO ASIAN RESTAURANT AND BAR,False,True,1
MAR Y TIERRA RESTAURANT & LOUNGE,MAR Y TIERRA RESTAURANT AND LOUNGE,MAR Y TIERRA RESTAURANT AND LOUNGE,,MAR Y TIERRA RESTAURANT AND LOUNGE,False,True,1
MARACUS CLUB AND RESTAURANT,MARACUS CLUB AND RESTAURANT,MARACUS CLUB AND RESTAURANT,,MARACUS CLUB AND RESTAURANT,False,True,1
MARAVILLA BILLIARDS AND BAR,MARAVILLA BILLIARDS AND BAR,MARAVILLA BILLIARDS AND BAR,,MARAVILLA BILLIARDS AND BAR,False,True,1
MARCY & MYRTLE,MARCY AND MYRTLE,MARCY AND MYRTLE,,MARCY AND MYRTLE,False,True,1
MARCY & MYRTLE COFFEE BAR,MARCY AND MYRTLE COFFEE BAR,MARCY AND MYRTLE COFFEE BAR,,MARCY AND MYRTLE COFFEE BAR,False,True,1
MARELY'S JUICE & SMOOTHIE,MARELYS JUICE AND SMOOTHIE,MARELYS JUICE AND SMOOTHIE,,MARELYS JUICE AND SMOOTHIE,False,True,1
MARGIE'S/POOL BAR AT THE ROCKAWAY HOTEL,MARGIES POOL BAR AT THE ROCKAWAY HOTEL,MARGIES POOL BAR AT THE ROCKAWAY HOTEL,,MARGIES POOL BAR AT THE ROCKAWAY HOTEL,False,True,1
MARIEL'S JUICE BAR & RESTAURANT,MARIELS JUICE BAR AND RESTAURANT,MARIELS JUICE BAR AND RESTAURANT,,MARIELS JUICE BAR AND RESTAURANT,False,True,1
MARILU & DAYSI,MARILU AND DAYSI,MARILU AND DAYSI,,MARILU AND DAYSI,False,True,1
MARINA BAR & GRILL,MARINA BAR AND GRILL,MARINA BAR AND GRILL,,MARINA BAR AND GRILL,False,True,1
MARIO'S PIZZA & ITALIAN CUCINA,MARIOS PIZZA AND ITALIAN CUCINA,MARIOS PIZZA AND ITALIAN CUCINA,,MARIOS PIZZA AND ITALIAN CUCINA,False,True,1
MARISCO CENTRO SEAFOOD RESTAURANT & BAR,MARISCO CENTRO SEAFOOD RESTAURANT AND BAR,MARISCO CENTRO SEAFOOD RESTAURANT AND BAR,,MARISCO CENTRO SEAFOOD RESTAURANT AND BAR,False,True,1
MARLON UNSTOPPABLE SCOOPS & SQUEEZE,MARLON UNSTOPPABLE SCOOPS AND SQUEEZE,MARLON UNSTOPPABLE SCOOPS AND SQUEEZE,,MARLON UNSTOPPABLE SCOOPS AND SQUEEZE,False,True,1
MARSH & MCLENNAN CAFETERIA,MARSH AND MCLENNAN CAFETERIA,MARSH AND MCLENNAN CAFETERIA,,MARSH AND MCLENNAN CAFETERIA,False,True,1
MARTHA'S PASTRY & CAFE,MARTHAS PASTRY AND CAFE,MARTHAS PASTRY AND CAFE,,MARTHAS PASTRY AND CAFE,False,True,1
MARY GIULIANI CATERING & EVENTS,MARY GIULIANI CATERING AND EVENTS,MARY GIULIANI CATERING AND EVENTS,,MARY GIULIANI CATERING AND EVENTS,False,True,1
MASALAWALA & SONS,MASALAWALA AND SONS,MASALAWALA AND SONS,,MASALAWALA AND SONS,False,True,1
MASALLAH SWEETS AND RESTAURANT,MASALLAH SWEETS AND RESTAURANT,MASALLAH SWEETS AND RESTAURANT,,MASALLAH SWEETS AND RESTAURANT,False,True,1
MASPETH BAGELS & SANDWICH SHOP,MASPETH BAGELS AND SANDWICH SHOP,MASPETH BAGELS AND SANDWICH SHOP,,MASPETH BAGELS AND SANDWICH SHOP,False,True,1
MASSERIA CAFFE & BAKERY,MASSERIA CAFFE AND BAKERY,MASSERIA CAFFE AND BAKERY,,MASSERIA CAFFE AND BAKERY,False,True,1
MATECANA BAKERY & RESTAURANT,MATECANA BAKERY AND RESTAURANT,MATECANA BAKERY AND RESTAURANT,,MATECANA BAKERY AND RESTAURANT,False,True,1
MAX BAKERY & RESTAURANT,MAX BAKERY AND RESTAURANT,MAX BAKERY AND RESTAURANT,,MAX BAKERY AND RESTAURANT,False,True,1
MAX'S DELI & COFFEE SHOP,MAXS DELI AND COFFEE SHOP,MAXS DELI AND COFFEE SHOP,,MAXS DELI AND COFFEE SHOP,False,True,1
MAX'S ES-CA RESTAURANT AND BAR,MAXS ES CA RESTAURANT AND BAR,MAXS ES CA RESTAURANT AND BAR,,MAXS ES CA RESTAURANT AND BAR,False,True,1
MAYA'S GARDEN & JUICE BAR,MAYAS GARDEN AND JUICE BAR,MAYAS GARDEN AND JUICE BAR,,MAYAS GARDEN AND JUICE BAR,False,True,1
"MBJ BRONX CC, LLC",MBJ BRONX CC,MBJ BRONX CC,,MBJ BRONX CC,False,True,1
"MBJ CAFETERIA, LAGUARDIA COMMUNITY COLLEGE",MBJ CAFETERIA LAGUARDIA COMMUNITY COLLEGE,MBJ CAFETERIA LAGUARDIA COMMUNITY COLLEGE,,MBJ CAFETERIA LAGUARDIA COMMUNITY COLLEGE,False,True,1
"MBJ LIC CORP (Coffee, 1 Floor)",MBJ LIC CORP COFFEE 1 FLOOR,MBJ LIC CORP COFFEE 1 FLOOR,,MBJ LIC CORP COFFEE 1 FLOOR,False,True,1
MBL & Q BURGER,MBL AND Q BURGER,MBL AND Q BURGER,,MBL AND Q BURGER,False,True,1
MC BAKERY AND COFFEE SHOP,MC BAKERY AND COFFEE SHOP,MC BAKERY AND COFFEE SHOP,,MC BAKERY AND COFFEE SHOP,False,True,1
MC BAKERY AND COFFEE SHOP II,MC BAKERY AND COFFEE SHOP II,MC BAKERY AND COFFEE SHOP II,,MC BAKERY AND COFFEE SHOP II,False,True,1
MC Food NY LLC / DBA Bombay Birria,MC FOOD NY LLC DBA BOMBAY BIRRIA,MC FOOD NY LLC DBA BOMBAY BIRRIA,,MC FOOD NY LLC DBA BOMBAY BIRRIA,False,True,1
MCCAFFREY & BURKE,MCCAFFREY AND BURKE,MCCAFFREY AND BURKE,,MCCAFFREY AND BURKE,False,True,1
MCHALE'S BAR & GRILL,MCHALES BAR AND GRILL,MCHALES BAR AND GRILL,,MCHALES BAR AND GRILL,False,True,1
MCKINSEY & CO. - 60TH FLOOR,MCKINSEY AND CO 60TH FLOOR,MCKINSEY AND CO 60TH FLOOR,,MCKINSEY AND CO 60TH FLOOR,False,True,1
ME & MY RESTAURANT,ME AND MY RESTAURANT,ME AND MY RESTAURANT,,ME AND MY RESTAURANT,False,True,1
ME AND PAUL'S,ME AND PAULS,ME AND PAULS,,ME AND PAULS,False,True,1
MEDINA BURGER & FRIES,MEDINA BURGER AND FRIES,MEDINA BURGER AND FRIES,,MEDINA BURGER AND FRIES,False,True,1
MEDINA FRIED CHICKEN & INDIAN CUISINE,MEDINA FRIED CHICKEN AND INDIAN CUISINE,MEDINA FRIED CHICKEN AND INDIAN CUISINE,,MEDINA FRIED CHICKEN AND INDIAN CUISINE,False,True,1
MEDUSA ART STUDIOS & EVENTS,MEDUSA ART STUDIOS AND EVENTS,MEDUSA ART STUDIOS AND EVENTS,,MEDUSA ART STUDIOS AND EVENTS,False,True,1
MEEM SPICY GROCERY AND DELI,MEEM SPICY GROCERY AND DELI,MEEM SPICY GROCERY AND DELI,,MEEM SPICY GROCERY AND DELI,False,True,1
MEET & MEAT,MEET AND MEAT,MEET AND MEAT,,MEET AND MEAT,False,True,1
"MEGAN'S BAR AND KITCHEN, KEVIN'S PUB",MEGANS BAR AND KITCHEN KEVINS PUB,MEGANS BAR AND KITCHEN KEVINS PUB,,MEGANS BAR AND KITCHEN KEVINS PUB,False,True,1
MEL & TOAST,MEL AND TOAST,MEL AND TOAST,,MEL AND TOAST,False,True,1
MELANIE'S ROTI & GRILL RESTAURANT,MELANIES ROTI AND GRILL RESTAURANT,MELANIES ROTI AND GRILL RESTAURANT,,MELANIES ROTI AND GRILL RESTAURANT,False,True,1
MELANY BAR & RESTAURANT,MELANY BAR AND RESTAURANT,MELANY BAR AND RESTAURANT,,MELANY BAR AND RESTAURANT,False,True,1
MELLER'S SPORTS HUB & GRILL,MELLERS SPORTS HUB AND GRILL,MELLERS SPORTS HUB AND GRILL,,MELLERS SPORTS HUB AND GRILL,False,True,1
MELLOW & MELT BAKESHOP,MELLOW AND MELT BAKESHOP,MELLOW AND MELT BAKESHOP,,MELLOW AND MELT BAKESHOP,False,True,1
MELLOW YELLOW COFFEE & VIBES,MELLOW YELLOW COFFEE AND VIBES,MELLOW YELLOW COFFEE AND VIBES,,MELLOW YELLOW COFFEE AND VIBES,False,True,1
MELONPANNA TEA & SHOT,MELONPANNA TEA AND SHOT,MELONPANNA TEA AND SHOT,,MELONPANNA TEA AND SHOT,False,True,1
MENDELSOHN'S PIZZA/CUCINA MODERN KITCHEN,MENDELSOHNS PIZZA CUCINA MODERN KITCHEN,MENDELSOHNS PIZZA CUCINA MODERN KITCHEN,,MENDELSOHNS PIZZA CUCINA MODERN KITCHEN,False,True,1
MENTO FOOD AND BEVERAGES INC,MENTO FOOD AND BEVERAGES,MENTO FOOD AND BEVERAGES,,MENTO FOOD AND BEVERAGES,False,True,1
MEOW/MACARON PARLOUR,MEOW MACARON PARLOUR,MEOW MACARON PARLOUR,,MEOW MACARON PARLOUR,False,True,1
"MERA JFK T8, LLC",MERA JFK T8,MERA JFK T8,,MERA JFK T8,False,True,2
MERCHANTS CIGAR BAR / TRADEWELL PARK,MERCHANTS CIGAR BAR TRADEWELL PARK,MERCHANTS CIGAR BAR TRADEWELL PARK,,MERCHANTS CIGAR BAR TRADEWELL PARK,False,True,1
MERGUEZ & FRITES,MERGUEZ AND FRITES,MERGUEZ AND FRITES,,MERGUEZ AND FRITES,False,True,1
MERIT KABAB & SWEETS,MERIT KABAB AND SWEETS,MERIT KABAB AND SWEETS,,MERIT KABAB AND SWEETS,False,True,1
MERITTA'S JAMAICAN AND AMERICAN RESTAURANT,MERITTAS JAMAICAN AND AMERICAN RESTAURANT,MERITTAS JAMAICAN AND AMERICAN RESTAURANT,,MERITTAS JAMAICAN AND AMERICAN RESTAURANT,False,True,1
MERRION ROW HOTEL & PUBLIC HOUSE,MERRION ROW HOTEL AND PUBLIC HOUSE,MERRION ROW HOTEL AND PUBLIC HOUSE,,MERRION ROW HOTEL AND PUBLIC HOUSE,False,True,1
MET LIFE JUICE & SMOOTHIE BAR,MET LIFE JUICE AND SMOOTHIE BAR,MET LIFE JUICE AND SMOOTHIE BAR,,MET LIFE JUICE AND SMOOTHIE BAR,False,True,1
METATE and Parmesan Pizza,METATE AND PARMESAN PIZZA,METATE AND PARMESAN PIZZA,,METATE AND PARMESAN PIZZA,False,True,1
METRO BAGEL & CAFE,METRO BAGEL AND CAFE,METRO BAGEL AND CAFE,,METRO BAGEL AND CAFE,False,True,1
METRO CAFETERIA & RESTAURANT,METRO CAFETERIA AND RESTAURANT,METRO CAFETERIA AND RESTAURANT,,METRO CAFETERIA AND RESTAURANT,False,True,1
METRO PIZZERIA & RESTAURANT,METRO PIZZERIA AND RESTAURANT,METRO PIZZERIA AND RESTAURANT,,METRO PIZZERIA AND RESTAURANT,False,True,1
"METZ CULINARY MANAGEMENT, LLC",METZ CULINARY MANAGEMENT,METZ CULINARY MANAGEMENT,,METZ CULINARY MANAGEMENT,False,True,1
MEXIKOSHER / AMSTERDAM BURGER / CARLOS & GABBY'S / GRAZE SMOKEHOUSE / ROSA'S CHICKEN,MEXIKOSHER AMSTERDAM BURGER CARLOS AND GABBYS GRAZE SMOKEHOUSE ROSAS CHICKEN,MEXIKOSHER AMSTERDAM BURGER CARLOS AND GABBYS GRAZE SMOKEHOUSE ROSAS CHICKEN,,MEXIKOSHER AMSTERDAM BURGER CARLOS AND GABBYS GRAZE SMOKEHOUSE ROSAS CHICKEN,False,True,1
MEZZE GRAB & GO,MEZZE GRAB AND GO,MEZZE GRAB AND GO,,MEZZE GRAB AND GO,False,True,1
MG 54 BAR AND LOUNGE,MG 54 BAR AND LOUNGE,MG 54 BAR AND LOUNGE,,MG 54 BAR AND LOUNGE,False,True,1
MG WELLNESS & NUTRITION (HERBALIFE),MG WELLNESS AND NUTRITION HERBALIFE,MG WELLNESS AND NUTRITION HERBALIFE,,MG WELLNESS AND NUTRITION HERBALIFE,False,True,1
MI BAKERY & CAFE,MI BAKERY AND CAFE,MI BAKERY AND CAFE,,MI BAKERY AND CAFE,False,True,1
MI BELLA GROCERY & DELI,MI BELLA GROCERY AND DELI,MI BELLA GROCERY AND DELI,,MI BELLA GROCERY AND DELI,False,True,1
MI NUEVA BONANZA BAKERY & RESTAURANT,MI NUEVA BONANZA BAKERY AND RESTAURANT,MI NUEVA BONANZA BAKERY AND RESTAURANT,,MI NUEVA BONANZA BAKERY AND RESTAURANT,False,True,1
MI PUEBLO DELI & GROCERY,MI PUEBLO DELI AND GROCERY,MI PUEBLO DELI AND GROCERY,,MI PUEBLO DELI AND GROCERY,False,True,1
MIA'S ROSTISERIA & PARRILADAS,MIAS ROSTISERIA AND PARRILADAS,MIAS ROSTISERIA AND PARRILADAS,,MIAS ROSTISERIA AND PARRILADAS,False,True,1
MICHAEL & SONS,MICHAEL AND SONS,MICHAEL AND SONS,,MICHAEL AND SONS,False,True,1
MICHAEL ANGELO’S WOOD FIRED PIZZA & PASTA,MICHAEL ANGELOS WOOD FIRED PIZZA AND PASTA,MICHAEL ANGELOS WOOD FIRED PIZZA AND PASTA,,MICHAEL ANGELOS WOOD FIRED PIZZA AND PASTA,False,True,1
MIDDLE BRANCH / LB33,MIDDLE BRANCH LB33,MIDDLE BRANCH LB33,,MIDDLE BRANCH LB33,False,True,1
MIDNIGHT THEATRE/MIDNIGHT BY NAVARROS,MIDNIGHT THEATRE MIDNIGHT BY NAVARROS,MIDNIGHT THEATRE MIDNIGHT BY NAVARROS,,MIDNIGHT THEATRE MIDNIGHT BY NAVARROS,False,True,1
MIGHTY QUINN'S BARBEQUE / CARNEGIE DELI CONCESSIONS,MIGHTY QUINNS BARBEQUE CARNEGIE DELI CONCESSIONS,MIGHTY QUINNS BARBEQUE CARNEGIE DELI CONCESSIONS,,MIGHTY QUINNS BARBEQUE CARNEGIE DELI CONCESSIONS,False,True,1
MIKA'S DUMPLINGS / JACKY'S FRIED / NICK'S RICE BOWL / LATE NIGHT KOREAN EXPRESS,MIKAS DUMPLINGS JACKYS FRIED NICKS RICE BOWL LATE NIGHT KOREAN EXPRESS,MIKAS DUMPLINGS JACKYS FRIED NICKS RICE BOWL LATE NIGHT KOREAN EXPRESS,,MIKAS DUMPLINGS JACKYS FRIED NICKS RICE BOWL LATE NIGHT KOREAN EXPRESS,False,True,1
MIKADO CRUNCHY CHICKEN & SUSHI,MIKADO CRUNCHY CHICKEN AND SUSHI,MIKADO CRUNCHY CHICKEN AND SUSHI,,MIKADO CRUNCHY CHICKEN AND SUSHI,False,True,1
MIKE'S PIZZA & RESTAURANT,MIKES PIZZA AND RESTAURANT,MIKES PIZZA AND RESTAURANT,,MIKES PIZZA AND RESTAURANT,False,True,1
MILANO PIZZA & FRIED CHICKEN,MILANO PIZZA AND FRIED CHICKEN,MILANO PIZZA AND FRIED CHICKEN,,MILANO PIZZA AND FRIED CHICKEN,False,True,1
MILANO PIZZA AND PASTA,MILANO PIZZA AND PASTA,MILANO PIZZA AND PASTA,,MILANO PIZZA AND PASTA,False,True,1
MILK & HONEY CAFE,MILK AND HONEY CAFE,MILK AND HONEY CAFE,,MILK AND HONEY CAFE,False,True,1
MILK & HONEY CAFE 94,MILK AND HONEY CAFE 94,MILK AND HONEY CAFE 94,,MILK AND HONEY CAFE 94,False,True,1
MILK & HOPS,MILK AND HOPS,MILK AND HOPS,,MILK AND HOPS,False,True,1
MILK & PULL,MILK AND PULL,MILK AND PULL,,MILK AND PULL,False,True,2
MILK & ROSES,MILK AND ROSES,MILK AND ROSES,,MILK AND ROSES,False,True,1
MILLIE'S COFFEE CO. / KAPETID ROASTERS,MILLIES COFFEE CO KAPETID ROASTERS,MILLIES COFFEE CO KAPETID ROASTERS,,MILLIES COFFEE CO KAPETID ROASTERS,False,True,1
MILLY'S CORNER RESTAURANT AND BAR,MILLYS CORNER RESTAURANT AND BAR,MILLYS CORNER RESTAURANT AND BAR,,MILLYS CORNER RESTAURANT AND BAR,False,True,1
MIMI & JACKS,MIMI AND JACKS,MIMI AND JACKS,,MIMI AND JACKS,False,True,1
MIS ANTOJITOS AND NATURAL JUICE BAR,MIS ANTOJITOS AND NATURAL JUICE BAR,MIS ANTOJITOS AND NATURAL JUICE BAR,,MIS ANTOJITOS AND NATURAL JUICE BAR,False,True,1
MISSION CHINESE FOOD / BASEMENT,MISSION CHINESE FOOD BASEMENT,MISSION CHINESE FOOD BASEMENT,,MISSION CHINESE FOOD BASEMENT,False,True,1
MIYAMA SUSHI & STEAKHOUSE,MIYAMA SUSHI AND STEAKHOUSE,MIYAMA SUSHI AND STEAKHOUSE,,MIYAMA SUSHI AND STEAKHOUSE,False,True,1
MJ SMITH FOOD & SPIRITS,MJ SMITH FOOD AND SPIRITS,MJ SMITH FOOD AND SPIRITS,,MJ SMITH FOOD AND SPIRITS,False,True,1
MLB &Q BURGER,MLB AND Q BURGER,MLB AND Q BURGER,,MLB AND Q BURGER,False,True,1
MO & U CHINESE RESTAURANT INC,MO AND U CHINESE RESTAURANT,MO AND U CHINESE RESTAURANT,,MO AND U CHINESE RESTAURANT,False,True,1
MO & U CHINESE RESTAURANT INC.,MO AND U CHINESE RESTAURANT,MO AND U CHINESE RESTAURANT,,MO AND U CHINESE RESTAURANT,False,True,1
MO LOUNGE / THE BAR AT MANDARIN ORIENTAL / LOBBY LOUNGE,MO LOUNGE THE BAR AT MANDARIN ORIENTAL LOBBY LOUNGE,MO LOUNGE THE BAR AT MANDARIN ORIENTAL LOBBY LOUNGE,,MO LOUNGE THE BAR AT MANDARIN ORIENTAL LOBBY LOUNGE,False,True,1
MOCA & CO,MOCA AND CO,MOCA AND CO,,MOCA AND CO,False,True,1
MOCHI AND CREAM,MOCHI AND CREAM,MOCHI AND CREAM,,MOCHI AND CREAM,False,True,1
MODELO BAR/ PAISANO BURGERS/ JUNIOR'S DESSERTS,MODELO BAR PAISANO BURGERS JUNIORS DESSERTS,MODELO BAR PAISANO BURGERS JUNIORS DESSERTS,,MODELO BAR PAISANO BURGERS JUNIORS DESSERTS,False,True,1
MODERN BREAD & BAGEL,MODERN BREAD AND BAGEL,MODERN BREAD AND BAGEL,,MODERN BREAD AND BAGEL,False,True,1
MODERN BREAD AND BAGEL,MODERN BREAD AND BAGEL,MODERN BREAD AND BAGEL,,MODERN BREAD AND BAGEL,False,True,3
MODERN TEA & SALAD,MODERN TEA AND SALAD,MODERN TEA AND SALAD,,MODERN TEA AND SALAD,False,True,1
MODOO CHICKEN AND NOODLE BAR,MODOO CHICKEN AND NOODLE BAR,MODOO CHICKEN AND NOODLE BAR,,MODOO CHICKEN AND NOODLE BAR,False,True,1
MOE'S GOURMET FOOD & PIZZA,MOES GOURMET FOOD AND PIZZA,MOES GOURMET FOOD AND PIZZA,,MOES GOURMET FOOD AND PIZZA,False,True,1
MOE'S PASTRAMI & BURGER,MOES PASTRAMI AND BURGER,MOES PASTRAMI AND BURGER,,MOES PASTRAMI AND BURGER,False,True,1
MOELIS & COMPANY KITCHEN,MOELIS AND COMPANY KITCHEN,MOELIS AND COMPANY KITCHEN,,MOELIS AND COMPANY KITCHEN,False,True,1
MOFONGO DEL VALLE/PIZZA DEL VALLE,MOFONGO DEL VALLE PIZZA DEL VALLE,MOFONGO DEL VALLE PIZZA DEL VALLE,,MOFONGO DEL VALLE PIZZA DEL VALLE,False,True,1
MOGADOR / EREWHON TONIC BAR AT KITH IVY,MOGADOR EREWHON TONIC BAR AT KITH IVY,MOGADOR EREWHON TONIC BAR AT KITH IVY,,MOGADOR EREWHON TONIC BAR AT KITH IVY,False,True,1
MOKA & CO,MOKA AND CO,MOKA AND CO,,MOKA AND CO,False,True,5
MOM'S KITCHEN & BAR,MOMS KITCHEN AND BAR,MOMS KITCHEN AND BAR,,MOMS KITCHEN AND BAR,False,True,1
MOM'S KITCHEN & BAR / LILY'S,MOMS KITCHEN AND BAR LILYS,MOMS KITCHEN AND BAR LILYS,,MOMS KITCHEN AND BAR LILYS,False,True,1
MOMO SUSHI & RAMEN,MOMO SUSHI AND RAMEN,MOMO SUSHI AND RAMEN,,MOMO SUSHI AND RAMEN,False,True,1
MOMOSAN RAMEN & SAKE,MOMOSAN RAMEN AND SAKE,MOMOSAN RAMEN AND SAKE,,MOMOSAN RAMEN AND SAKE,False,True,1
MON AMOUR COFFEE & WINE,MON AMOUR COFFEE AND WINE,MON AMOUR COFFEE AND WINE,,MON AMOUR COFFEE AND WINE,False,True,2
"MON AMOUR COFFEE EXPRESS, INC.",MON AMOUR COFFEE EXPRESS,MON AMOUR COFFEE EXPRESS,,MON AMOUR COFFEE EXPRESS,False,True,1
MONA KITCHEN & MARKET,MONA KITCHEN AND MARKET,MONA KITCHEN AND MARKET,,MONA KITCHEN AND MARKET,False,True,1
MONA LISA PIZZERIA & RISTORANTE,MONA LISA PIZZERIA AND RISTORANTE,MONA LISA PIZZERIA AND RISTORANTE,,MONA LISA PIZZERIA AND RISTORANTE,False,True,1
MONAHAN & FITZGERALD,MONAHAN AND FITZGERALD,MONAHAN AND FITZGERALD,,MONAHAN AND FITZGERALD,False,True,1
MONKEY TIGER / TASTE KOREA 232,MONKEY TIGER TASTE KOREA 232,MONKEY TIGER TASTE KOREA 232,,MONKEY TIGER TASTE KOREA 232,False,True,1
MONTE CAFE & BAKERY,MONTE CAFE AND BAKERY,MONTE CAFE AND BAKERY,,MONTE CAFE AND BAKERY,False,True,1
MONTE GRAB & GO MARKET,MONTE GRAB AND GO MARKET,MONTE GRAB AND GO MARKET,,MONTE GRAB AND GO MARKET,False,True,1
MONTE HOREB DELI & GROCERY,MONTE HOREB DELI AND GROCERY,MONTE HOREB DELI AND GROCERY,,MONTE HOREB DELI AND GROCERY,False,True,1
MONTERO BAR & GRILL,MONTERO BAR AND GRILL,MONTERO BAR AND GRILL,,MONTERO BAR AND GRILL,False,True,1
MONUMENT BAR AND RESTAURANT,MONUMENT BAR AND RESTAURANT,MONUMENT BAR AND RESTAURANT,,MONUMENT BAR AND RESTAURANT,False,True,1
MOODY'S COFFEEHOUSE & TAVERN,MOODYS COFFEEHOUSE AND TAVERN,MOODYS COFFEEHOUSE AND TAVERN,,MOODYS COFFEEHOUSE AND TAVERN,False,True,1
MOON & FLOWER HOUSE,MOON AND FLOWER HOUSE,MOON AND FLOWER HOUSE,,MOON AND FLOWER HOUSE,False,True,2
MOON AND BACK,MOON AND BACK,MOON AND BACK,,MOON AND BACK,False,True,1
MOONLITE GRILL & CHICKEN,MOONLITE GRILL AND CHICKEN,MOONLITE GRILL AND CHICKEN,,MOONLITE GRILL AND CHICKEN,False,True,1
MORA CAFE AND JUICE,MORA CAFE AND JUICE,MORA CAFE AND JUICE,,MORA CAFE AND JUICE,False,True,1
MORELOS DELI & FRUIT,MORELOS DELI AND FRUIT,MORELOS DELI AND FRUIT,,MORELOS DELI AND FRUIT,False,True,1
MORGAN STANLEY EDR 39th & 40TH FL,MORGAN STANLEY EDR 39TH AND 40TH FL,MORGAN STANLEY EDR 39TH AND 40TH FL,,MORGAN STANLEY EDR 39TH AND 40TH FL,False,True,1
MOROCHO JUICE BAR & GRILL,MOROCHO JUICE BAR AND GRILL,MOROCHO JUICE BAR AND GRILL,,MOROCHO JUICE BAR AND GRILL,False,True,1
MORRIS YACHT & BEACH CLUB,MORRIS YACHT AND BEACH CLUB,MORRIS YACHT AND BEACH CLUB,,MORRIS YACHT AND BEACH CLUB,False,True,1
MORRONE PASTRY SHOP & CAFE,MORRONE PASTRY SHOP AND CAFE,MORRONE PASTRY SHOP AND CAFE,,MORRONE PASTRY SHOP AND CAFE,False,True,1
MOTHER'S SEAFOOD & MORE,MOTHERS SEAFOOD AND MORE,MOTHERS SEAFOOD AND MORE,,MOTHERS SEAFOOD AND MORE,False,True,1
MOTHERS SEAFOOD & MORE,MOTHERS SEAFOOD AND MORE,MOTHERS SEAFOOD AND MORE,,MOTHERS SEAFOOD AND MORE,False,True,1
MOTIN SPICE AND SWEETS,MOTIN SPICE AND SWEETS,MOTIN SPICE AND SWEETS,,MOTIN SPICE AND SWEETS,False,True,1
MOTIN SWEETS AND MASALA,MOTIN SWEETS AND MASALA,MOTIN SWEETS AND MASALA,,MOTIN SWEETS AND MASALA,False,True,1
MOZZARELLA & VINO,MOZZARELLA AND VINO,MOZZARELLA AND VINO,,MOZZARELLA AND VINO,False,True,1
MR CAKE BAKERY & DESSERT,MR CAKE BAKERY AND DESSERT,MR CAKE BAKERY AND DESSERT,,MR CAKE BAKERY AND DESSERT,False,True,1
MR FIRE BAR & RESTAURANT CORP,MR FIRE BAR AND RESTAURANT,MR FIRE BAR AND RESTAURANT,,MR FIRE BAR AND RESTAURANT,False,True,1
MR. BELLS CUISINE AND BAR,MR BELLS CUISINE AND BAR,MR BELLS CUISINE AND BAR,,MR BELLS CUISINE AND BAR,False,True,1
MR. BIGGS BAR AND GRILL,MR BIGGS BAR AND GRILL,MR BIGGS BAR AND GRILL,,MR BIGGS BAR AND GRILL,False,True,1
MR. CHICKEN AND MRS. TEA,MR CHICKEN AND MRS TEA,MR CHICKEN AND MRS TEA,,MR CHICKEN AND MRS TEA,False,True,1
MR. FIRE BAR & GRILL,MR FIRE BAR AND GRILL,MR FIRE BAR AND GRILL,,MR FIRE BAR AND GRILL,False,True,1
MR. SABOR & PUNTO,MR SABOR AND PUNTO,MR SABOR AND PUNTO,,MR SABOR AND PUNTO,False,True,1
MR. WU DIM SUM & TEA,MR WU DIM SUM AND TEA,MR WU DIM SUM AND TEA,,MR WU DIM SUM AND TEA,False,True,1
MRS. FIELDS / PRETZELMAKER,MRS FIELDS PRETZELMAKER,MRS FIELDS PRETZELMAKER,,MRS FIELDS PRETZELMAKER,False,True,1
MRS. GREEN SALAD & JUICE,MRS GREEN SALAD AND JUICE,MRS GREEN SALAD AND JUICE,,MRS GREEN SALAD AND JUICE,False,True,1
MUGS ALE HOUSE / RICK & PETE'S,MUGS ALE HOUSE RICK AND PETES,MUGS ALE HOUSE RICK AND PETES,,MUGS ALE HOUSE RICK AND PETES,False,True,1
MUI KITCHEN & BAR,MUI KITCHEN AND BAR,MUI KITCHEN AND BAR,,MUI KITCHEN AND BAR,False,True,1
"MURALS ON 54, RANDOLPH'S",MURALS ON 54 RANDOLPHS,MURALS ON 54 RANDOLPHS,,MURALS ON 54 RANDOLPHS,False,True,1
MUSES 35 BAR & KARAOKE,MUSES 35 BAR AND KARAOKE,MUSES 35 BAR AND KARAOKE,,MUSES 35 BAR AND KARAOKE,False,True,1
MUSSELS & MORE,MUSSELS AND MORE,MUSSELS AND MORE,,MUSSELS AND MORE,False,True,1
MX 4 AVE F&B INC.,MX 4 AVE F AND B,MX 4 AVE F AND B,,MX 4 AVE F AND B,False,True,1
"MY KITCHEN FLAVOR CATERING, LLC.",MY KITCHEN FLAVOR CATERING,MY KITCHEN FLAVOR CATERING,,MY KITCHEN FLAVOR CATERING,False,True,1
MYA & BROOKLYN,MYA AND BROOKLYN,MYA AND BROOKLYN,,MYA AND BROOKLYN,False,True,1
MYST HOOKAH LOUNGE & CAFE,MYST HOOKAH LOUNGE AND CAFE,MYST HOOKAH LOUNGE AND CAFE,,MYST HOOKAH LOUNGE AND CAFE,False,True,1
Mikey's Restaurant & Lounge,MIKEYS RESTAURANT AND LOUNGE,MIKEYS RESTAURANT AND LOUNGE,,MIKEYS RESTAURANT AND LOUNGE,False,True,1
N & D PIZZA,N AND D PIZZA,N AND D PIZZA,,N AND D PIZZA,False,True,1
N & F GLOBAL CORP,N AND F GLOBAL,N AND F GLOBAL,,N AND F GLOBAL,False,True,2
N & M PIZZA,N AND M PIZZA,N AND M PIZZA,,N AND M PIZZA,False,True,1
N&F GLOBAL CORP.,N AND F GLOBAL,N AND F GLOBAL,,N AND F GLOBAL,False,True,1
N&G ENTERPRISES LLC,N AND G ENTERPRISES,N AND G ENTERPRISES,,N AND G ENTERPRISES,False,True,1
N&Z LA BAGEL DELIGHT,N AND Z LA BAGEL DELIGHT,N AND Z LA BAGEL DELIGHT,,N AND Z LA BAGEL DELIGHT,False,True,1
N.Y. TIMES GRAB & GO,N Y TIMES GRAB AND GO,N Y TIMES GRAB AND GO,,N Y TIMES GRAB AND GO,False,True,1
N/A,N A,N A,,N A,False,True,1
N/A (FAMILY SHELTER),N A FAMILY SHELTER,N A FAMILY SHELTER,,N A FAMILY SHELTER,False,True,1
NAD'S ROTI SHOP & RESTAURANT,NADS ROTI SHOP AND RESTAURANT,NADS ROTI SHOP AND RESTAURANT,,NADS ROTI SHOP AND RESTAURANT,False,True,1
"NADAL 3 DELI & BUFFET, INC.",NADAL 3 DELI AND BUFFET,NADAL 3 DELI AND BUFFET,,NADAL 3 DELI AND BUFFET,False,True,1
NAISNOW TEA & BAKERY,NAISNOW TEA AND BAKERY,NAISNOW TEA AND BAKERY,,NAISNOW TEA AND BAKERY,False,True,1
NALAS BAGEL AND ICE CREAM,NALAS BAGEL AND ICE CREAM,NALAS BAGEL AND ICE CREAM,,NALAS BAGEL AND ICE CREAM,False,True,1
NANGMA RESTAURANT & BAR,NANGMA RESTAURANT AND BAR,NANGMA RESTAURANT AND BAR,,NANGMA RESTAURANT AND BAR,False,True,1
NANSHAN HOT POT / TEA PULSE,NANSHAN HOT POT TEA PULSE,NANSHAN HOT POT TEA PULSE,,NANSHAN HOT POT TEA PULSE,False,True,2
NAPOLI PIZZA & PASTA,NAPOLI PIZZA AND PASTA,NAPOLI PIZZA AND PASTA,,NAPOLI PIZZA AND PASTA,False,True,1
NASHEMAN GRILL & RESTAURANT,NASHEMAN GRILL AND RESTAURANT,NASHEMAN GRILL AND RESTAURANT,,NASHEMAN GRILL AND RESTAURANT,False,True,1
NASHVILLE FRIED CHICKEN & PIZZA,NASHVILLE FRIED CHICKEN AND PIZZA,NASHVILLE FRIED CHICKEN AND PIZZA,,NASHVILLE FRIED CHICKEN AND PIZZA,False,True,1
NATHAN'S FAMOUS & HIGHLANDER'S (STAND 312),NATHANS FAMOUS AND HIGHLANDERS STAND 312,NATHANS FAMOUS AND HIGHLANDERS STAND 312,NATHANS,NATHANS FAMOUS AND HIGHLANDERS STAND 312,False,True,1
NATHAN'S FAMOUS (Kiosk in theme park by Bumper Cars/Wonder Wheel),NATHANS FAMOUS KIOSK IN THEME PARK BY BUMPER CARS WONDER WHEEL,NATHANS FAMOUS KIOSK IN THEME PARK BY BUMPER CARS WONDER WHEEL,NATHANS | WONDER,NATHANS FAMOUS KIOSK IN THEME PARK BY BUMPER CARS WONDER WHEEL,False,True,1
NATTO HIBACHI & SUSHI,NATTO HIBACHI AND SUSHI,NATTO HIBACHI AND SUSHI,,NATTO HIBACHI AND SUSHI,False,True,1
NATURA CAFE / DREAM DOWNTOWN,NATURA CAFE DREAM DOWNTOWN,NATURA CAFE DREAM DOWNTOWN,,NATURA CAFE DREAM DOWNTOWN,False,True,1
NATURAL BLEND VEGETARIAN CAFE & JUICE,NATURAL BLEND VEGETARIAN CAFE AND JUICE,NATURAL BLEND VEGETARIAN CAFE AND JUICE,,NATURAL BLEND VEGETARIAN CAFE AND JUICE,False,True,1
NELLY'S CHICKEN & PIZZA,NELLYS CHICKEN AND PIZZA,NELLYS CHICKEN AND PIZZA,,NELLYS CHICKEN AND PIZZA,False,True,1
NEM'S JAPANDI BISTRO / KOI BA,NEMS JAPANDI BISTRO KOI BA,NEMS JAPANDI BISTRO KOI BA,,NEMS JAPANDI BISTRO KOI BA,False,True,1
NENE TAQUERIA / BROOKLYN CORNER STORE,NENE TAQUERIA BROOKLYN CORNER STORE,NENE TAQUERIA BROOKLYN CORNER STORE,,NENE TAQUERIA BROOKLYN CORNER STORE,False,True,1
NEW BROADWAY PIZZERIA AND COFFEE,NEW BROADWAY PIZZERIA AND COFFEE,NEW BROADWAY PIZZERIA AND COFFEE,,NEW BROADWAY PIZZERIA AND COFFEE,False,True,1
NEW BURRITO NACHO AND PIZZA,NEW BURRITO NACHO AND PIZZA,NEW BURRITO NACHO AND PIZZA,,NEW BURRITO NACHO AND PIZZA,False,True,1
NEW CROWN CHICKEN & BISCUIT,NEW CROWN CHICKEN AND BISCUIT,NEW CROWN CHICKEN AND BISCUIT,,NEW CROWN CHICKEN AND BISCUIT,False,True,1
NEW KENNEDY CHICKEN & GYRO,NEW KENNEDY CHICKEN AND GYRO,NEW KENNEDY CHICKEN AND GYRO,,NEW KENNEDY CHICKEN AND GYRO,False,True,1
NEW M & J SUSHI BAR,NEW M AND J SUSHI BAR,NEW M AND J SUSHI BAR,,NEW M AND J SUSHI BAR,False,True,1
NEW ONE FABENE PIZZA & PASTA.,NEW ONE FABENE PIZZA AND PASTA,NEW ONE FABENE PIZZA AND PASTA,,NEW ONE FABENE PIZZA AND PASTA,False,True,1
NEW PARK PIZZERIA & RESTAURANT,NEW PARK PIZZERIA AND RESTAURANT,NEW PARK PIZZERIA AND RESTAURANT,,NEW PARK PIZZERIA AND RESTAURANT,False,True,1
NEW PUNJAB RESTAURANT & GRILL,NEW PUNJAB RESTAURANT AND GRILL,NEW PUNJAB RESTAURANT AND GRILL,,NEW PUNJAB RESTAURANT AND GRILL,False,True,1
NEW T&T RESTAURANT,NEW T AND T RESTAURANT,NEW T AND T RESTAURANT,,NEW T AND T RESTAURANT,False,True,1
NEW TEXAS CHICKEN & GRILL,NEW TEXAS CHICKEN AND GRILL,NEW TEXAS CHICKEN AND GRILL,,NEW TEXAS CHICKEN AND GRILL,False,True,1
NEW TEXAS FRIED CHICKEN & PIZZA,NEW TEXAS FRIED CHICKEN AND PIZZA,NEW TEXAS FRIED CHICKEN AND PIZZA,,NEW TEXAS FRIED CHICKEN AND PIZZA,False,True,1
NEW TOP TACO & CHINA,NEW TOP TACO AND CHINA,NEW TOP TACO AND CHINA,,NEW TOP TACO AND CHINA,False,True,1
NEW WORLD STAGES & THE GREEN ROOM,NEW WORLD STAGES AND THE GREEN ROOM,NEW WORLD STAGES AND THE GREEN ROOM,,NEW WORLD STAGES AND THE GREEN ROOM,False,True,1
NEW YORK BAGELS & CAFE,NEW YORK BAGELS AND CAFE,NEW YORK BAGELS AND CAFE,,NEW YORK BAGELS AND CAFE,False,True,1
"NEW YORK BAN JUM, INC.",NEW YORK BAN JUM,NEW YORK BAN JUM,,NEW YORK BAN JUM,False,True,1
NEW YORK CHICKEN & GRILL,NEW YORK CHICKEN AND GRILL,NEW YORK CHICKEN AND GRILL,,NEW YORK CHICKEN AND GRILL,False,True,1
NEW YORK CITY BAGEL & COFFEE HOUSE,NEW YORK CITY BAGEL AND COFFEE HOUSE,NEW YORK CITY BAGEL AND COFFEE HOUSE,,NEW YORK CITY BAGEL AND COFFEE HOUSE,False,True,4
NEW YORK DELI & CAFE,NEW YORK DELI AND CAFE,NEW YORK DELI AND CAFE,,NEW YORK DELI AND CAFE,False,True,1
NEW YORK FRIED CHICKEN & PIZZA,NEW YORK FRIED CHICKEN AND PIZZA,NEW YORK FRIED CHICKEN AND PIZZA,,NEW YORK FRIED CHICKEN AND PIZZA,False,True,1
NEW YORK SPA & SAUNA CAFE,NEW YORK SPA AND SAUNA CAFE,NEW YORK SPA AND SAUNA CAFE,,NEW YORK SPA AND SAUNA CAFE,False,True,1
NEW YORK TAVERN & LOUNGE,NEW YORK TAVERN AND LOUNGE,NEW YORK TAVERN AND LOUNGE,,NEW YORK TAVERN AND LOUNGE,False,True,1
NIAGARA / LOVERS OF TODAY / 96 TEARS/ THE CABIN,NIAGARA LOVERS OF TODAY 96 TEARS THE CABIN,NIAGARA LOVERS OF TODAY 96 TEARS THE CABIN,,NIAGARA LOVERS OF TODAY 96 TEARS THE CABIN,False,True,1
NIC & GAB,NIC AND GAB,NIC AND GAB,,NIC AND GAB,False,True,1
"NICE Q BAR, NEW SEVEN BILLIARDS",NICE Q BAR NEW SEVEN BILLIARDS,NICE Q BAR NEW SEVEN BILLIARDS,,NICE Q BAR NEW SEVEN BILLIARDS,False,True,1
NICK & STEF'S STEAKHOUSE,NICK AND STEFS STEAKHOUSE,NICK AND STEFS STEAKHOUSE,,NICK AND STEFS STEAKHOUSE,False,True,1
NIGHTINGALE RESTAURANT & BAR,NIGHTINGALE RESTAURANT AND BAR,NIGHTINGALE RESTAURANT AND BAR,,NIGHTINGALE RESTAURANT AND BAR,False,True,1
NIKKO HIBACHI STEAKHOUSE & LOUNGE,NIKKO HIBACHI STEAKHOUSE AND LOUNGE,NIKKO HIBACHI STEAKHOUSE AND LOUNGE,,NIKKO HIBACHI STEAKHOUSE AND LOUNGE,False,True,1
NINJA JAPAN TERIYAKI & SUSHI,NINJA JAPAN TERIYAKI AND SUSHI,NINJA JAPAN TERIYAKI AND SUSHI,,NINJA JAPAN TERIYAKI AND SUSHI,False,True,2
NITEHAWK CINEMA/ LO-RES BAR,NITEHAWK CINEMA LO RES BAR,NITEHAWK CINEMA LO RES BAR,,NITEHAWK CINEMA LO RES BAR,False,True,1
NO HO JUICE BAR & DELI,NO HO JUICE BAR AND DELI,NO HO JUICE BAR AND DELI,,NO HO JUICE BAR AND DELI,False,True,1
NO. 1 SUPER SNACK INC. (Entrance on 41RD/Q58 bus stop),NO 1 SUPER SNACK INC ENTRANCE ON 41RD Q58 BUS STOP,NO 1 SUPER SNACK INC ENTRANCE ON 41RD Q58 BUS STOP,,NO 1 SUPER SNACK INC ENTRANCE ON 41RD Q58 BUS STOP,False,True,1
NO. 8 KITCHEN & BAR,NO 8 KITCHEN AND BAR,NO 8 KITCHEN AND BAR,,NO 8 KITCHEN AND BAR,False,True,1
NO. 9 FRIED BUN/DELI,NO 9 FRIED BUN DELI,NO 9 FRIED BUN DELI,,NO 9 FRIED BUN DELI,False,True,1
NOMAD  DINER / ART NOMAD,NOMAD DINER ART NOMAD,NOMAD DINER ART NOMAD,,NOMAD DINER ART NOMAD,False,True,1
NOMAD CAFE & EATERY,NOMAD CAFE AND EATERY,NOMAD CAFE AND EATERY,,NOMAD CAFE AND EATERY,False,True,1
NOMADS BREWS & BAR,NOMADS BREWS AND BAR,NOMADS BREWS AND BAR,,NOMADS BREWS AND BAR,False,True,1
NOMURA CAFERERIA / EXECUTIVE DINING,NOMURA CAFERERIA EXECUTIVE DINING,NOMURA CAFERERIA EXECUTIVE DINING,,NOMURA CAFERERIA EXECUTIVE DINING,False,True,1
NOODS AND CHILL,NOODS AND CHILL,NOODS AND CHILL,,NOODS AND CHILL,False,True,1
NOOR COFFEE & CO INC,NOOR COFFEE AND CO,NOOR COFFEE AND CO,,NOOR COFFEE AND CO,False,True,1
NORBROOK CAKES & CATERING,NORBROOK CAKES AND CATERING,NORBROOK CAKES AND CATERING,,NORBROOK CAKES AND CATERING,False,True,1
"NORDSTROM COFFEE BAR, CLUBHOUSE",NORDSTROM COFFEE BAR CLUBHOUSE,NORDSTROM COFFEE BAR CLUBHOUSE,,NORDSTROM COFFEE BAR CLUBHOUSE,False,True,1
NORTH COAST SHARK AND BAKE,NORTH COAST SHARK AND BAKE,NORTH COAST SHARK AND BAKE,,NORTH COAST SHARK AND BAKE,False,True,1
NORTH SHORE PIZZERIA & RESTAURANT,NORTH SHORE PIZZERIA AND RESTAURANT,NORTH SHORE PIZZERIA AND RESTAURANT,,NORTH SHORE PIZZERIA AND RESTAURANT,False,True,1
NORTH SHORE TOWERS RESTAURANT AND CATERING,NORTH SHORE TOWERS RESTAURANT AND CATERING,NORTH SHORE TOWERS RESTAURANT AND CATERING,,NORTH SHORE TOWERS RESTAURANT AND CATERING,False,True,1
NOSTRAND STATION BAR & LOUNGE,NOSTRAND STATION BAR AND LOUNGE,NOSTRAND STATION BAR AND LOUNGE,,NOSTRAND STATION BAR AND LOUNGE,False,True,1
NOVA PIZZA & GRILL,NOVA PIZZA AND GRILL,NOVA PIZZA AND GRILL,,NOVA PIZZA AND GRILL,False,True,1
NOVA SUSHI & TERIYAKI,NOVA SUSHI AND TERIYAKI,NOVA SUSHI AND TERIYAKI,,NOVA SUSHI AND TERIYAKI,False,True,1
NU3S - CAR WASH / CAFE / AUTO CARE,NU3S CAR WASH CAFE AUTO CARE,NU3S CAR WASH CAFE AUTO CARE,,NU3S CAR WASH CAFE AUTO CARE,False,True,1
NUNU BAR & GRILL,NUNU BAR AND GRILL,NUNU BAR AND GRILL,,NUNU BAR AND GRILL,False,True,1
NY BAGEL CAFE & DELI,NY BAGEL CAFE AND DELI,NY BAGEL CAFE AND DELI,,NY BAGEL CAFE AND DELI,False,True,1
NY BAKERY & DESSERTS,NY BAKERY AND DESSERTS,NY BAKERY AND DESSERTS,,NY BAKERY AND DESSERTS,False,True,3
NY FARMS TO FLIGHT SPACE # HS02.B & HSO2.9,NY FARMS TO FLIGHT SPACE B AND HSO2 9,NY FARMS TO FLIGHT SPACE B AND HSO2 9,,NY FARMS TO FLIGHT SPACE B AND HSO2 9,False,True,1
NY PIZZA CAFE & SPANISH FOOD RESTAURANT,NY PIZZA CAFE AND SPANISH FOOD RESTAURANT,NY PIZZA CAFE AND SPANISH FOOD RESTAURANT,,NY PIZZA CAFE AND SPANISH FOOD RESTAURANT,False,True,1
NY TRINI ROTI AND BAKERY LLC,NY TRINI ROTI AND BAKERY,NY TRINI ROTI AND BAKERY,,NY TRINI ROTI AND BAKERY,False,True,1
NYAMINZ & JAMINZ CARIBBEAN KITCHEN,NYAMINZ AND JAMINZ CARIBBEAN KITCHEN,NYAMINZ AND JAMINZ CARIBBEAN KITCHEN,,NYAMINZ AND JAMINZ CARIBBEAN KITCHEN,False,True,1
NYC BAGELS & COFFEE HOUSE,NYC BAGELS AND COFFEE HOUSE,NYC BAGELS AND COFFEE HOUSE,,NYC BAGELS AND COFFEE HOUSE,False,True,1
NYC PIZZA & FRIED CHICKEN,NYC PIZZA AND FRIED CHICKEN,NYC PIZZA AND FRIED CHICKEN,,NYC PIZZA AND FRIED CHICKEN,False,True,1
NYC SLICES & PLATTERS,NYC SLICES AND PLATTERS,NYC SLICES AND PLATTERS,,NYC SLICES AND PLATTERS,False,True,1
NZURI BAR & LOUNGE,NZURI BAR AND LOUNGE,NZURI BAR AND LOUNGE,,NZURI BAR AND LOUNGE,False,True,1
O & G GROCERIES,O AND G GROCERIES,O AND G GROCERIES,,O AND G GROCERIES,False,True,1
O'NEILL'S RESTAURANT & BAR,ONEILLS RESTAURANT AND BAR,ONEILLS RESTAURANT AND BAR,,ONEILLS RESTAURANT AND BAR,False,True,1
OAK & IRON,OAK AND IRON,OAK AND IRON,,OAK AND IRON,False,True,1
OAKBERRY ACAI & SMOOTHIES,OAKBERRY ACAI AND SMOOTHIES,OAKBERRY ACAI AND SMOOTHIES,,OAKBERRY ACAI AND SMOOTHIES,False,True,1
"OAKLAND CAFETERIA, QUEENSBOROUGH COMMUNITY COLLEGE",OAKLAND CAFETERIA QUEENSBOROUGH COMMUNITY COLLEGE,OAKLAND CAFETERIA QUEENSBOROUGH COMMUNITY COLLEGE,,OAKLAND CAFETERIA QUEENSBOROUGH COMMUNITY COLLEGE,False,True,1
"OASIS DINER, RESTAURANT",OASIS DINER RESTAURANT,OASIS DINER RESTAURANT,,OASIS DINER RESTAURANT,False,True,1
OAXACA DELI AND TAQUERIA,OAXACA DELI AND TAQUERIA,OAXACA DELI AND TAQUERIA,,OAXACA DELI AND TAQUERIA,False,True,1
OBSCURE COFFEE ROASTERS / BUSHWICK COMEDY CLUB,OBSCURE COFFEE ROASTERS BUSHWICK COMEDY CLUB,OBSCURE COFFEE ROASTERS BUSHWICK COMEDY CLUB,,OBSCURE COFFEE ROASTERS BUSHWICK COMEDY CLUB,False,True,1
OCCASIONS BANQUET AND CATERING HALL,OCCASIONS BANQUET AND CATERING HALL,OCCASIONS BANQUET AND CATERING HALL,,OCCASIONS BANQUET AND CATERING HALL,False,True,1
OCHI JAMAICAN AND SEAFOOD GRILL,OCHI JAMAICAN AND SEAFOOD GRILL,OCHI JAMAICAN AND SEAFOOD GRILL,,OCHI JAMAICAN AND SEAFOOD GRILL,False,True,1
OCKY FRIED CHICKEN & PIZZA,OCKY FRIED CHICKEN AND PIZZA,OCKY FRIED CHICKEN AND PIZZA,,OCKY FRIED CHICKEN AND PIZZA,False,True,1
"OFFICE HOURS (entrance at 33rd &7th Ave, 2nd floor of Penn Station corporate building)",OFFICE HOURS ENTRANCE AT 33RD AND 7TH AVE 2ND FLOOR OF PENN STATION CORPORATE BUILDING,OFFICE HOURS ENTRANCE AT 33RD AND 7TH AVE 2ND FLOOR OF PENN STATION CORPORATE BUILDING,,OFFICE HOURS ENTRANCE AT 33RD AND 7TH AVE 2ND FLOOR OF PENN STATION CORPORATE BUILDING,False,True,1
OH K-DOG & EGG TOAST,OH K DOG AND EGG TOAST,OH K DOG AND EGG TOAST,,OH K DOG AND EGG TOAST,False,True,2
OHHI DELI AND KITCHEN,OHHI DELI AND KITCHEN,OHHI DELI AND KITCHEN,,OHHI DELI AND KITCHEN,False,True,1
OISHI SUSHI & IZAKAYA,OISHI SUSHI AND IZAKAYA,OISHI SUSHI AND IZAKAYA,,OISHI SUSHI AND IZAKAYA,False,True,1
OKI POKE & RAMEN,OKI POKE AND RAMEN,OKI POKE AND RAMEN,,OKI POKE AND RAMEN,False,True,1
OKONOMI / YUJI RAMEN,OKONOMI YUJI RAMEN,OKONOMI YUJI RAMEN,,OKONOMI YUJI RAMEN,False,True,1
OLDE CITY CHEESESTEAKS & BREW,OLDE CITY CHEESESTEAKS AND BREW,OLDE CITY CHEESESTEAKS AND BREW,,OLDE CITY CHEESESTEAKS AND BREW,False,True,2
OLE & STEEN,OLE AND STEEN,OLE AND STEEN,,OLE AND STEEN,False,True,5
OLIVE TREE CAFE & COMEDY CELLAR,OLIVE TREE CAFE AND COMEDY CELLAR,OLIVE TREE CAFE AND COMEDY CELLAR,,OLIVE TREE CAFE AND COMEDY CELLAR,False,True,1
OLIVES AND PITA,OLIVES AND PITA,OLIVES AND PITA,,OLIVES AND PITA,False,True,1
OLIVIA'S RESTAURANT & LOUNGE,OLIVIAS RESTAURANT AND LOUNGE,OLIVIAS RESTAURANT AND LOUNGE,,OLIVIAS RESTAURANT AND LOUNGE,False,True,1
OLYMPIA DELI & JUICE,OLYMPIA DELI AND JUICE,OLYMPIA DELI AND JUICE,,OLYMPIA DELI AND JUICE,False,True,1
OMG BURGER & PIZZA,OMG BURGER AND PIZZA,OMG BURGER AND PIZZA,,OMG BURGER AND PIZZA,False,True,1
ON THE ROX LOUNGE & BAR,ON THE ROX LOUNGE AND BAR,ON THE ROX LOUNGE AND BAR,,ON THE ROX LOUNGE AND BAR,False,True,1
ONE AND ONE,ONE AND ONE,ONE AND ONE,,ONE AND ONE,False,True,3
ONE BAR AND LOUNGE,ONE BAR AND LOUNGE,ONE BAR AND LOUNGE,,ONE BAR AND LOUNGE,False,True,1
"ONE IF BY LAND, TWO IF BY SEA",ONE IF BY LAND TWO IF BY SEA,ONE IF BY LAND TWO IF BY SEA,,ONE IF BY LAND TWO IF BY SEA,False,True,1
ONE STOP ROTI SHOP AND BAKERY,ONE STOP ROTI SHOP AND BAKERY,ONE STOP ROTI SHOP AND BAKERY,,ONE STOP ROTI SHOP AND BAKERY,False,True,1
ONLY ONE BBQ & TEA,ONLY ONE BBQ AND TEA,ONLY ONE BBQ AND TEA,,ONLY ONE BBQ AND TEA,False,True,1
OOHU SZECHUAN & CANTON CUISINES,OOHU SZECHUAN AND CANTON CUISINES,OOHU SZECHUAN AND CANTON CUISINES,,OOHU SZECHUAN AND CANTON CUISINES,False,True,1
OOI SUSHI & LOUNGE,OOI SUSHI AND LOUNGE,OOI SUSHI AND LOUNGE,,OOI SUSHI AND LOUNGE,False,True,1
OPTIMUS FOOD MANAGEMENT LLC/LINQ CAFE,OPTIMUS FOOD MANAGEMENT LLC LINQ CAFE,OPTIMUS FOOD MANAGEMENT LLC LINQ CAFE,,OPTIMUS FOOD MANAGEMENT LLC LINQ CAFE,False,True,1
ORA'S MARKET / DOUBLE TREE BY HILTON,ORAS MARKET DOUBLE TREE BY HILTON,ORAS MARKET DOUBLE TREE BY HILTON,,ORAS MARKET DOUBLE TREE BY HILTON,False,True,1
ORBITAL KITCHENS/ LITTLE MINT/ CRUMB/ DUM POKE/ NAKA/ CRAFT BURGER/ LUCKY MAO/ WING BOX/ POBLANO,ORBITAL KITCHENS LITTLE MINT CRUMB DUM POKE NAKA CRAFT BURGER LUCKY MAO WING BOX POBLANO,ORBITAL KITCHENS LITTLE MINT CRUMB DUM POKE NAKA CRAFT BURGER LUCKY MAO WING BOX POBLANO,,ORBITAL KITCHENS LITTLE MINT CRUMB DUM POKE NAKA CRAFT BURGER LUCKY MAO WING BOX POBLANO,False,True,1
ORIGIN CAFE & WINE BAR,ORIGIN CAFE AND WINE BAR,ORIGIN CAFE AND WINE BAR,,ORIGIN CAFE AND WINE BAR,False,True,1
ORIGINAL BELLA NAPOLI PIZZA & RESTAURANT,ORIGINAL BELLA NAPOLI PIZZA AND RESTAURANT,ORIGINAL BELLA NAPOLI PIZZA AND RESTAURANT,,ORIGINAL BELLA NAPOLI PIZZA AND RESTAURANT,False,True,1
ORION DINER & GRILL,ORION DINER AND GRILL,ORION DINER AND GRILL,,ORION DINER AND GRILL,False,True,1
ORPHEUS AND APOLLO LOUNGE,ORPHEUS AND APOLLO LOUNGE,ORPHEUS AND APOLLO LOUNGE,,ORPHEUS AND APOLLO LOUNGE,False,True,1
OSAKA FUSION / AOKO MATCHA,OSAKA FUSION AOKO MATCHA,OSAKA FUSION AOKO MATCHA,,OSAKA FUSION AOKO MATCHA,False,True,1
OSAKA FUSION SUSHI & BBQ,OSAKA FUSION SUSHI AND BBQ,OSAKA FUSION SUSHI AND BBQ,,OSAKA FUSION SUSHI AND BBQ,False,True,2
OTTAVA / SAINT EVE'S,OTTAVA SAINT EVES,OTTAVA SAINT EVES,,OTTAVA SAINT EVES,False,True,1
OUTSIDE LOOKING IN RESTAURANT & LOUNGE,OUTSIDE LOOKING IN RESTAURANT AND LOUNGE,OUTSIDE LOOKING IN RESTAURANT AND LOUNGE,,OUTSIDE LOOKING IN RESTAURANT AND LOUNGE,False,True,1
OVEN GRILL & CHILL,OVEN GRILL AND CHILL,OVEN GRILL AND CHILL,,OVEN GRILL AND CHILL,False,True,1
Ocean Blue Market Fish & Restaurant,OCEAN BLUE MARKET FISH AND RESTAURANT,OCEAN BLUE MARKET FISH AND RESTAURANT,,OCEAN BLUE MARKET FISH AND RESTAURANT,False,True,1
Olde City Cheesesteaks & Brew,OLDE CITY CHEESESTEAKS AND BREW,OLDE CITY CHEESESTEAKS AND BREW,,OLDE CITY CHEESESTEAKS AND BREW,False,True,1
P & M CLASSIC PIZZA & RESTAURANT,P AND M CLASSIC PIZZA AND RESTAURANT,P AND M CLASSIC PIZZA AND RESTAURANT,,P AND M CLASSIC PIZZA AND RESTAURANT,False,True,1
P & S DELI GROCERY,P AND S DELI GROCERY,P AND S DELI GROCERY,,P AND S DELI GROCERY,False,True,1
P & Y COFFEE SHOP,P AND Y COFFEE SHOP,P AND Y COFFEE SHOP,,P AND Y COFFEE SHOP,False,True,1
P&S BAKERY RESTAURANT,P AND S BAKERY RESTAURANT,P AND S BAKERY RESTAURANT,,P AND S BAKERY RESTAURANT,False,True,1
P&T KNITWEAR CAFE,P AND T KNITWEAR CAFE,P AND T KNITWEAR CAFE,,P AND T KNITWEAR CAFE,False,True,1
PA' CALETA BAR AND GRILL,PA CALETA BAR AND GRILL,PA CALETA BAR AND GRILL,,PA CALETA BAR AND GRILL,False,True,1
PA-NASH EUROSOUL RESTAURANT & LOUNGE,PA NASH EUROSOUL RESTAURANT AND LOUNGE,PA NASH EUROSOUL RESTAURANT AND LOUNGE,,PA NASH EUROSOUL RESTAURANT AND LOUNGE,False,True,1
PABADE BAKERY & CAFE,PABADE BAKERY AND CAFE,PABADE BAKERY AND CAFE,,PABADE BAKERY AND CAFE,False,True,1
PAISANO'S / BUTCHER BURGER / WEIGHT WATCHER,PAISANOS BUTCHER BURGER WEIGHT WATCHER,PAISANOS BUTCHER BURGER WEIGHT WATCHER,,PAISANOS BUTCHER BURGER WEIGHT WATCHER,False,True,1
PALACE FRIED CHICKEN & PIZZA,PALACE FRIED CHICKEN AND PIZZA,PALACE FRIED CHICKEN AND PIZZA,,PALACE FRIED CHICKEN AND PIZZA,False,True,1
PALENQUE AREPAS & EMPANADAS,PALENQUE AREPAS AND EMPANADAS,PALENQUE AREPAS AND EMPANADAS,,PALENQUE AREPAS AND EMPANADAS,False,True,1
PALERMO PIZZERIA AND RESTAURANT,PALERMO PIZZERIA AND RESTAURANT,PALERMO PIZZERIA AND RESTAURANT,,PALERMO PIZZERIA AND RESTAURANT,False,True,1
PALLADIUM BAR & LOUNGE,PALLADIUM BAR AND LOUNGE,PALLADIUM BAR AND LOUNGE,,PALLADIUM BAR AND LOUNGE,False,True,1
PALMA VERDE / TACOS LA BROADWAY / DRAMMA,PALMA VERDE TACOS LA BROADWAY DRAMMA,PALMA VERDE TACOS LA BROADWAY DRAMMA,,PALMA VERDE TACOS LA BROADWAY DRAMMA,False,True,1
PALOMA COFFEE & BAKERY,PALOMA COFFEE AND BAKERY,PALOMA COFFEE AND BAKERY,,PALOMA COFFEE AND BAKERY,False,True,2
PAMIR KABAB HOUSE & GRILL,PAMIR KABAB HOUSE AND GRILL,PAMIR KABAB HOUSE AND GRILL,,PAMIR KABAB HOUSE AND GRILL,False,True,1
PANADERIA LA MIXTECA POBLANA & DELI,PANADERIA LA MIXTECA POBLANA AND DELI,PANADERIA LA MIXTECA POBLANA AND DELI,,PANADERIA LA MIXTECA POBLANA AND DELI,False,True,1
"PANERA, LLC",PANERA,PANERA,,PANERA,False,True,1
PANINO RUSTICO / BAYA BAR,PANINO RUSTICO BAYA BAR,PANINO RUSTICO BAYA BAR,,PANINO RUSTICO BAYA BAR,False,True,1
PANSHI RESTAURANT & PARTY HALL,PANSHI RESTAURANT AND PARTY HALL,PANSHI RESTAURANT AND PARTY HALL,,PANSHI RESTAURANT AND PARTY HALL,False,True,1
PAO DE QUEIJO & CO.,PAO DE QUEIJO AND CO,PAO DE QUEIJO AND CO,,PAO DE QUEIJO AND CO,False,True,2
PAPI PASTA & PIZZA,PAPI PASTA AND PIZZA,PAPI PASTA AND PIZZA,,PAPI PASTA AND PIZZA,False,True,1
PARADISE ISLAND RESTAURANT AND TIKI BAR,PARADISE ISLAND RESTAURANT AND TIKI BAR,PARADISE ISLAND RESTAURANT AND TIKI BAR,,PARADISE ISLAND RESTAURANT AND TIKI BAR,False,True,1
PARADISE SWEETS AND BAKERY,PARADISE SWEETS AND BAKERY,PARADISE SWEETS AND BAKERY,,PARADISE SWEETS AND BAKERY,False,True,1
PARAISO BAR & LOUNGE,PARAISO BAR AND LOUNGE,PARAISO BAR AND LOUNGE,,PARAISO BAR AND LOUNGE,False,True,1
PARCEROS BAKERY & COFFEE SHOP,PARCEROS BAKERY AND COFFEE SHOP,PARCEROS BAKERY AND COFFEE SHOP,,PARCEROS BAKERY AND COFFEE SHOP,False,True,1
PARISI BAKERY & DELI,PARISI BAKERY AND DELI,PARISI BAKERY AND DELI,,PARISI BAKERY AND DELI,False,True,1
PARK & BEL,PARK AND BEL,PARK AND BEL,,PARK AND BEL,False,True,1
PARK & CRISP ASIAN KITCHEN,PARK AND CRISP ASIAN KITCHEN,PARK AND CRISP ASIAN KITCHEN,,PARK AND CRISP ASIAN KITCHEN,False,True,1
PARK ROSE / GOLDEN CHILD,PARK ROSE GOLDEN CHILD,PARK ROSE GOLDEN CHILD,,PARK ROSE GOLDEN CHILD,False,True,1
PARK ROSE / SEED LIBRARY,PARK ROSE SEED LIBRARY,PARK ROSE SEED LIBRARY,,PARK ROSE SEED LIBRARY,False,True,1
PARKCHESTER FISH & CHIPS,PARKCHESTER FISH AND CHIPS,PARKCHESTER FISH AND CHIPS,,PARKCHESTER FISH AND CHIPS,False,True,1
PARKER & QUINN,PARKER AND QUINN,PARKER AND QUINN,,PARKER AND QUINN,False,True,1
PARM FAMOUS ITALIAN / AMEX STORE,PARM FAMOUS ITALIAN AMEX STORE,PARM FAMOUS ITALIAN AMEX STORE,,PARM FAMOUS ITALIAN AMEX STORE,False,True,1
PARTY HOUSE BAR & LOUNGE,PARTY HOUSE BAR AND LOUNGE,PARTY HOUSE BAR AND LOUNGE,,PARTY HOUSE BAR AND LOUNGE,False,True,1
PARTY PARADISE & SWEET TREATS LLC,PARTY PARADISE AND SWEET TREATS,PARTY PARADISE AND SWEET TREATS,,PARTY PARADISE AND SWEET TREATS,False,True,1
PARVA BAKE SHOP & CAFE,PARVA BAKE SHOP AND CAFE,PARVA BAKE SHOP AND CAFE,,PARVA BAKE SHOP AND CAFE,False,True,1
PASHA NEWA FUSION & GRILL,PASHA NEWA FUSION AND GRILL,PASHA NEWA FUSION AND GRILL,,PASHA NEWA FUSION AND GRILL,False,True,1
PASTEUR GRILL & NOODLES,PASTEUR GRILL AND NOODLES,PASTEUR GRILL AND NOODLES,,PASTEUR GRILL AND NOODLES,False,True,1
PAT LAFRIEDA'S BURGERS & FRIES,PAT LAFRIEDAS BURGERS AND FRIES,PAT LAFRIEDAS BURGERS AND FRIES,,PAT LAFRIEDAS BURGERS AND FRIES,False,True,1
PATOUG RESTAURANT & CATERING,PATOUG RESTAURANT AND CATERING,PATOUG RESTAURANT AND CATERING,,PATOUG RESTAURANT AND CATERING,False,True,1
PATRIZIA'S TAVERNA / PATRIZIA'S PIZZERIA,PATRIZIAS TAVERNA PATRIZIAS PIZZERIA,PATRIZIAS TAVERNA PATRIZIAS PIZZERIA,,PATRIZIAS TAVERNA PATRIZIAS PIZZERIA,False,True,1
"PATTIEBELL, INC.",PATTIEBELL,PATTIEBELL,,PATTIEBELL,False,True,1
PATTY PLUS BAKERY & RESTAURANT,PATTY PLUS BAKERY AND RESTAURANT,PATTY PLUS BAKERY AND RESTAURANT,,PATTY PLUS BAKERY AND RESTAURANT,False,True,1
PAUL & JIMMY'S OF GRAMERCY,PAUL AND JIMMYS OF GRAMERCY,PAUL AND JIMMYS OF GRAMERCY,,PAUL AND JIMMYS OF GRAMERCY,False,True,1
PC'S BAR AND GRILL,PCS BAR AND GRILL,PCS BAR AND GRILL,,PCS BAR AND GRILL,False,True,1
PEARL'S SOCIAL & BILLY CLUB,PEARLS SOCIAL AND BILLY CLUB,PEARLS SOCIAL AND BILLY CLUB,,PEARLS SOCIAL AND BILLY CLUB,False,True,1
PEDRO'S KITCHEN & PIZZA,PEDROS KITCHEN AND PIZZA,PEDROS KITCHEN AND PIZZA,,PEDROS KITCHEN AND PIZZA,False,True,1
PELHAM BAY AND SPLIT ROCK GOLF COURSE,PELHAM BAY AND SPLIT ROCK GOLF COURSE,PELHAM BAY AND SPLIT ROCK GOLF COURSE,,PELHAM BAY AND SPLIT ROCK GOLF COURSE,False,True,1
PELICANA CHICKEN / JULIEAT'S,PELICANA CHICKEN JULIEATS,PELICANA CHICKEN JULIEATS,,PELICANA CHICKEN JULIEATS,False,True,1
PEN & FROG SOCIAL CLUB LLC,PEN AND FROG SOCIAL CLUB,PEN AND FROG SOCIAL CLUB,,PEN AND FROG SOCIAL CLUB,False,True,1
PENN CAFE & EATERY,PENN CAFE AND EATERY,PENN CAFE AND EATERY,,PENN CAFE AND EATERY,False,True,1
PENTHOUSE ON PARK / THE IVY ROOM / SIMONA SUNDECK,PENTHOUSE ON PARK THE IVY ROOM SIMONA SUNDECK,PENTHOUSE ON PARK THE IVY ROOM SIMONA SUNDECK,,PENTHOUSE ON PARK THE IVY ROOM SIMONA SUNDECK,False,True,1
PEP BAKE HOUSE & COFFEE SHOP,PEP BAKE HOUSE AND COFFEE SHOP,PEP BAKE HOUSE AND COFFEE SHOP,,PEP BAKE HOUSE AND COFFEE SHOP,False,True,2
PEP BAKEHOUSE & COFFEE SHOP,PEP BAKEHOUSE AND COFFEE SHOP,PEP BAKEHOUSE AND COFFEE SHOP,,PEP BAKEHOUSE AND COFFEE SHOP,False,True,2
PEPPER'S CARIBBEAN RESTAURANT AND BAR,PEPPERS CARIBBEAN RESTAURANT AND BAR,PEPPERS CARIBBEAN RESTAURANT AND BAR,,PEPPERS CARIBBEAN RESTAURANT AND BAR,False,True,1
PERFECTO PIZZA & COFFEE SHOP,PERFECTO PIZZA AND COFFEE SHOP,PERFECTO PIZZA AND COFFEE SHOP,,PERFECTO PIZZA AND COFFEE SHOP,False,True,1
PERKINS RESTAURANT & BAKERY,PERKINS RESTAURANT AND BAKERY,PERKINS RESTAURANT AND BAKERY,,PERKINS RESTAURANT AND BAKERY,False,True,1
PETE'S DINER & GRILL,PETES DINER AND GRILL,PETES DINER AND GRILL,,PETES DINER AND GRILL,False,True,1
PETE'S PIZZERIA & RESTAURANT,PETES PIZZERIA AND RESTAURANT,PETES PIZZERIA AND RESTAURANT,,PETES PIZZERIA AND RESTAURANT,False,True,1
PETE'S RESTAURANT & DONUT SHOP,PETES RESTAURANT AND DONUT SHOP,PETES RESTAURANT AND DONUT SHOP,,PETES RESTAURANT AND DONUT SHOP,False,True,1
PETER PAN DONUT & PASTRY SHOP,PETER PAN DONUT AND PASTRY SHOP,PETER PAN DONUT AND PASTRY SHOP,,PETER PAN DONUT AND PASTRY SHOP,False,True,1
PETER'S GRILL & BAR,PETERS GRILL AND BAR,PETERS GRILL AND BAR,,PETERS GRILL AND BAR,False,True,1
PETITE BOUCHERIE / OMAKASE ROOM BY MITSU,PETITE BOUCHERIE OMAKASE ROOM BY MITSU,PETITE BOUCHERIE OMAKASE ROOM BY MITSU,,PETITE BOUCHERIE OMAKASE ROOM BY MITSU,False,True,1
PHIL & SONS ON MAIN,PHIL AND SONS ON MAIN,PHIL AND SONS ON MAIN,,PHIL AND SONS ON MAIN,False,True,1
"PHOEBE'S COFFEE AND TEA, LLC",PHOEBES COFFEE AND TEA,PHOEBES COFFEE AND TEA,,PHOEBES COFFEE AND TEA,False,True,1
PICA POLLO/LA FINCA BAR & GRILL,PICA POLLO LA FINCA BAR AND GRILL,PICA POLLO LA FINCA BAR AND GRILL,,PICA POLLO LA FINCA BAR AND GRILL,False,True,1
PICANTE MEXICAN BAR AND GRILL RESTAURANT,PICANTE MEXICAN BAR AND GRILL RESTAURANT,PICANTE MEXICAN BAR AND GRILL RESTAURANT,,PICANTE MEXICAN BAR AND GRILL RESTAURANT,False,True,1
PICAZO'S PIZZA & RESTAURANT PLACE,PICAZOS PIZZA AND RESTAURANT PLACE,PICAZOS PIZZA AND RESTAURANT PLACE,,PICAZOS PIZZA AND RESTAURANT PLACE,False,True,1
PICH RESTAURANT AND LOUNGE,PICH RESTAURANT AND LOUNGE,PICH RESTAURANT AND LOUNGE,,PICH RESTAURANT AND LOUNGE,False,True,1
"PICK AND CHEESE, LAYAWAY BAR AND BODEGA",PICK AND CHEESE LAYAWAY BAR AND BODEGA,PICK AND CHEESE LAYAWAY BAR AND BODEGA,,PICK AND CHEESE LAYAWAY BAR AND BODEGA,False,True,1
PICKLE ME PETE/KNOT HOUSE,PICKLE ME PETE KNOT HOUSE,PICKLE ME PETE KNOT HOUSE,,PICKLE ME PETE KNOT HOUSE,False,True,1
PICKLER & CO,PICKLER AND CO,PICKLER AND CO,,PICKLER AND CO,False,True,1
PICO DE GALLO BAR & KITCHEN,PICO DE GALLO BAR AND KITCHEN,PICO DE GALLO BAR AND KITCHEN,,PICO DE GALLO BAR AND KITCHEN,False,True,1
"PIECE-A-CAKE , COOKIE JAR",PIECE A CAKE COOKIE JAR,PIECE A CAKE COOKIE JAR,,PIECE A CAKE COOKIE JAR,False,True,1
PIER 53 COFFEE & SANDWICH SHOP,PIER 53 COFFEE AND SANDWICH SHOP,PIER 53 COFFEE AND SANDWICH SHOP,,PIER 53 COFFEE AND SANDWICH SHOP,False,True,1
PIG & BUTTER,PIG AND BUTTER,PIG AND BUTTER,,PIG AND BUTTER,False,True,1
PIG & KHAO,PIG AND KHAO,PIG AND KHAO,,PIG AND KHAO,False,True,1
PIKI POKE & RAMEN,PIKI POKE AND RAMEN,PIKI POKE AND RAMEN,,PIKI POKE AND RAMEN,False,True,1
PINE & GINGER,PINE AND GINGER,PINE AND GINGER,,PINE AND GINGER,False,True,1
PINK BITES PASTRY AND COFFEE SHOP,PINK BITES PASTRY AND COFFEE SHOP,PINK BITES PASTRY AND COFFEE SHOP,,PINK BITES PASTRY AND COFFEE SHOP,False,True,1
PINO'S PIZZA AND GRILL,PINOS PIZZA AND GRILL,PINOS PIZZA AND GRILL,,PINOS PIZZA AND GRILL,False,True,1
PIONEERS BAR & LOUNGE,PIONEERS BAR AND LOUNGE,PIONEERS BAR AND LOUNGE,,PIONEERS BAR AND LOUNGE,False,True,1
PITA AND FUCHKA GOUR,PITA AND FUCHKA GOUR,PITA AND FUCHKA GOUR,,PITA AND FUCHKA GOUR,False,True,1
PITA PRESS / CEDAR LOCAL,PITA PRESS CEDAR LOCAL,PITA PRESS CEDAR LOCAL,,PITA PRESS CEDAR LOCAL,False,True,1
PITKINS FISH & CHICKEN,PITKINS FISH AND CHICKEN,PITKINS FISH AND CHICKEN,,PITKINS FISH AND CHICKEN,False,True,1
PIZZA & BAGEL ON 3RD,PIZZA AND BAGEL ON 3RD,PIZZA AND BAGEL ON 3RD,,PIZZA AND BAGEL ON 3RD,False,True,1
PIZZA & PASTA CITY,PIZZA AND PASTA CITY,PIZZA AND PASTA CITY,,PIZZA AND PASTA CITY,False,True,1
PIZZA AND BURGER CORP,PIZZA AND BURGER,PIZZA AND BURGER,,PIZZA AND BURGER,False,True,1
PIZZA HUT/WING STREET,PIZZA HUT WING STREET,PIZZA HUT WING STREET,PIZZA HUT,PIZZA HUT WING STREET,False,True,1
PIZZA PUB/DUNKIN EXPRESS -GATE 7,PIZZA PUB DUNKIN EXPRESS GATE 7,PIZZA PUB DUNKIN EXPRESS GATE 7,DUNKIN,PIZZA PUB DUNKIN EXPRESS GATE 7,False,True,1
PIZZA/RIO BRONCO/AIR STREEMS/SOUP,PIZZA RIO BRONCO AIR STREEMS SOUP,PIZZA RIO BRONCO AIR STREEMS SOUP,,PIZZA RIO BRONCO AIR STREEMS SOUP,False,True,1
PIZZERIA GLAMZ & MORE CORP,PIZZERIA GLAMZ AND MORE,PIZZERIA GLAMZ AND MORE,,PIZZERIA GLAMZ AND MORE,False,True,1
PJ CLARKE'S OYSTER BAR & GRILLE LLC,PJ CLARKES OYSTER BAR AND GRILLE,PJ CLARKES OYSTER BAR AND GRILLE,,PJ CLARKES OYSTER BAR AND GRILLE,False,True,1
PJ RESTAURANT & BAKERY,PJ RESTAURANT AND BAKERY,PJ RESTAURANT AND BAKERY,,PJ RESTAURANT AND BAKERY,False,True,1
PK&BL,PK AND BL,PK AND BL,,PK AND BL,False,True,1
PLANET HOLLYWOOD / CHICKEN GUY!,PLANET HOLLYWOOD CHICKEN GUY,PLANET HOLLYWOOD CHICKEN GUY,,PLANET HOLLYWOOD CHICKEN GUY,False,True,1
PLATANAR BAR AND RESTAURANT,PLATANAR BAR AND RESTAURANT,PLATANAR BAR AND RESTAURANT,,PLATANAR BAR AND RESTAURANT,False,True,1
PLATFORM/GOOD TO GO,PLATFORM GOOD TO GO,PLATFORM GOOD TO GO,,PLATFORM GOOD TO GO,False,True,1
PLAYA BETTY'S / WEST SIDE COMEDY CLUB,PLAYA BETTYS WEST SIDE COMEDY CLUB,PLAYA BETTYS WEST SIDE COMEDY CLUB,,PLAYA BETTYS WEST SIDE COMEDY CLUB,False,True,1
PLAYA BOWLS FIT/ ROSA'S PIZZA,PLAYA BOWLS FIT ROSAS PIZZA,PLAYA BOWLS FIT ROSAS PIZZA,PLAYA BOWLS,PLAYA BOWLS FIT ROSAS PIZZA,False,True,1
PLG COFFEE HOUSE & TAVERN,PLG COFFEE HOUSE AND TAVERN,PLG COFFEE HOUSE AND TAVERN,,PLG COFFEE HOUSE AND TAVERN,False,True,1
PLUG & UGLIES,PLUG AND UGLIES,PLUG AND UGLIES,,PLUG AND UGLIES,False,True,1
PLUM RESTAURANT & LOUNGE,PLUM RESTAURANT AND LOUNGE,PLUM RESTAURANT AND LOUNGE,,PLUM RESTAURANT AND LOUNGE,False,True,1
POKE & ROLL,POKE AND ROLL,POKE AND ROLL,,POKE AND ROLL,False,True,1
POKEWORKS (Entrance is on 41st street between Lexington & Park),POKEWORKS ENTRANCE IS ON 41ST STREET BETWEEN LEXINGTON AND PARK,POKEWORKS ENTRANCE IS ON 41ST STREET BETWEEN LEXINGTON AND PARK,,POKEWORKS ENTRANCE IS ON 41ST STREET BETWEEN LEXINGTON AND PARK,False,True,1
POKEWORKS / SPOT DESSERT BAR,POKEWORKS SPOT DESSERT BAR,POKEWORKS SPOT DESSERT BAR,,POKEWORKS SPOT DESSERT BAR,False,True,1
POM & HONEY,POM AND HONEY,POM AND HONEY,,POM AND HONEY,False,True,1
POMP & CIRCUMSTANCE,POMP AND CIRCUMSTANCE,POMP AND CIRCUMSTANCE,,POMP AND CIRCUMSTANCE,False,True,1
PONTENTIAL VEGETAL (PV HERBS & VITAMINS),PONTENTIAL VEGETAL PV HERBS AND VITAMINS,PONTENTIAL VEGETAL PV HERBS AND VITAMINS,,PONTENTIAL VEGETAL PV HERBS AND VITAMINS,False,True,1
PONTICELLO BAYBRIDGE PIZZERIA & RESTAURANT,PONTICELLO BAYBRIDGE PIZZERIA AND RESTAURANT,PONTICELLO BAYBRIDGE PIZZERIA AND RESTAURANT,,PONTICELLO BAYBRIDGE PIZZERIA AND RESTAURANT,False,True,1
POP POT NOODLE & TEA SPOT,POP POT NOODLE AND TEA SPOT,POP POT NOODLE AND TEA SPOT,,POP POT NOODLE AND TEA SPOT,False,True,1
POPEYE'S CHICKEN & BISCUITS,POPEYES CHICKEN AND BISCUITS,POPEYES,POPEYES,POPEYES,False,True,1
POPULAR / LOUIS / TWO FIFTEEN / LOBBY BAR,POPULAR LOUIS TWO FIFTEEN LOBBY BAR,POPULAR LOUIS TWO FIFTEEN LOBBY BAR,,POPULAR LOUIS TWO FIFTEEN LOBBY BAR,False,True,1
PORKIE'S TOFU & GRILL,PORKIES TOFU AND GRILL,PORKIES TOFU AND GRILL,,PORKIES TOFU AND GRILL,False,True,1
POT NOODLE & TEA HOUSE,POT NOODLE AND TEA HOUSE,POT NOODLE AND TEA HOUSE,,POT NOODLE AND TEA HOUSE,False,True,1
POULETTE / CROQUANT,POULETTE CROQUANT,POULETTE CROQUANT,,POULETTE CROQUANT,False,True,1
PP BOY JAPAN TERIYAKI AND SUSHI,PP BOY JAPAN TERIYAKI AND SUSHI,PP BOY JAPAN TERIYAKI AND SUSHI,,PP BOY JAPAN TERIYAKI AND SUSHI,False,True,1
PREM THAI RESTAURANT & NOODLE BAR,PREM THAI RESTAURANT AND NOODLE BAR,PREM THAI RESTAURANT AND NOODLE BAR,,PREM THAI RESTAURANT AND NOODLE BAR,False,True,1
PREMIUM SWEETS & RESTAURANT,PREMIUM SWEETS AND RESTAURANT,PREMIUM SWEETS AND RESTAURANT,,PREMIUM SWEETS AND RESTAURANT,False,True,2
"PRESSED JUICERY, INC",PRESSED JUICERY,PRESSED,PRESSED,PRESSED,False,True,1
PRET A MANGER (located at 32th & 7th adjacent to Zaro's Bakery),PRET A MANGER LOCATED AT 32TH AND 7TH ADJACENT TO ZAROS BAKERY,PRET A MANGER LOCATED AT 32TH AND 7TH ADJACENT TO ZAROS BAKERY,PRET A MANGER,PRET A MANGER LOCATED AT 32TH AND 7TH ADJACENT TO ZAROS BAKERY,False,True,1
PREVITI PASTA & PIZZA,PREVITI PASTA AND PIZZA,PREVITI PASTA AND PIZZA,,PREVITI PASTA AND PIZZA,False,True,1
PRIDE BAR AND LOUNGE,PRIDE BAR AND LOUNGE,PRIDE BAR AND LOUNGE,,PRIDE BAR AND LOUNGE,False,True,1
PRIMA PASTA & CAFE,PRIMA PASTA AND CAFE,PRIMA PASTA AND CAFE,,PRIMA PASTA AND CAFE,False,True,1
PRIME GRIND COFFEE & ESPRESSO,PRIME GRIND COFFEE AND ESPRESSO,PRIME GRIND COFFEE AND ESPRESSO,,PRIME GRIND COFFEE AND ESPRESSO,False,True,1
PRIME MET STEAKHOUSE & ROOFTOP LOUNGE,PRIME MET STEAKHOUSE AND ROOFTOP LOUNGE,PRIME MET STEAKHOUSE AND ROOFTOP LOUNGE,,PRIME MET STEAKHOUSE AND ROOFTOP LOUNGE,False,True,1
"PRIME TAVERN, DELTA TERMINAL",PRIME TAVERN DELTA TERMINAL,PRIME TAVERN DELTA TERMINAL,,PRIME TAVERN DELTA TERMINAL,False,True,1
PRIMP & POLISH,PRIMP AND POLISH,PRIMP AND POLISH,,PRIMP AND POLISH,False,True,1
PRINCE DELI & JUICE BAR,PRINCE DELI AND JUICE BAR,PRINCE DELI AND JUICE BAR,,PRINCE DELI AND JUICE BAR,False,True,1
PRINCE GRILL & JUICE BAR,PRINCE GRILL AND JUICE BAR,PRINCE GRILL AND JUICE BAR,,PRINCE GRILL AND JUICE BAR,False,True,1
PRINCESA BAKERY & RESTAURANT,PRINCESA BAKERY AND RESTAURANT,PRINCESA BAKERY AND RESTAURANT,,PRINCESA BAKERY AND RESTAURANT,False,True,1
PRIVILEGE RESTAURANT & LOUNGE,PRIVILEGE RESTAURANT AND LOUNGE,PRIVILEGE RESTAURANT AND LOUNGE,,PRIVILEGE RESTAURANT AND LOUNGE,False,True,1
PRIVITY RESTAURANT & LOUNGE,PRIVITY RESTAURANT AND LOUNGE,PRIVITY RESTAURANT AND LOUNGE,,PRIVITY RESTAURANT AND LOUNGE,False,True,1
PROLETARIAT / THIRD KINGDOM,PROLETARIAT THIRD KINGDOM,PROLETARIAT THIRD KINGDOM,,PROLETARIAT THIRD KINGDOM,False,True,1
PROSPECT BAR & GRILL,PROSPECT BAR AND GRILL,PROSPECT BAR AND GRILL,,PROSPECT BAR AND GRILL,False,True,1
PROTIEN BAR & KITCHEN,PROTIEN BAR AND KITCHEN,PROTIEN BAR AND KITCHEN,,PROTIEN BAR AND KITCHEN,False,True,1
PUBLIC ARTS / ARTSPACE,PUBLIC ARTS ARTSPACE,PUBLIC ARTS ARTSPACE,,PUBLIC ARTS ARTSPACE,False,True,1
PUERTO PLATA SEAFOOD RESTAURANT & BILLIARD,PUERTO PLATA SEAFOOD RESTAURANT AND BILLIARD,PUERTO PLATA SEAFOOD RESTAURANT AND BILLIARD,,PUERTO PLATA SEAFOOD RESTAURANT AND BILLIARD,False,True,1
PUERTO RICO RESTAURANT & PIZZA,PUERTO RICO RESTAURANT AND PIZZA,PUERTO RICO RESTAURANT AND PIZZA,,PUERTO RICO RESTAURANT AND PIZZA,False,True,1
PUNJABI DHABA CATERING & SWEETS,PUNJABI DHABA CATERING AND SWEETS,PUNJABI DHABA CATERING AND SWEETS,,PUNJABI DHABA CATERING AND SWEETS,False,True,1
PUNJABI KABAB AND GYRO,PUNJABI KABAB AND GYRO,PUNJABI KABAB AND GYRO,,PUNJABI KABAB AND GYRO,False,True,1
PURE BOWL & GO CORP.,PURE BOWL AND GO,PURE BOWL AND GO,,PURE BOWL AND GO,False,True,2
PURO UTZ DELI & RESTAURANT,PURO UTZ DELI AND RESTAURANT,PURO UTZ DELI AND RESTAURANT,,PURO UTZ DELI AND RESTAURANT,False,True,1
PUTTERY / BOMBA / RORY'S ROOFTOP / EASY TIGER / HIGH LINE COMEDY CLUB,PUTTERY BOMBA RORYS ROOFTOP EASY TIGER HIGH LINE COMEDY CLUB,PUTTERY BOMBA RORYS ROOFTOP EASY TIGER HIGH LINE COMEDY CLUB,,PUTTERY BOMBA RORYS ROOFTOP EASY TIGER HIGH LINE COMEDY CLUB,False,True,1
PYRAMIDS HOOKAH AND BAR,PYRAMIDS HOOKAH AND BAR,PYRAMIDS HOOKAH AND BAR,,PYRAMIDS HOOKAH AND BAR,False,True,1
"Papacarl Restaurant & Bakery, Inc",PAPACARL RESTAURANT AND BAKERY,PAPACARL RESTAURANT AND BAKERY,,PAPACARL RESTAURANT AND BAKERY,False,True,1
Park Ave Juice CO ( Inside 277 Park Ave Amenities & Wellness Center),PARK AVE JUICE CO INSIDE 277 PARK AVE AMENITIES AND WELLNESS CENTER,PARK AVE JUICE CO INSIDE 277 PARK AVE AMENITIES AND WELLNESS CENTER,,PARK AVE JUICE CO INSIDE 277 PARK AVE AMENITIES AND WELLNESS CENTER,False,True,1
Q & N BUFFET & DELI,Q AND N BUFFET AND DELI,Q AND N BUFFET AND DELI,,Q AND N BUFFET AND DELI,False,True,1
Q & Q HOUSE,Q AND Q HOUSE,Q AND Q HOUSE,,Q AND Q HOUSE,False,True,1
Q&I Bakery,Q AND I BAKERY,Q AND I BAKERY,,Q AND I BAKERY,False,True,1
Q102 POOL HALL AND LOUNGE,Q102 POOL HALL AND LOUNGE,Q102 POOL HALL AND LOUNGE,,Q102 POOL HALL AND LOUNGE,False,True,1
QIU SUSHI & TEA BAR,QIU SUSHI AND TEA BAR,QIU SUSHI AND TEA BAR,,QIU SUSHI AND TEA BAR,False,True,1
QUAD CINEMA / QUAD BAR,QUAD CINEMA QUAD BAR,QUAD CINEMA QUAD BAR,,QUAD CINEMA QUAD BAR,False,True,1
QUALITY CHOICE RESTAURANT AND JUICE BAR,QUALITY CHOICE RESTAURANT AND JUICE BAR,QUALITY CHOICE RESTAURANT AND JUICE BAR,,QUALITY CHOICE RESTAURANT AND JUICE BAR,False,True,1
QUALITY GRILL & GYRO,QUALITY GRILL AND GYRO,QUALITY GRILL AND GYRO,,QUALITY GRILL AND GYRO,False,True,1
QUAN SUSHI & GRILL,QUAN SUSHI AND GRILL,QUAN SUSHI AND GRILL,,QUAN SUSHI AND GRILL,False,True,1
QUEEN MAEVE BAR & RESTAURANT NYC,QUEEN MAEVE BAR AND RESTAURANT NYC,QUEEN MAEVE BAR AND RESTAURANT NYC,,QUEEN MAEVE BAR AND RESTAURANT NYC,False,True,1
QUEENS BAGEL & DELICATESSEN,QUEENS BAGEL AND DELICATESSEN,QUEENS BAGEL AND DELICATESSEN,,QUEENS BAGEL AND DELICATESSEN,False,True,1
QUEENS BUFFET & CAJUN SEAFOOD,QUEENS BUFFET AND CAJUN SEAFOOD,QUEENS BUFFET AND CAJUN SEAFOOD,,QUEENS BUFFET AND CAJUN SEAFOOD,False,True,1
QUIET BAR & BISTRO,QUIET BAR AND BISTRO,QUIET BAR AND BISTRO,,QUIET BAR AND BISTRO,False,True,1
R & R WEST INDIAN CUIZINE,R AND R WEST INDIAN CUIZINE,R AND R WEST INDIAN CUIZINE,,R AND R WEST INDIAN CUIZINE,False,True,1
R&R PIZZA CONNECTION,R AND R PIZZA CONNECTION,R AND R PIZZA CONNECTION,,R AND R PIZZA CONNECTION,False,True,1
"RA @ CITADEL FLS 17, 19, 21",RA CITADEL FLS 17 19 21,RA CITADEL FLS 17 19 21,,RA CITADEL FLS 17 19 21,False,True,1
"RA @ CITADEL FLS 23, 25, 28, 29",RA CITADEL FLS 23 25 28 29,RA CITADEL FLS 23 25 28 29,,RA CITADEL FLS 23 25 28 29,False,True,1
RACQUET & TENNIS CLUB,RACQUET AND TENNIS CLUB,RACQUET AND TENNIS CLUB,,RACQUET AND TENNIS CLUB,False,True,1
RADEGAST HALL & BIERGARTEN,RADEGAST HALL AND BIERGARTEN,RADEGAST HALL AND BIERGARTEN,,RADEGAST HALL AND BIERGARTEN,False,True,1
RADESH ROTI SHOP & BAKERY,RADESH ROTI SHOP AND BAKERY,RADESH ROTI SHOP AND BAKERY,,RADESH ROTI SHOP AND BAKERY,False,True,1
RADHUNI SWEETS & RESTAURANT,RADHUNI SWEETS AND RESTAURANT,RADHUNI SWEETS AND RESTAURANT,,RADHUNI SWEETS AND RESTAURANT,False,True,2
RADIANT CAFE & WINE BAR,RADIANT CAFE AND WINE BAR,RADIANT CAFE AND WINE BAR,,RADIANT CAFE AND WINE BAR,False,True,1
RAFTERS/PRIME RIB - FC6130 (CC6132),RAFTERS PRIME RIB FC6130 CC6132,RAFTERS PRIME RIB FC6130 CC6132,,RAFTERS PRIME RIB FC6130 CC6132,False,True,1
RAINBOW BAKERY & ICE CREAM,RAINBOW BAKERY AND ICE CREAM,RAINBOW BAKERY AND ICE CREAM,,RAINBOW BAKERY AND ICE CREAM,False,True,1
RAINBOW BAKERY AND CAFE,RAINBOW BAKERY AND CAFE,RAINBOW BAKERY AND CAFE,,RAINBOW BAKERY AND CAFE,False,True,1
RAJA SWEETS & FAST FOOD,RAJA SWEETS AND FAST FOOD,RAJA SWEETS AND FAST FOOD,,RAJA SWEETS AND FAST FOOD,False,True,1
RAJDHANI RESTAURANT & SWEET,RAJDHANI RESTAURANT AND SWEET,RAJDHANI RESTAURANT AND SWEET,,RAJDHANI RESTAURANT AND SWEET,False,True,1
RAJMAHAL RESTAURANT & SWEETS,RAJMAHAL RESTAURANT AND SWEETS,RAJMAHAL RESTAURANT AND SWEETS,,RAJMAHAL RESTAURANT AND SWEETS,False,True,1
RALPH'S FAMOUS ITALIAN ICES & ICE CREAM,RALPHS FAMOUS ITALIAN ICES AND ICE CREAM,RALPHS FAMOUS ITALIAN ICES AND ICE CREAM,,RALPHS FAMOUS ITALIAN ICES AND ICE CREAM,False,True,2
RALPH'S FAMOUS ITALIAN ICES AND ICE CREAM,RALPHS FAMOUS ITALIAN ICES AND ICE CREAM,RALPHS FAMOUS ITALIAN ICES AND ICE CREAM,,RALPHS FAMOUS ITALIAN ICES AND ICE CREAM,False,True,1
RALPHS'S COFFEE SHOP & DINER,RALPHSS COFFEE SHOP AND DINER,RALPHSS COFFEE SHOP AND DINER,,RALPHSS COFFEE SHOP AND DINER,False,True,1
RAMEN & UDON,RAMEN AND UDON,RAMEN AND UDON,,RAMEN AND UDON,False,True,1
RANCHO RESTAURANT AND BAR,RANCHO RESTAURANT AND BAR,RANCHO RESTAURANT AND BAR,,RANCHO RESTAURANT AND BAR,False,True,1
RANNA GHAR DELI & SWEETS,RANNA GHAR DELI AND SWEETS,RANNA GHAR DELI AND SWEETS,,RANNA GHAR DELI AND SWEETS,False,True,1
RAO'S BAR & GRILL,RAOS BAR AND GRILL,RAOS BAR AND GRILL,,RAOS BAR AND GRILL,False,True,1
RARE STEAK & LOBSTER,RARE STEAK AND LOBSTER,RARE STEAK AND LOBSTER,,RARE STEAK AND LOBSTER,False,True,2
RASPBERRY DELI & GROCERY,RASPBERRY DELI AND GROCERY,RASPBERRY DELI AND GROCERY,,RASPBERRY DELI AND GROCERY,False,True,1
RASTA-PASTA AND SALADS,RASTA PASTA AND SALADS,RASTA PASTA AND SALADS,,RASTA PASTA AND SALADS,False,True,1
RAY'S CAFE AND RESTAURANT,RAYS CAFE AND RESTAURANT,RAYS CAFE AND RESTAURANT,,RAYS CAFE AND RESTAURANT,False,True,1
RAZOR'S BAR & LOUNGE,RAZORS BAR AND LOUNGE,RAZORS BAR AND LOUNGE,,RAZORS BAR AND LOUNGE,False,True,1
REALCARIBBEANPOT RESTAURANT & BAKERY,REALCARIBBEANPOT RESTAURANT AND BAKERY,REALCARIBBEANPOT RESTAURANT AND BAKERY,,REALCARIBBEANPOT RESTAURANT AND BAKERY,False,True,1
RED & BLACK CAFE,RED AND BLACK CAFE,RED AND BLACK CAFE,,RED AND BLACK CAFE,False,True,1
RED CRAB JUICY SEAFOOD & BAR,RED CRAB JUICY SEAFOOD AND BAR,RED CRAB JUICY SEAFOOD AND BAR,,RED CRAB JUICY SEAFOOD AND BAR,False,True,1
RED FARM / DECOY,RED FARM DECOY,RED FARM DECOY,,RED FARM DECOY,False,True,1
RED LOTUS BAKERY & CAFE,RED LOTUS BAKERY AND CAFE,RED LOTUS BAKERY AND CAFE,,RED LOTUS BAKERY AND CAFE,False,True,1
RED ROOSTER HARLEM / GINNY'S SUPPER CLUB,RED ROOSTER HARLEM GINNYS SUPPER CLUB,RED ROOSTER HARLEM GINNYS SUPPER CLUB,,RED ROOSTER HARLEM GINNYS SUPPER CLUB,False,True,1
REGINA'S CAFE & PIZZERIA,REGINAS CAFE AND PIZZERIA,REGINAS CAFE AND PIZZERIA,,REGINAS CAFE AND PIZZERIA,False,True,1
REGO PARK BEST PIZZA & FRIED CHICKEN,REGO PARK BEST PIZZA AND FRIED CHICKEN,REGO PARK BEST PIZZA AND FRIED CHICKEN,,REGO PARK BEST PIZZA AND FRIED CHICKEN,False,True,1
REHMAT RESTAURANT & SWEETS,REHMAT RESTAURANT AND SWEETS,REHMAT RESTAURANT AND SWEETS,,REHMAT RESTAURANT AND SWEETS,False,True,1
REMI FLOWER & COFFEE,REMI FLOWER AND COFFEE,REMI FLOWER AND COFFEE,,REMI FLOWER AND COFFEE,False,True,3
REMI43 FLOWER & COFFEE,REMI43 FLOWER AND COFFEE,REMI43 FLOWER AND COFFEE,,REMI43 FLOWER AND COFFEE,False,True,1
"RENAISSANCE TIMES SQUARE, MANAGED BY MERRITT HOSPITALITY LLC",RENAISSANCE TIMES SQUARE MANAGED BY MERRITT HOSPITALITY,RENAISSANCE TIMES SQUARE MANAGED BY MERRITT HOSPITALITY,,RENAISSANCE TIMES SQUARE MANAGED BY MERRITT HOSPITALITY,False,True,1
RESIDENCE INN & SPRINGHILL SUITES,RESIDENCE INN AND SPRINGHILL SUITES,RESIDENCE INN AND SPRINGHILL SUITES,,RESIDENCE INN AND SPRINGHILL SUITES,False,True,1
RESORT WORLD CASINO- GRAB & GO,RESORT WORLD CASINO GRAB AND GO,RESORT WORLD CASINO GRAB AND GO,,RESORT WORLD CASINO GRAB AND GO,False,True,1
RESTAURANT ASSOCIATES / CITADEL,RESTAURANT ASSOCIATES CITADEL,RESTAURANT ASSOCIATES CITADEL,,RESTAURANT ASSOCIATES CITADEL,False,True,1
"RESTAURANT ASSOCIATES, INC",RESTAURANT ASSOCIATES,RESTAURANT ASSOCIATES,,RESTAURANT ASSOCIATES,False,True,1
"RESTAURANT ASSOCIATES, INC. (2 Manhattan  West)",RESTAURANT ASSOCIATES INC 2 MANHATTAN WEST,RESTAURANT ASSOCIATES INC 2 MANHATTAN WEST,,RESTAURANT ASSOCIATES INC 2 MANHATTAN WEST,False,True,1
RESTAURANT ASSOCIATES/AMERICAN EXPRESS,RESTAURANT ASSOCIATES AMERICAN EXPRESS,RESTAURANT ASSOCIATES AMERICAN EXPRESS,,RESTAURANT ASSOCIATES AMERICAN EXPRESS,False,True,1
RESTAURANTE & PANADERIA EL QUETZALITO,RESTAURANTE AND PANADERIA EL QUETZALITO,RESTAURANTE AND PANADERIA EL QUETZALITO,,RESTAURANTE AND PANADERIA EL QUETZALITO,False,True,1
RESTAURANTE AL CARBON & LENA,RESTAURANTE AL CARBON AND LENA,RESTAURANTE AL CARBON AND LENA,,RESTAURANTE AL CARBON AND LENA,False,True,1
REVEL & RYE / BROADWAY LOUNGE / M CLUB,REVEL AND RYE BROADWAY LOUNGE M CLUB,REVEL AND RYE BROADWAY LOUNGE M CLUB,,REVEL AND RYE BROADWAY LOUNGE M CLUB,False,True,1
RH F&B MEATPACKING,RH F AND B MEATPACKING,RH F AND B MEATPACKING,,RH F AND B MEATPACKING,False,True,1
RIALTO RISTORANTE / BUKALETA,RIALTO RISTORANTE BUKALETA,RIALTO RISTORANTE BUKALETA,,RIALTO RISTORANTE BUKALETA,False,True,1
RICAS PUPUSAS & MAS,RICAS PUPUSAS AND MAS,RICAS PUPUSAS AND MAS,,RICAS PUPUSAS AND MAS,False,True,1
RICE & BEAN RESTAURANT,RICE AND BEAN RESTAURANT,RICE AND BEAN RESTAURANT,,RICE AND BEAN RESTAURANT,False,True,1
RICE & BEANS,RICE AND BEANS,RICE AND BEANS,,RICE AND BEANS,False,True,1
RICE & BEANS LECHONERA,RICE AND BEANS LECHONERA,RICE AND BEANS LECHONERA,,RICE AND BEANS LECHONERA,False,True,1
RICE & MISO,RICE AND MISO,RICE AND MISO,,RICE AND MISO,False,True,1
RICE AND PEAS AND TINGS,RICE AND PEAS AND TINGS,RICE AND PEAS AND TINGS,,RICE AND PEAS AND TINGS,False,True,1
RICHARD'S HALL AND LOUNGE,RICHARDS HALL AND LOUNGE,RICHARDS HALL AND LOUNGE,,RICHARDS HALL AND LOUNGE,False,True,1
RICHARDS RESTAURANT AND GRILL,RICHARDS RESTAURANT AND GRILL,RICHARDS RESTAURANT AND GRILL,,RICHARDS RESTAURANT AND GRILL,False,True,1
RICHIE'S SWEETS & TREATS,RICHIES SWEETS AND TREATS,RICHIES SWEETS AND TREATS,,RICHIES SWEETS AND TREATS,False,True,1
RICHMOND BAGEL & GOURMET DELI,RICHMOND BAGEL AND GOURMET DELI,RICHMOND BAGEL AND GOURMET DELI,,RICHMOND BAGEL AND GOURMET DELI,False,True,1
RICS JAMAICAN AND AMERICAN RESTAURANT INC.,RICS JAMAICAN AND AMERICAN RESTAURANT,RICS JAMAICAN AND AMERICAN RESTAURANT,,RICS JAMAICAN AND AMERICAN RESTAURANT,False,True,1
RINCON GUATEMALTECO BAKERY AND RESTAURANT CORP.,RINCON GUATEMALTECO BAKERY AND RESTAURANT,RINCON GUATEMALTECO BAKERY AND RESTAURANT,,RINCON GUATEMALTECO BAKERY AND RESTAURANT,False,True,1
RINCONCITO PAISA-COLOMBIAN BAKERY & RESTAURANT,RINCONCITO PAISA COLOMBIAN BAKERY AND RESTAURANT,RINCONCITO PAISA COLOMBIAN BAKERY AND RESTAURANT,,RINCONCITO PAISA COLOMBIAN BAKERY AND RESTAURANT,False,True,1
RISTRETTO CAFE AND DESSERTS,RISTRETTO CAFE AND DESSERTS,RISTRETTO CAFE AND DESSERTS,,RISTRETTO CAFE AND DESSERTS,False,True,1
RITA & MARIA,RITA AND MARIA,RITA AND MARIA,,RITA AND MARIA,False,True,1
RITA'S ITALIAN ICE & FROZEN CUSTARD,RITAS ITALIAN ICE AND FROZEN CUSTARD,RITAS ITALIAN ICE AND FROZEN CUSTARD,,RITAS ITALIAN ICE AND FROZEN CUSTARD,False,True,2
RITA'S PIZZA & PROVISIONS,RITAS PIZZA AND PROVISIONS,RITAS PIZZA AND PROVISIONS,,RITAS PIZZA AND PROVISIONS,False,True,2
"RIU PLAZA (Fashion Bar & Kitchen, Grab & Go)",RIU PLAZA FASHION BAR AND KITCHEN GRAB AND GO,RIU PLAZA FASHION BAR AND KITCHEN GRAB AND GO,,RIU PLAZA FASHION BAR AND KITCHEN GRAB AND GO,False,True,1
RIU PLAZA MANHATTAN TIMES SQUARE CAPITAL GRAB & GO,RIU PLAZA MANHATTAN TIMES SQUARE CAPITAL GRAB AND GO,RIU PLAZA MANHATTAN TIMES SQUARE CAPITAL GRAB AND GO,,RIU PLAZA MANHATTAN TIMES SQUARE CAPITAL GRAB AND GO,False,True,1
RIVER THAI & BEYOND,RIVER THAI AND BEYOND,RIVER THAI AND BEYOND,,RIVER THAI AND BEYOND,False,True,1
RIVERDALE THAI & INDIAN EATERY,RIVERDALE THAI AND INDIAN EATERY,RIVERDALE THAI AND INDIAN EATERY,,RIVERDALE THAI AND INDIAN EATERY,False,True,1
ROAST & CO.,ROAST AND CO,ROAST AND CO,,ROAST AND CO,False,True,1
ROAST&CO,ROAST AND CO,ROAST AND CO,,ROAST AND CO,False,True,1
"ROCCA, CAFE-LOUNGE",ROCCA CAFE LOUNGE,ROCCA CAFE LOUNGE,,ROCCA CAFE LOUNGE,False,True,1
ROCCO'S ITALIAN SAUSAGES & CHEESE STEAKS,ROCCOS ITALIAN SAUSAGES AND CHEESE STEAKS,ROCCOS ITALIAN SAUSAGES AND CHEESE STEAKS,,ROCCOS ITALIAN SAUSAGES AND CHEESE STEAKS,False,True,1
ROCCO'S ITALIAN SAUSAGES & PHILLY CHEESESTEAKS,ROCCOS ITALIAN SAUSAGES AND PHILLY CHEESESTEAKS,ROCCOS ITALIAN SAUSAGES AND PHILLY CHEESESTEAKS,,ROCCOS ITALIAN SAUSAGES AND PHILLY CHEESESTEAKS,False,True,1
ROCHDALE CHICKEN AND FISH,ROCHDALE CHICKEN AND FISH,ROCHDALE CHICKEN AND FISH,,ROCHDALE CHICKEN AND FISH,False,True,1
ROCHELLE'S / 205 CLUB,ROCHELLES 205 CLUB,ROCHELLES 205 CLUB,,ROCHELLES 205 CLUB,False,True,1
ROCKAWAY FISH & SOUL,ROCKAWAY FISH AND SOUL,ROCKAWAY FISH AND SOUL,,ROCKAWAY FISH AND SOUL,False,True,1
ROCKY'S & NICKY'S PIZZERIA,ROCKYS AND NICKYS PIZZERIA,ROCKYS AND NICKYS PIZZERIA,,ROCKYS AND NICKYS PIZZERIA,False,True,1
ROCKY'S PIZZERIA & RESTAURANT II,ROCKYS PIZZERIA AND RESTAURANT II,ROCKYS PIZZERIA AND RESTAURANT II,,ROCKYS PIZZERIA AND RESTAURANT II,False,True,1
ROGNER CAFE & LOUNGE,ROGNER CAFE AND LOUNGE,ROGNER CAFE AND LOUNGE,,ROGNER CAFE AND LOUNGE,False,True,1
ROLL & GO WHC INC,ROLL AND GO WHC,ROLL AND GO WHC,,ROLL AND GO WHC,False,True,1
ROLL & KATSU KITCHEN,ROLL AND KATSU KITCHEN,ROLL AND KATSU KITCHEN,,ROLL AND KATSU KITCHEN,False,True,1
ROLLS & BOWLS @ FORDHAM UNIVERSITY,ROLLS AND BOWLS FORDHAM UNIVERSITY,ROLLS AND BOWLS FORDHAM UNIVERSITY,,ROLLS AND BOWLS FORDHAM UNIVERSITY,False,True,1
ROMA PIZZERIA & RESTAURANT,ROMA PIZZERIA AND RESTAURANT,ROMA PIZZERIA AND RESTAURANT,,ROMA PIZZERIA AND RESTAURANT,False,True,1
ROMEO & JULIET COFFEE HOUSE,ROMEO AND JULIET COFFEE HOUSE,ROMEO AND JULIET COFFEE HOUSE,,ROMEO AND JULIET COFFEE HOUSE,False,True,1
ROMEO'S PIZZA AND PASTA,ROMEOS PIZZA AND PASTA,ROMEOS PIZZA AND PASTA,,ROMEOS PIZZA AND PASTA,False,True,1
ROOTS COFFEE & WINE,ROOTS COFFEE AND WINE,ROOTS COFFEE AND WINE,,ROOTS COFFEE AND WINE,False,True,1
ROPES & GRAY CAFE,ROPES AND GRAY CAFE,ROPES AND GRAY CAFE,,ROPES AND GRAY CAFE,False,True,1
ROSA'S PIZZA & PASTA,ROSAS PIZZA AND PASTA,ROSAS PIZZA AND PASTA,,ROSAS PIZZA AND PASTA,False,True,2
ROSAS BAKERY & RESTAURANT,ROSAS BAKERY AND RESTAURANT,ROSAS BAKERY AND RESTAURANT,,ROSAS BAKERY AND RESTAURANT,False,True,1
ROSE CAFE/KENNEDY FRIED CHICKEN,ROSE CAFE KENNEDY FRIED CHICKEN,ROSE CAFE KENNEDY FRIED CHICKEN,,ROSE CAFE KENNEDY FRIED CHICKEN,False,True,1
ROSE VALLEY CAKES BY KAVITA & KAMLA,ROSE VALLEY CAKES BY KAVITA AND KAMLA,ROSE VALLEY CAKES BY KAVITA AND KAMLA,,ROSE VALLEY CAKES BY KAVITA AND KAMLA,False,True,1
ROSE'S R&R,ROSES R AND R,ROSES R AND R,,ROSES R AND R,False,True,1
ROSEHILL ROOFTOP / SKEWR / BREWR / STONE & SOIL / PIJJA PLACE,ROSEHILL ROOFTOP SKEWR BREWR STONE AND SOIL PIJJA PLACE,ROSEHILL ROOFTOP SKEWR BREWR STONE AND SOIL PIJJA PLACE,,ROSEHILL ROOFTOP SKEWR BREWR STONE AND SOIL PIJJA PLACE,False,True,1
ROSSY'S BAKERY & COFFEE SHOP,ROSSYS BAKERY AND COFFEE SHOP,ROSSYS BAKERY AND COFFEE SHOP,,ROSSYS BAKERY AND COFFEE SHOP,False,True,1
ROTI ROLL / SUITE,ROTI ROLL SUITE,ROTI ROLL SUITE,,ROTI ROLL SUITE,False,True,1
"ROUND ONE ENTERTAINMENT, INC.",ROUND ONE ENTERTAINMENT,ROUND ONE ENTERTAINMENT,,ROUND ONE ENTERTAINMENT,False,True,1
ROWLAND'S BAR AND GRILL,ROWLANDS BAR AND GRILL,ROWLANDS BAR AND GRILL,,ROWLANDS BAR AND GRILL,False,True,1
ROY'S RESTAURNT & BAR,ROYS RESTAURNT AND BAR,ROYS RESTAURNT AND BAR,,ROYS RESTAURNT AND BAR,False,True,1
ROYAL BAKERY & ROTI,ROYAL BAKERY AND ROTI,ROYAL BAKERY AND ROTI,,ROYAL BAKERY AND ROTI,False,True,1
ROYAL CAFE RESTAURANT & BAR,ROYAL CAFE RESTAURANT AND BAR,ROYAL CAFE RESTAURANT AND BAR,,ROYAL CAFE RESTAURANT AND BAR,False,True,1
ROYAL DESSERTS AND SHAKES LLC,ROYAL DESSERTS AND SHAKES,ROYAL DESSERTS AND SHAKES,,ROYAL DESSERTS AND SHAKES,False,True,1
ROYAL HALL/LIFE GARDEN,ROYAL HALL LIFE GARDEN,ROYAL HALL LIFE GARDEN,,ROYAL HALL LIFE GARDEN,False,True,1
ROYAL KABAB & GRILL,ROYAL KABAB AND GRILL,ROYAL KABAB AND GRILL,,ROYAL KABAB AND GRILL,False,True,1
ROYAL RESTAURANT & LOUNGE,ROYAL RESTAURANT AND LOUNGE,ROYAL RESTAURANT AND LOUNGE,,ROYAL RESTAURANT AND LOUNGE,False,True,1
RR & M PIZZA,RR AND M PIZZA,RR AND M PIZZA,,RR AND M PIZZA,False,True,1
RUDDY AND DEAN,RUDDY AND DEAN,RUDDY AND DEAN,,RUDDY AND DEAN,False,True,1
RUDY'S BAR & GRILL,RUDYS BAR AND GRILL,RUDYS BAR AND GRILL,,RUDYS BAR AND GRILL,False,True,1
RUMBA NYC BAR & GRILL CORP,RUMBA NYC BAR AND GRILL,RUMBA NYC BAR AND GRILL,,RUMBA NYC BAR AND GRILL,False,True,1
RUNNER & STONE,RUNNER AND STONE,RUNNER AND STONE,,RUNNER AND STONE,False,True,1
RUSS & DAUGHTERS 34TH ST.,RUSS AND DAUGHTERS 34TH ST,RUSS AND DAUGHTERS 34TH ST,,RUSS AND DAUGHTERS 34TH ST,False,True,1
RUSS & DAUGHTERS CAFE,RUSS AND DAUGHTERS CAFE,RUSS AND DAUGHTERS CAFE,,RUSS AND DAUGHTERS CAFE,False,True,1
RUSTIC PIZZA AND PASTERIA,RUSTIC PIZZA AND PASTERIA,RUSTIC PIZZA AND PASTERIA,,RUSTIC PIZZA AND PASTERIA,False,True,1
RUYI LANZHOU NOODLE & BUBBLE TEA,RUYI LANZHOU NOODLE AND BUBBLE TEA,RUYI LANZHOU NOODLE AND BUBBLE TEA,,RUYI LANZHOU NOODLE AND BUBBLE TEA,False,True,1
RYAN'S IRISH BAR & GRILL,RYANS IRISH BAR AND GRILL,RYANS IRISH BAR AND GRILL,,RYANS IRISH BAR AND GRILL,False,True,1
Respite Center/The Roosevelt Hotel,RESPITE CENTER THE ROOSEVELT HOTEL,RESPITE CENTER THE ROOSEVELT HOTEL,,RESPITE CENTER THE ROOSEVELT HOTEL,False,True,1
S & D CATERERS,S AND D CATERERS,S AND D CATERERS,,S AND D CATERERS,False,True,1
S & L HIGH GRADE,S AND L HIGH GRADE,S AND L HIGH GRADE,,S AND L HIGH GRADE,False,True,1
S & M PIZZA,S AND M PIZZA,S AND M PIZZA,,S AND M PIZZA,False,True,1
S & P LUNCH,S AND P LUNCH,S AND P LUNCH,,S AND P LUNCH,False,True,1
S & S CALABRO PIZZERIA,S AND S CALABRO PIZZERIA,S AND S CALABRO PIZZERIA,,S AND S CALABRO PIZZERIA,False,True,1
S & T BAGELS & DELI,S AND T BAGELS AND DELI,S AND T BAGELS AND DELI,,S AND T BAGELS AND DELI,False,True,1
S&F SZECHUAN INC,S AND F SZECHUAN,S AND F SZECHUAN,,S AND F SZECHUAN,False,True,1
S&S AMERICAN FOOD LLC,S AND S AMERICAN FOOD,S AND S AMERICAN FOOD,,S AND S AMERICAN FOOD,False,True,1
S-MEAT & HUESO,S MEAT AND HUESO,S MEAT AND HUESO,,S MEAT AND HUESO,False,True,1
S.G.S CATERING & PRIVATE CHEF SERVICES,S G S CATERING AND PRIVATE CHEF SERVICES,S G S CATERING AND PRIVATE CHEF SERVICES,,S G S CATERING AND PRIVATE CHEF SERVICES,False,True,1
SABOR DE COLOMBIA 2 RESTAURANT AND BAKERY,SABOR DE COLOMBIA 2 RESTAURANT AND BAKERY,SABOR DE COLOMBIA 2 RESTAURANT AND BAKERY,,SABOR DE COLOMBIA 2 RESTAURANT AND BAKERY,False,True,1
SABOR DE COLOMBIA RESTAURANT & BAKERY,SABOR DE COLOMBIA RESTAURANT AND BAKERY,SABOR DE COLOMBIA RESTAURANT AND BAKERY,,SABOR DE COLOMBIA RESTAURANT AND BAKERY,False,True,1
SABOR RESTAURANT & BAKERY,SABOR RESTAURANT AND BAKERY,SABOR RESTAURANT AND BAKERY,,SABOR RESTAURANT AND BAKERY,False,True,3
SAFIR BAKERY & CAFE,SAFIR BAKERY AND CAFE,SAFIR BAKERY AND CAFE,,SAFIR BAKERY AND CAFE,False,True,1
SAIGON BAR AND GRILL,SAIGON BAR AND GRILL,SAIGON BAR AND GRILL,,SAIGON BAR AND GRILL,False,True,1
SAILOR & SIREN,SAILOR AND SIREN,SAILOR AND SIREN,,SAILOR AND SIREN,False,True,1
SAINT TUESDAY / MOSTRADOR NYC / THE FLOWER SHOP,SAINT TUESDAY MOSTRADOR NYC THE FLOWER SHOP,SAINT TUESDAY MOSTRADOR NYC THE FLOWER SHOP,,SAINT TUESDAY MOSTRADOR NYC THE FLOWER SHOP,False,True,1
SAKA SUSHI & ASIAN CUISINE,SAKA SUSHI AND ASIAN CUISINE,SAKA SUSHI AND ASIAN CUISINE,,SAKA SUSHI AND ASIAN CUISINE,False,True,1
"SAKAGURA, KIOSK",SAKAGURA KIOSK,SAKAGURA KIOSK,,SAKAGURA KIOSK,False,True,1
SAKANA SUSHI & HIBACHI STEAKHOUSE,SAKANA SUSHI AND HIBACHI STEAKHOUSE,SAKANA SUSHI AND HIBACHI STEAKHOUSE,,SAKANA SUSHI AND HIBACHI STEAKHOUSE,False,True,1
SAKE II SUSHI & HIBACHI INC.,SAKE II SUSHI AND HIBACHI,SAKE II SUSHI AND HIBACHI,,SAKE II SUSHI AND HIBACHI,False,True,1
SAKE NO HANA / SILVER LINING / THE FIX,SAKE NO HANA SILVER LINING THE FIX,SAKE NO HANA SILVER LINING THE FIX,,SAKE NO HANA SILVER LINING THE FIX,False,True,1
SAKS & COMPANY OF NEW YORK LLC,SAKS AND COMPANY OF NEW YORK,SAKS AND COMPANY OF NEW YORK,,SAKS AND COMPANY OF NEW YORK,False,True,1
SAKURA SUSHI AND THAI,SAKURA SUSHI AND THAI,SAKURA SUSHI AND THAI,,SAKURA SUSHI AND THAI,False,True,1
SAL & CARMINE PIZZA,SAL AND CARMINE PIZZA,SAL AND CARMINE PIZZA,,SAL AND CARMINE PIZZA,False,True,1
SAL & COOKIE'S ULTRA FINE DINER,SAL AND COOKIES ULTRA FINE DINER,SAL AND COOKIES ULTRA FINE DINER,,SAL AND COOKIES ULTRA FINE DINER,False,True,1
SAL & DOMS PASTRY SHOP,SAL AND DOMS PASTRY SHOP,SAL AND DOMS PASTRY SHOP,,SAL AND DOMS PASTRY SHOP,False,True,1
SAL & PAUL'S PIZZERIA,SAL AND PAULS PIZZERIA,SAL AND PAULS PIZZERIA,,SAL AND PAULS PIZZERIA,False,True,1
SALAD & BREAD,SALAD AND BREAD,SALAD AND BREAD,,SALAD AND BREAD,False,True,1
SALENTO COLOMBIAN CAFE & RESTAURANT,SALENTO COLOMBIAN CAFE AND RESTAURANT,SALENTO COLOMBIAN CAFE AND RESTAURANT,,SALENTO COLOMBIAN CAFE AND RESTAURANT,False,True,1
SALON VERT/CAFE JALU/ PREP KITCHEN IN 2ND FLOOR,SALON VERT CAFE JALU PREP KITCHEN IN 2ND FLOOR,SALON VERT CAFE JALU PREP KITCHEN IN 2ND FLOOR,,SALON VERT CAFE JALU PREP KITCHEN IN 2ND FLOOR,False,True,1
SALT & PEPPER GOURMET,SALT AND PEPPER GOURMET,SALT AND PEPPER GOURMET,,SALT AND PEPPER GOURMET,False,True,1
SALT & SIZZLE,SALT AND SIZZLE,SALT AND SIZZLE,,SALT AND SIZZLE,False,True,1
SALT & STRAW,SALT AND STRAW,SALT AND STRAW,,SALT AND STRAW,False,True,2
SALT AND PEPPER RESTAURANT & CAFE,SALT AND PEPPER RESTAURANT AND CAFE,SALT AND PEPPER RESTAURANT AND CAFE,,SALT AND PEPPER RESTAURANT AND CAFE,False,True,1
SALT LIME AND TEQUILA,SALT LIME AND TEQUILA,SALT LIME AND TEQUILA,,SALT LIME AND TEQUILA,False,True,1
"SALTED, INC",SALTED,SALTED,,SALTED,False,True,1
SALUD BAR & GRILL,SALUD BAR AND GRILL,SALUD BAR AND GRILL,,SALUD BAR AND GRILL,False,True,1
"SALUMERIA BEILLESE, BIRICCHINO REST",SALUMERIA BEILLESE BIRICCHINO REST,SALUMERIA BEILLESE BIRICCHINO REST,,SALUMERIA BEILLESE BIRICCHINO REST,False,True,1
SALVATORE AND LLOYD'S PIZZA,SALVATORE AND LLOYDS PIZZA,SALVATORE AND LLOYDS PIZZA,,SALVATORE AND LLOYDS PIZZA,False,True,1
SALVATORIA KITCHEN & BAR,SALVATORIA KITCHEN AND BAR,SALVATORIA KITCHEN AND BAR,,SALVATORIA KITCHEN AND BAR,False,True,1
SAM BURGER GRILL CHICKEN & PIZZA,SAM BURGER GRILL CHICKEN AND PIZZA,SAM BURGER GRILL CHICKEN AND PIZZA,,SAM BURGER GRILL CHICKEN AND PIZZA,False,True,1
SAMI & SUSU,SAMI AND SUSU,SAMI AND SUSU,,SAMI AND SUSU,False,True,1
"SAMMI & PRINCE CAFE AND GRILL, LLC",SAMMI AND PRINCE CAFE AND GRILL,SAMMI AND PRINCE CAFE AND GRILL,,SAMMI AND PRINCE CAFE AND GRILL,False,True,1
SAN FRANCISCO JUICES & FRUITS,SAN FRANCISCO JUICES AND FRUITS,SAN FRANCISCO JUICES AND FRUITS,,SAN FRANCISCO JUICES AND FRUITS,False,True,1
SAN JERONIMO RESTAURANT & BAKERY,SAN JERONIMO RESTAURANT AND BAKERY,SAN JERONIMO RESTAURANT AND BAKERY,,SAN JERONIMO RESTAURANT AND BAKERY,False,True,1
SANDWICH AND PICKLE,SANDWICH AND PICKLE,SANDWICH AND PICKLE,,SANDWICH AND PICKLE,False,True,1
SANTA ANA DELI & GROCERY,SANTA ANA DELI AND GROCERY,SANTA ANA DELI AND GROCERY,,SANTA ANA DELI AND GROCERY,False,True,1
SANTA CLAUS WORK SHOP / POFFERTJETS,SANTA CLAUS WORK SHOP POFFERTJETS,SANTA CLAUS WORK SHOP POFFERTJETS,,SANTA CLAUS WORK SHOP POFFERTJETS,False,True,1
SANTA CLAUS WORK SHOP /POFFERTJETS,SANTA CLAUS WORK SHOP POFFERTJETS,SANTA CLAUS WORK SHOP POFFERTJETS,,SANTA CLAUS WORK SHOP POFFERTJETS,False,True,1
SANTA FE GRILL & BAR,SANTA FE GRILL AND BAR,SANTA FE GRILL AND BAR,,SANTA FE GRILL AND BAR,False,True,1
SANTI & TITO EMPANADAS Y MAS,SANTI AND TITO EMPANADAS Y MAS,SANTI AND TITO EMPANADAS Y MAS,,SANTI AND TITO EMPANADAS Y MAS,False,True,1
SANTIAGO'S DELI & BAGELS,SANTIAGOS DELI AND BAGELS,SANTIAGOS DELI AND BAGELS,,SANTIAGOS DELI AND BAGELS,False,True,1
SANTINOS SLICES AND ITALIAN ICES INC,SANTINOS SLICES AND ITALIAN ICES,SANTINOS SLICES AND ITALIAN ICES,,SANTINOS SLICES AND ITALIAN ICES,False,True,1
SARITA'S MAC & CHEESE,SARITAS MAC AND CHEESE,SARITAS MAC AND CHEESE,,SARITAS MAC AND CHEESE,False,True,1
SARKU JAPAN TERIYAKI & SUSHI EXPRESS,SARKU JAPAN TERIYAKI AND SUSHI EXPRESS,SARKU JAPAN,SARKU JAPAN,SARKU JAPAN,False,True,1
SARTIANO'S / SUBMERCER,SARTIANOS SUBMERCER,SARTIANOS SUBMERCER,,SARTIANOS SUBMERCER,False,True,1
SATGURU SWEETS & CATERING,SATGURU SWEETS AND CATERING,SATGURU SWEETS AND CATERING,,SATGURU SWEETS AND CATERING,False,True,1
SAUCE AND SODA,SAUCE AND SODA,SAUCE AND SODA,,SAUCE AND SODA,False,True,1
SAVOR COFFEE & MORE,SAVOR COFFEE AND MORE,SAVOR COFFEE AND MORE,,SAVOR COFFEE AND MORE,False,True,1
SAVOR COFFEE AND MORE,SAVOR COFFEE AND MORE,SAVOR COFFEE AND MORE,,SAVOR COFFEE AND MORE,False,True,1
SAVVY BISTRO AND BAR,SAVVY BISTRO AND BAR,SAVVY BISTRO AND BAR,,SAVVY BISTRO AND BAR,False,True,1
SCALLYWAG'S IRISH PUB & REST,SCALLYWAGS IRISH PUB AND REST,SCALLYWAGS IRISH PUB AND REST,,SCALLYWAGS IRISH PUB AND REST,False,True,1
SCORCH BAR AND GRILL,SCORCH BAR AND GRILL,SCORCH BAR AND GRILL,,SCORCH BAR AND GRILL,False,True,1
SEA & SKY FEAST BUFFET,SEA AND SKY FEAST BUFFET,SEA AND SKY FEAST BUFFET,,SEA AND SKY FEAST BUFFET,False,True,1
SEA PEARL LOUNGE & BAR,SEA PEARL LOUNGE AND BAR,SEA PEARL LOUNGE AND BAR,,SEA PEARL LOUNGE AND BAR,False,True,1
SEAFOOD SOUL AND TINGZ,SEAFOOD SOUL AND TINGZ,SEAFOOD SOUL AND TINGZ,,SEAFOOD SOUL AND TINGZ,False,True,1
SEAHORSE / LIVING ROOM / DEVOCION / GUARDIAN ROOFTOP,SEAHORSE LIVING ROOM DEVOCION GUARDIAN ROOFTOP,SEAHORSE LIVING ROOM DEVOCION GUARDIAN ROOFTOP,,SEAHORSE LIVING ROOM DEVOCION GUARDIAN ROOFTOP,False,True,1
"SEAN'S BAR & KITCHEN, REILLEY'S PLATES & POURS",SEANS BAR AND KITCHEN REILLEYS PLATES AND POURS,SEANS BAR AND KITCHEN REILLEYS PLATES AND POURS,,SEANS BAR AND KITCHEN REILLEYS PLATES AND POURS,False,True,1
SENA CAFE & CO.,SENA CAFE AND CO,SENA CAFE AND CO,,SENA CAFE AND CO,False,True,1
SENECA COFFEE & RESTAURANT,SENECA COFFEE AND RESTAURANT,SENECA COFFEE AND RESTAURANT,,SENECA COFFEE AND RESTAURANT,False,True,1
SENZU JUICE & SMOOTHIES LLC,SENZU JUICE AND SMOOTHIES,SENZU JUICE AND SMOOTHIES,,SENZU JUICE AND SMOOTHIES,False,True,1
SERGIO'S PIZZA & DELI,SERGIOS PIZZA AND DELI,SERGIOS PIZZA AND DELI,,SERGIOS PIZZA AND DELI,False,True,1
SERIE 69 BAR & RESTAURANT,SERIE 69 BAR AND RESTAURANT,SERIE 69 BAR AND RESTAURANT,,SERIE 69 BAR AND RESTAURANT,False,True,1
SET BAR LOUNGE & BILLARDS,SET BAR LOUNGE AND BILLARDS,SET BAR LOUNGE AND BILLARDS,,SET BAR LOUNGE AND BILLARDS,False,True,1
SET LOUNGE & BAR,SET LOUNGE AND BAR,SET LOUNGE AND BAR,,SET LOUNGE AND BAR,False,True,1
SHADOW & OAK,SHADOW AND OAK,SHADOW AND OAK,,SHADOW AND OAK,False,True,1
SHAH'S EXPRESS / CASTLE CHICKEN,SHAHS EXPRESS CASTLE CHICKEN,SHAHS EXPRESS CASTLE CHICKEN,,SHAHS EXPRESS CASTLE CHICKEN,False,True,2
SHAH'S KARAOKE & POETRY CAFE,SHAHS KARAOKE AND POETRY CAFE,SHAHS KARAOKE AND POETRY CAFE,,SHAHS KARAOKE AND POETRY CAFE,False,True,1
"SHAKE SHACK, FUSCO",SHAKE SHACK FUSCO,SHAKE SHACK FUSCO,SHAKE SHACK,SHAKE SHACK FUSCO,False,True,1
SHAMA RESTAURANT & SWEETS,SHAMA RESTAURANT AND SWEETS,SHAMA RESTAURANT AND SWEETS,,SHAMA RESTAURANT AND SWEETS,False,True,1
SHANAI RESTAURANT & PARTY HALL,SHANAI RESTAURANT AND PARTY HALL,SHANAI RESTAURANT AND PARTY HALL,,SHANAI RESTAURANT AND PARTY HALL,False,True,1
SHANDAR SWEET & RESTAURANT,SHANDAR SWEET AND RESTAURANT,SHANDAR SWEET AND RESTAURANT,,SHANDAR SWEET AND RESTAURANT,False,True,1
"SHANGHAI DONGTAIXIANG, INC.",SHANGHAI DONGTAIXIANG,SHANGHAI DONGTAIXIANG,,SHANGHAI DONGTAIXIANG,False,True,1
SHANTA'S RESTAURANT & BAKERY,SHANTAS RESTAURANT AND BAKERY,SHANTAS RESTAURANT AND BAKERY,,SHANTAS RESTAURANT AND BAKERY,False,True,1
SHASHLICHNAYA/ SEZAM,SHASHLICHNAYA SEZAM,SHASHLICHNAYA SEZAM,,SHASHLICHNAYA SEZAM,False,True,1
SHEEL & MASHI,SHEEL AND MASHI,SHEEL AND MASHI,,SHEEL AND MASHI,False,True,1
SHEEL & MASHI GRAB & GO GRILL,SHEEL AND MASHI GRAB AND GO GRILL,SHEEL AND MASHI GRAB AND GO GRILL,,SHEEL AND MASHI GRAB AND GO GRILL,False,True,1
"SHERATON NEW YORK TIMES SQUARE - PANTRIES 2A,2B,3A,3B",SHERATON NEW YORK TIMES SQUARE PANTRIES 2A 2B 3A 3B,SHERATON NEW YORK TIMES SQUARE PANTRIES 2A 2B 3A 3B,,SHERATON NEW YORK TIMES SQUARE PANTRIES 2A 2B 3A 3B,False,True,1
SHERDOR BURGERS AND SAUSAGES,SHERDOR BURGERS AND SAUSAGES,SHERDOR BURGERS AND SAUSAGES,,SHERDOR BURGERS AND SAUSAGES,False,True,1
SHERNETTE WILLIAMS MCCAUSLAND & LEO MCCAUSLAND,SHERNETTE WILLIAMS MCCAUSLAND AND LEO MCCAUSLAND,SHERNETTE WILLIAMS MCCAUSLAND AND LEO MCCAUSLAND,,SHERNETTE WILLIAMS MCCAUSLAND AND LEO MCCAUSLAND,False,True,1
SHILA BAR & WINE,SHILA BAR AND WINE,SHILA BAR AND WINE,,SHILA BAR AND WINE,False,True,1
SHOBU RAMEN & IZAKAYA,SHOBU RAMEN AND IZAKAYA,SHOBU RAMEN AND IZAKAYA,,SHOBU RAMEN AND IZAKAYA,False,True,1
SHOBU SUSHI & GRILL,SHOBU SUSHI AND GRILL,SHOBU SUSHI AND GRILL,,SHOBU SUSHI AND GRILL,False,True,1
SHOGUN HIBACHI & SUSHI BAR,SHOGUN HIBACHI AND SUSHI BAR,SHOGUN HIBACHI AND SUSHI BAR,,SHOGUN HIBACHI AND SUSHI BAR,False,True,1
"SHRINE, YATENGA",SHRINE YATENGA,SHRINE YATENGA,,SHRINE YATENGA,False,True,1
SI FISH & MORE,SI FISH AND MORE,SI FISH AND MORE,,SI FISH AND MORE,False,True,1
SIAM THAI EXPRESS (JACX & CO FOOD COURT),SIAM THAI EXPRESS JACX AND CO FOOD COURT,SIAM THAI EXPRESS JACX AND CO FOOD COURT,,SIAM THAI EXPRESS JACX AND CO FOOD COURT,False,True,1
SICILY'S BEST PIZZERIA & RESTAURANT,SICILYS BEST PIZZERIA AND RESTAURANT,SICILYS BEST PIZZERIA AND RESTAURANT,,SICILYS BEST PIZZERIA AND RESTAURANT,False,True,1
SIDE BY SIDE PIZZA & BUREK,SIDE BY SIDE PIZZA AND BUREK,SIDE BY SIDE PIZZA AND BUREK,,SIDE BY SIDE PIZZA AND BUREK,False,True,1
SIDO FALAFEL & MORE,SIDO FALAFEL AND MORE,SIDO FALAFEL AND MORE,,SIDO FALAFEL AND MORE,False,True,1
SIENA BAKEHOUSE / SIENA PIZZA,SIENA BAKEHOUSE SIENA PIZZA,SIENA BAKEHOUSE SIENA PIZZA,,SIENA BAKEHOUSE SIENA PIZZA,False,True,1
SIGNATURE / FALADA,SIGNATURE FALADA,SIGNATURE FALADA,,SIGNATURE FALADA,False,True,1
SIGNATURE SEAFOOD & GRILL,SIGNATURE SEAFOOD AND GRILL,SIGNATURE SEAFOOD AND GRILL,,SIGNATURE SEAFOOD AND GRILL,False,True,1
SIMMER DOWN RESTAURANT & BAKERY,SIMMER DOWN RESTAURANT AND BAKERY,SIMMER DOWN RESTAURANT AND BAKERY,,SIMMER DOWN RESTAURANT AND BAKERY,False,True,1
"SIMONE'S CARRIBEAN CUISINE, INC.",SIMONES CARRIBEAN CUISINE,SIMONES CARRIBEAN CUISINE,,SIMONES CARRIBEAN CUISINE,False,True,1
SIMPLY NOODLES & DIM SUM,SIMPLY NOODLES AND DIM SUM,SIMPLY NOODLES AND DIM SUM,,SIMPLY NOODLES AND DIM SUM,False,True,1
SIMPSON THACHER AND BARTLET CAFE,SIMPSON THACHER AND BARTLET CAFE,SIMPSON THACHER AND BARTLET CAFE,,SIMPSON THACHER AND BARTLET CAFE,False,True,1
"SINCERELY, OPHELIA / CHICKEN & THE EGG",SINCERELY OPHELIA CHICKEN AND THE EGG,SINCERELY OPHELIA CHICKEN AND THE EGG,,SINCERELY OPHELIA CHICKEN AND THE EGG,False,True,1
SINGAS FAMOUS PIZZA & GRILL,SINGAS FAMOUS PIZZA AND GRILL,SINGAS FAMOUS PIZZA AND GRILL,,SINGAS FAMOUS PIZZA AND GRILL,False,True,1
SINGH'S ROTI SHOP & BAR,SINGHS ROTI SHOP AND BAR,SINGHS ROTI SHOP AND BAR,,SINGHS ROTI SHOP AND BAR,False,True,1
SINGLES AND DOUBLES,SINGLES AND DOUBLES,SINGLES AND DOUBLES,,SINGLES AND DOUBLES,False,True,1
SINGSING CHICKEN & KARAOKE,SINGSING CHICKEN AND KARAOKE,SINGSING CHICKEN AND KARAOKE,,SINGSING CHICKEN AND KARAOKE,False,True,1
SIP & GUZZLE,SIP AND GUZZLE,SIP AND GUZZLE,,SIP AND GUZZLE,False,True,1
SIP & PLAY,SIP AND PLAY,SIP AND PLAY,,SIP AND PLAY,False,True,1
SIP & SCOOP,SIP AND SCOOP,SIP AND SCOOP,,SIP AND SCOOP,False,True,1
SIP & SIZZLE,SIP AND SIZZLE,SIP AND SIZZLE,,SIP AND SIZZLE,False,True,1
SIP AND SAVOR,SIP AND SAVOR,SIP AND SAVOR,,SIP AND SAVOR,False,True,1
SIPS & SALT,SIPS AND SALT,SIPS AND SALT,,SIPS AND SALT,False,True,1
SIR G IRIE CARIBBEAN KITCHEN & BAKERY,SIR G IRIE CARIBBEAN KITCHEN AND BAKERY,SIR G IRIE CARIBBEAN KITCHEN AND BAKERY,,SIR G IRIE CARIBBEAN KITCHEN AND BAKERY,False,True,1
SISTER'S & FAMILY RESTAURANT,SISTERS AND FAMILY RESTAURANT,SISTERS AND FAMILY RESTAURANT,,SISTERS AND FAMILY RESTAURANT,False,True,1
SIT & WONDER,SIT AND WONDER,SIT AND WONDER,WONDER,SIT AND WONDER,False,True,1
SIX2 RESTAURANT & BAKERY,SIX2 RESTAURANT AND BAKERY,SIX2 RESTAURANT AND BAKERY,,SIX2 RESTAURANT AND BAKERY,False,True,1
SIYI TEA & INCENSE,SIYI TEA AND INCENSE,SIYI TEA AND INCENSE,,SIYI TEA AND INCENSE,False,True,1
SIZZLE SHAWARMA & FALAFEL BAR,SIZZLE SHAWARMA AND FALAFEL BAR,SIZZLE SHAWARMA AND FALAFEL BAR,,SIZZLE SHAWARMA AND FALAFEL BAR,False,True,1
SKEWR / BREWR / STONE & SOIL / ROSEHILL ROOFTOP,SKEWR BREWR STONE AND SOIL ROSEHILL ROOFTOP,SKEWR BREWR STONE AND SOIL ROSEHILL ROOFTOP,,SKEWR BREWR STONE AND SOIL ROSEHILL ROOFTOP,False,True,1
SKY LOUNGE & BAR,SKY LOUNGE AND BAR,SKY LOUNGE AND BAR,,SKY LOUNGE AND BAR,False,True,1
SKY55 BAR AND GRILL,SKY55 BAR AND GRILL,SKY55 BAR AND GRILL,,SKY55 BAR AND GRILL,False,True,1
SKYLINE BILLIARDS & BAR,SKYLINE BILLIARDS AND BAR,SKYLINE BILLIARDS AND BAR,,SKYLINE BILLIARDS AND BAR,False,True,1
"SLBURGER12, LLC",SLBURGER12,SLBURGER12,,SLBURGER12,False,True,1
SLURP & SWIRL,SLURP AND SWIRL,SLURP AND SWIRL,,SLURP AND SWIRL,False,True,1
SMASHBURGERS AND WINGS BY CARACAS GRILL (KIOSK),SMASHBURGERS AND WINGS BY CARACAS GRILL KIOSK,SMASHBURGERS AND WINGS BY CARACAS GRILL KIOSK,,SMASHBURGERS AND WINGS BY CARACAS GRILL KIOSK,False,True,1
SMITH & MILLS,SMITH AND MILLS,SMITH AND MILLS,,SMITH AND MILLS,False,True,2
SMITH & WOLLENSKY,SMITH AND WOLLENSKY,SMITH AND WOLLENSKY,,SMITH AND WOLLENSKY,False,True,1
SMOKE & MIRRORS,SMOKE AND MIRRORS,SMOKE AND MIRRORS,,SMOKE AND MIRRORS,False,True,1
SMOKE JAZZ & SUPPER CLUB,SMOKE JAZZ AND SUPPER CLUB,SMOKE JAZZ AND SUPPER CLUB,,SMOKE JAZZ AND SUPPER CLUB,False,True,1
SNACK BAR (LOCATED BETWEEN A-B BETWEEN FANCY FOOD AND MASTERS),SNACK BAR LOCATED BETWEEN A B BETWEEN FANCY FOOD AND MASTERS,SNACK BAR LOCATED BETWEEN A B BETWEEN FANCY FOOD AND MASTERS,,SNACK BAR LOCATED BETWEEN A B BETWEEN FANCY FOOD AND MASTERS,False,True,1
SNATCH & GO INTERNET CAFE & JUICE BAR,SNATCH AND GO INTERNET CAFE AND JUICE BAR,SNATCH AND GO INTERNET CAFE AND JUICE BAR,,SNATCH AND GO INTERNET CAFE AND JUICE BAR,False,True,1
SOCIAL CIRCLE at CAMBRIA HOTELS & SUITES NEW YORK-CHELSEA,SOCIAL CIRCLE AT CAMBRIA HOTELS AND SUITES NEW YORK CHELSEA,SOCIAL CIRCLE AT CAMBRIA HOTELS AND SUITES NEW YORK CHELSEA,,SOCIAL CIRCLE AT CAMBRIA HOTELS AND SUITES NEW YORK CHELSEA,False,True,1
SOCIETY BILLARDS & BAR,SOCIETY BILLARDS AND BAR,SOCIETY BILLARDS AND BAR,,SOCIETY BILLARDS AND BAR,False,True,1
"SODEXOMAGIC, LLC",SODEXOMAGIC,SODEXOMAGIC,,SODEXOMAGIC,False,True,1
SOFI'S DELI & GRILL,SOFIS DELI AND GRILL,SOFIS DELI AND GRILL,,SOFIS DELI AND GRILL,False,True,1
SOFIA & GRACE COOKIE COMPANY,SOFIA AND GRACE COOKIE COMPANY,SOFIA AND GRACE COOKIE COMPANY,,SOFIA AND GRACE COOKIE COMPANY,False,True,1
SOFIA BAR & GRILL,SOFIA BAR AND GRILL,SOFIA BAR AND GRILL,,SOFIA BAR AND GRILL,False,True,1
SOGONGDONG TOFU & BBQ,SOGONGDONG TOFU AND BBQ,SOGONGDONG TOFU AND BBQ,,SOGONGDONG TOFU AND BBQ,False,True,1
SOHO CAFE & GRILL,SOHO CAFE AND GRILL,SOHO CAFE AND GRILL,,SOHO CAFE AND GRILL,False,True,1
SOHO/CHELSEA LOUNGE (TIER 2),SOHO CHELSEA LOUNGE TIER 2,SOHO CHELSEA LOUNGE TIER 2,,SOHO CHELSEA LOUNGE TIER 2,False,True,1
SOIREE RESTAURANT & LOUNGE,SOIREE RESTAURANT AND LOUNGE,SOIREE RESTAURANT AND LOUNGE,,SOIREE RESTAURANT AND LOUNGE,False,True,1
SOMEDAYS ARTISAN BAKERY & CAFE,SOMEDAYS ARTISAN BAKERY AND CAFE,SOMEDAYS ARTISAN BAKERY AND CAFE,,SOMEDAYS ARTISAN BAKERY AND CAFE,False,True,1
SOMEWHERE NOWHERE / COTTO,SOMEWHERE NOWHERE COTTO,SOMEWHERE NOWHERE COTTO,,SOMEWHERE NOWHERE COTTO,False,True,1
SONNIER & CASTLE,SONNIER AND CASTLE,SONNIER AND CASTLE,,SONNIER AND CASTLE,False,True,1
SOSA AND ZUCO LLC,SOSA AND ZUCO,SOSA AND ZUCO,,SOSA AND ZUCO,False,True,1
SOUND & FURY BREWERY,SOUND AND FURY BREWERY,SOUND AND FURY BREWERY,,SOUND AND FURY BREWERY,False,True,1
SOUTH BEACH BAR AND LOUNGE,SOUTH BEACH BAR AND LOUNGE,SOUTH BEACH BAR AND LOUNGE,,SOUTH BEACH BAR AND LOUNGE,False,True,1
"SOUTH FIN GRILL, THE VANDERBILT",SOUTH FIN GRILL THE VANDERBILT,SOUTH FIN GRILL THE VANDERBILT,,SOUTH FIN GRILL THE VANDERBILT,False,True,1
SOUTH SIDE GOURMET SPANISH AND AMERICAN FOOD,SOUTH SIDE GOURMET SPANISH AND AMERICAN FOOD,SOUTH SIDE GOURMET SPANISH AND AMERICAN FOOD,,SOUTH SIDE GOURMET SPANISH AND AMERICAN FOOD,False,True,1
SOUTH SLOPE RESTAURANT & BAR,SOUTH SLOPE RESTAURANT AND BAR,SOUTH SLOPE RESTAURANT AND BAR,,SOUTH SLOPE RESTAURANT AND BAR,False,True,1
"SOUTHGATE RESTAURANT, JW MARRIOT ESSEX HOUSE",SOUTHGATE RESTAURANT JW MARRIOT ESSEX HOUSE,SOUTHGATE RESTAURANT JW MARRIOT ESSEX HOUSE,,SOUTHGATE RESTAURANT JW MARRIOT ESSEX HOUSE,False,True,1
SOY & SAKE (GATE 5),SOY AND SAKE GATE 5,SOY AND SAKE GATE 5,,SOY AND SAKE GATE 5,False,True,1
SOZO SIP BAR & OMAKASE,SOZO SIP BAR AND OMAKASE,SOZO SIP BAR AND OMAKASE,,SOZO SIP BAR AND OMAKASE,False,True,1
SPA CASTLE (CAFE & JUICE BAR),SPA CASTLE CAFE AND JUICE BAR,SPA CASTLE CAFE AND JUICE BAR,,SPA CASTLE CAFE AND JUICE BAR,False,True,1
SPACE PING PONG LOUNGE & BAR,SPACE PING PONG LOUNGE AND BAR,SPACE PING PONG LOUNGE AND BAR,,SPACE PING PONG LOUNGE AND BAR,False,True,1
SPARTAN VARIETY AND ENTERTAINMENT,SPARTAN VARIETY AND ENTERTAINMENT,SPARTAN VARIETY AND ENTERTAINMENT,,SPARTAN VARIETY AND ENTERTAINMENT,False,True,1
SPEEDY TACOS AND CHICKEN,SPEEDY TACOS AND CHICKEN,SPEEDY TACOS AND CHICKEN,,SPEEDY TACOS AND CHICKEN,False,True,1
SPICE & GRILL,SPICE AND GRILL,SPICE AND GRILL,,SPICE AND GRILL,False,True,2
SPICE UP SWEETS AND RESTAURANT,SPICE UP SWEETS AND RESTAURANT,SPICE UP SWEETS AND RESTAURANT,,SPICE UP SWEETS AND RESTAURANT,False,True,1
SPICES AND SLICES,SPICES AND SLICES,SPICES AND SLICES,,SPICES AND SLICES,False,True,1
SPIRIT & BELL,SPIRIT AND BELL,SPIRIT AND BELL,,SPIRIT AND BELL,False,True,1
SPIRO'S CAFE & PIZZA,SPIROS CAFE AND PIZZA,SPIROS CAFE AND PIZZA,,SPIROS CAFE AND PIZZA,False,True,1
SPORT BAR CAFE & GRILL,SPORT BAR CAFE AND GRILL,SPORT BAR CAFE AND GRILL,,SPORT BAR CAFE AND GRILL,False,True,1
SPORTY & RICH,SPORTY AND RICH,SPORTY AND RICH,,SPORTY AND RICH,False,True,1
SPREAD LOVE & EAT,SPREAD LOVE AND EAT,SPREAD LOVE AND EAT,,SPREAD LOVE AND EAT,False,True,1
SPREAD LOVE & JUICE,SPREAD LOVE AND JUICE,SPREAD LOVE AND JUICE,,SPREAD LOVE AND JUICE,False,True,1
SPRING THAI FUSION & BAR,SPRING THAI FUSION AND BAR,SPRING THAI FUSION AND BAR,,SPRING THAI FUSION AND BAR,False,True,1
SPRINGFIELD & LA BARI,SPRINGFIELD AND LA BARI,SPRINGFIELD AND LA BARI,,SPRINGFIELD AND LA BARI,False,True,1
SPRINGHILL SUITES & FAIRFIELD INN & SUITES,SPRINGHILL SUITES AND FAIRFIELD INN AND SUITES,SPRINGHILL SUITES AND FAIRFIELD INN AND SUITES,,SPRINGHILL SUITES AND FAIRFIELD INN AND SUITES,False,True,1
ST MICHEL CAFE & BAKERY,ST MICHEL CAFE AND BAKERY,ST MICHEL CAFE AND BAKERY,,ST MICHEL CAFE AND BAKERY,False,True,1
"ST. CLOUD, CHARLIE PALMER AT THE KNICK",ST CLOUD CHARLIE PALMER AT THE KNICK,ST CLOUD CHARLIE PALMER AT THE KNICK,,ST CLOUD CHARLIE PALMER AT THE KNICK,False,True,1
ST. MARK'S BURGER & DOGS.,ST MARKS BURGER AND DOGS,ST MARKS BURGER AND DOGS,,ST MARKS BURGER AND DOGS,False,True,1
ST. PATRICK'S BAR AND GRILL,ST PATRICKS BAR AND GRILL,ST PATRICKS BAR AND GRILL,,ST PATRICKS BAR AND GRILL,False,True,1
STAGWELL/MDC GTG,STAGWELL MDC GTG,STAGWELL MDC GTG,,STAGWELL MDC GTG,False,True,1
STALLY & JOSIE'S CARIBBEAN KITCHEN,STALLY AND JOSIES CARIBBEAN KITCHEN,STALLY AND JOSIES CARIBBEAN KITCHEN,,STALLY AND JOSIES CARIBBEAN KITCHEN,False,True,1
STAR CAFE & BAKERY,STAR CAFE AND BAKERY,STAR CAFE AND BAKERY,,STAR CAFE AND BAKERY,False,True,1
STARBUCKS CONNECTOR/CIBO EXPRESS,STARBUCKS CONNECTOR CIBO EXPRESS,STARBUCKS CONNECTOR CIBO EXPRESS,STARBUCKS,STARBUCKS CONNECTOR CIBO EXPRESS,False,True,1
STARLIGHT BILLIARDS / HEY HEY TEA,STARLIGHT BILLIARDS HEY HEY TEA,STARLIGHT BILLIARDS HEY HEY TEA,,STARLIGHT BILLIARDS HEY HEY TEA,False,True,1
STATE GRILL AND BAR,STATE GRILL AND BAR,STATE GRILL AND BAR,,STATE GRILL AND BAR,False,True,1
STATEN ISLAND FERRY HAWKS - Frankie's Tenders & Tots (Including Bud Light Stand),STATEN ISLAND FERRY HAWKS FRANKIES TENDERS AND TOTS INCLUDING BUD LIGHT STAND,STATEN ISLAND FERRY HAWKS FRANKIES TENDERS AND TOTS INCLUDING BUD LIGHT STAND,,STATEN ISLAND FERRY HAWKS FRANKIES TENDERS AND TOTS INCLUDING BUD LIGHT STAND,False,True,1
STATEN ISLAND FERRY HAWKS/ANGELINA'S KITCHEN,STATEN ISLAND FERRY HAWKS ANGELINAS KITCHEN,STATEN ISLAND FERRY HAWKS ANGELINAS KITCHEN,,STATEN ISLAND FERRY HAWKS ANGELINAS KITCHEN,False,True,1
STATEN ISLAND FERRY HAWKS/FRANKIE'S DAWG HOUSE,STATEN ISLAND FERRY HAWKS FRANKIES DAWG HOUSE,STATEN ISLAND FERRY HAWKS FRANKIES DAWG HOUSE,,STATEN ISLAND FERRY HAWKS FRANKIES DAWG HOUSE,False,True,1
STATEN ISLAND FERRY HAWKS/TASTE OF SHAOLIN,STATEN ISLAND FERRY HAWKS TASTE OF SHAOLIN,STATEN ISLAND FERRY HAWKS TASTE OF SHAOLIN,,STATEN ISLAND FERRY HAWKS TASTE OF SHAOLIN,False,True,1
STE AND SAVORY,STE AND SAVORY,STE AND SAVORY,,STE AND SAVORY,False,True,1
STEAK & HOAGIES,STEAK AND HOAGIES,STEAK AND HOAGIES,,STEAK AND HOAGIES,False,True,1
STELLA & FLY,STELLA AND FLY,STELLA AND FLY,,STELLA AND FLY,False,True,1
STEP IN RESTAURANT & LOUNGE,STEP IN RESTAURANT AND LOUNGE,STEP IN RESTAURANT AND LOUNGE,,STEP IN RESTAURANT AND LOUNGE,False,True,1
STILL GIN/ROCKEFELLER UNIVERSITY - EMPLOYEE DINING,STILL GIN ROCKEFELLER UNIVERSITY EMPLOYEE DINING,STILL GIN ROCKEFELLER UNIVERSITY EMPLOYEE DINING,,STILL GIN ROCKEFELLER UNIVERSITY EMPLOYEE DINING,False,True,1
STOCKED CAFE & BURGERS,STOCKED CAFE AND BURGERS,STOCKED CAFE AND BURGERS,,STOCKED CAFE AND BURGERS,False,True,1
STOP & ENJOY,STOP AND ENJOY,STOP AND ENJOY,,STOP AND ENJOY,False,True,1
STOP & GO DELI,STOP AND GO DELI,STOP AND GO DELI,,STOP AND GO DELI,False,True,1
STOP AT THE STOP SWEET POT RESTAURANT & COCKTAIL,STOP AT THE STOP SWEET POT RESTAURANT AND COCKTAIL,STOP AT THE STOP SWEET POT RESTAURANT AND COCKTAIL,,STOP AT THE STOP SWEET POT RESTAURANT AND COCKTAIL,False,True,1
STOP INN RESTAURANT & CAFE,STOP INN RESTAURANT AND CAFE,STOP INN RESTAURANT AND CAFE,,STOP INN RESTAURANT AND CAFE,False,True,1
STUART CINEMA & CAFÉ,STUART CINEMA AND CAFE,STUART CINEMA AND CAFE,,STUART CINEMA AND CAFE,False,True,1
STURMAN JASON-J & J LUNCHEONETTE DELI,STURMAN JASON J AND J LUNCHEONETTE DELI,STURMAN JASON J AND J LUNCHEONETTE DELI,,STURMAN JASON J AND J LUNCHEONETTE DELI,False,True,1
SU & GAO,SU AND GAO,SU AND GAO,,SU AND GAO,False,True,1
SUB STOP DELI & GRILL INC,SUB STOP DELI AND GRILL,SUB STOP DELI AND GRILL,,SUB STOP DELI AND GRILL,False,True,1
SUBWAY / CHICKPEA TO GO,SUBWAY CHICKPEA TO GO,SUBWAY CHICKPEA TO GO,SUBWAY,SUBWAY CHICKPEA TO GO,False,True,1
SUBWAY / STAR MINI MART,SUBWAY STAR MINI MART,SUBWAY STAR MINI MART,SUBWAY,SUBWAY STAR MINI MART,False,True,1
SUBWAY AND JUICE,SUBWAY AND JUICE,SUBWAY AND JUICE,SUBWAY,SUBWAY AND JUICE,False,True,1
SUGAR & STEAM COFFEE SHOP CORP,SUGAR AND STEAM COFFEE SHOP,SUGAR AND STEAM COFFEE SHOP,,SUGAR AND STEAM COFFEE SHOP,False,True,1
SUGAR POP CANDY BAR / PINKBERRY,SUGAR POP CANDY BAR PINKBERRY,SUGAR POP CANDY BAR PINKBERRY,,SUGAR POP CANDY BAR PINKBERRY,False,True,1
SUGOI RAMEN & IZAKAYA,SUGOI RAMEN AND IZAKAYA,SUGOI RAMEN AND IZAKAYA,,SUGOI RAMEN AND IZAKAYA,False,True,1
"SUITE 200, 1879",SUITE 200 1879,SUITE 200 1879,,SUITE 200 1879,False,True,1
SULLIVAN & CROMWELL,SULLIVAN AND CROMWELL,SULLIVAN AND CROMWELL,,SULLIVAN AND CROMWELL,False,True,1
SUNDAES AND CONES,SUNDAES AND CONES,SUNDAES AND CONES,,SUNDAES AND CONES,False,True,1
SUNDAY'S BAKERY & JUICE BAR,SUNDAYS BAKERY AND JUICE BAR,SUNDAYS BAKERY AND JUICE BAR,,SUNDAYS BAKERY AND JUICE BAR,False,True,1
SUNGOLD / WATER TOWER BAR / ART WILLIAMSBURG / LOBBY BAR / MIRROR BAR,SUNGOLD WATER TOWER BAR ART WILLIAMSBURG LOBBY BAR MIRROR BAR,SUNGOLD WATER TOWER BAR ART WILLIAMSBURG LOBBY BAR MIRROR BAR,,SUNGOLD WATER TOWER BAR ART WILLIAMSBURG LOBBY BAR MIRROR BAR,False,True,1
SUNNY SUSHI & POKE,SUNNY SUSHI AND POKE,SUNNY SUSHI AND POKE,,SUNNY SUSHI AND POKE,False,True,1
SUNSET BAGEL CAFE AND GRILL,SUNSET BAGEL CAFE AND GRILL,SUNSET BAGEL CAFE AND GRILL,,SUNSET BAGEL CAFE AND GRILL,False,True,1
SUNSET BAGELS CAFE & GRILL,SUNSET BAGELS CAFE AND GRILL,SUNSET BAGELS CAFE AND GRILL,,SUNSET BAGELS CAFE AND GRILL,False,True,1
SUNSET PARK DINER & DONUTS,SUNSET PARK DINER AND DONUTS,SUNSET PARK DINER AND DONUTS,,SUNSET PARK DINER AND DONUTS,False,True,1
SUNSET RIDGE CAFE & GRILL,SUNSET RIDGE CAFE AND GRILL,SUNSET RIDGE CAFE AND GRILL,,SUNSET RIDGE CAFE AND GRILL,False,True,1
SUNSWICK 35/35,SUNSWICK 35 35,SUNSWICK 35 35,,SUNSWICK 35 35,False,True,1
SUPER KENNEDY'S CHICKEN & SANDWICH,SUPER KENNEDYS CHICKEN AND SANDWICH,SUPER KENNEDYS CHICKEN AND SANDWICH,,SUPER KENNEDYS CHICKEN AND SANDWICH,False,True,1
SUPER NICE COFFEE AND BAKERY,SUPER NICE COFFEE AND BAKERY,SUPER NICE COFFEE AND BAKERY,,SUPER NICE COFFEE AND BAKERY,False,True,1
SUPER SKYWAY RESTAURANT & KEBAB HOUSE,SUPER SKYWAY RESTAURANT AND KEBAB HOUSE,SUPER SKYWAY RESTAURANT AND KEBAB HOUSE,,SUPER SKYWAY RESTAURANT AND KEBAB HOUSE,False,True,1
SUPREMACY GRILL & LOUNGE,SUPREMACY GRILL AND LOUNGE,SUPREMACY GRILL AND LOUNGE,,SUPREMACY GRILL AND LOUNGE,False,True,1
SUPREME EATS PIZZA & PASTA,SUPREME EATS PIZZA AND PASTA,SUPREME EATS PIZZA AND PASTA,,SUPREME EATS PIZZA AND PASTA,False,True,1
SURF PIZZA & WINGS,SURF PIZZA AND WINGS,SURF PIZZA AND WINGS,,SURF PIZZA AND WINGS,False,True,1
SURYA SWEETS & SNACKS,SURYA SWEETS AND SNACKS,SURYA SWEETS AND SNACKS,,SURYA SWEETS AND SNACKS,False,True,1
SUSAN'S KITCHEN CATERING AND EVENTS,SUSANS KITCHEN CATERING AND EVENTS,SUSANS KITCHEN CATERING AND EVENTS,,SUSANS KITCHEN CATERING AND EVENTS,False,True,1
SUSANO'S PIZZERIA & RESTAURANT II,SUSANOS PIZZERIA AND RESTAURANT II,SUSANOS PIZZERIA AND RESTAURANT II,,SUSANOS PIZZERIA AND RESTAURANT II,False,True,1
SUSHI & BENTO BY MR LIM,SUSHI AND BENTO BY MR LIM,SUSHI AND BENTO BY MR LIM,,SUSHI AND BENTO BY MR LIM,False,True,1
SUSHI & BENTO BY MR. LIM / THE SLING BAR,SUSHI AND BENTO BY MR LIM THE SLING BAR,SUSHI AND BENTO BY MR LIM THE SLING BAR,,SUSHI AND BENTO BY MR LIM THE SLING BAR,False,True,1
SUSHI & CO,SUSHI AND CO,SUSHI AND CO,,SUSHI AND CO,False,True,4
SUSHI & MORE,SUSHI AND MORE,SUSHI AND MORE,,SUSHI AND MORE,False,True,1
SUSHI & NOODLES,SUSHI AND NOODLES,SUSHI AND NOODLES,,SUSHI AND NOODLES,False,True,1
SUSHI & SIPS CAFE @ STUDENT UNION BUILDING,SUSHI AND SIPS CAFE STUDENT UNION BUILDING,SUSHI AND SIPS CAFE STUDENT UNION BUILDING,,SUSHI AND SIPS CAFE STUDENT UNION BUILDING,False,True,1
SUSHI BY BOU / WAGYU ROOM / PARTEA LAB,SUSHI BY BOU WAGYU ROOM PARTEA LAB,SUSHI BY BOU WAGYU ROOM PARTEA LAB,,SUSHI BY BOU WAGYU ROOM PARTEA LAB,False,True,1
SUSHI DAMO/ DAMO RAMEN,SUSHI DAMO DAMO RAMEN,SUSHI DAMO DAMO RAMEN,,SUSHI DAMO DAMO RAMEN,False,True,1
SUSHI NONAKA / BOKA,SUSHI NONAKA BOKA,SUSHI NONAKA BOKA,,SUSHI NONAKA BOKA,False,True,1
"SUSHI OF GARI, UPPER EAST SIDE",SUSHI OF GARI UPPER EAST SIDE,SUSHI OF GARI UPPER EAST SIDE,,SUSHI OF GARI UPPER EAST SIDE,False,True,1
SUSHI REN / OMAKASE SHIHOU,SUSHI REN OMAKASE SHIHOU,SUSHI REN OMAKASE SHIHOU,,SUSHI REN OMAKASE SHIHOU,False,True,1
SUSHI YOSHI / TSAOCAA,SUSHI YOSHI TSAOCAA,SUSHI YOSHI TSAOCAA,,SUSHI YOSHI TSAOCAA,False,True,1
SUSUKINO RAMEN & SAKE,SUSUKINO RAMEN AND SAKE,SUSUKINO RAMEN AND SAKE,,SUSUKINO RAMEN AND SAKE,False,True,1
SVG CARIBBEAN BAKERY AND RESTAURANT,SVG CARIBBEAN BAKERY AND RESTAURANT,SVG CARIBBEAN BAKERY AND RESTAURANT,,SVG CARIBBEAN BAKERY AND RESTAURANT,False,True,1
SWEET & FAVORITE CAKE SHOP,SWEET AND FAVORITE CAKE SHOP,SWEET AND FAVORITE CAKE SHOP,,SWEET AND FAVORITE CAKE SHOP,False,True,2
SWEET & SOUR,SWEET AND SOUR,SWEET AND SOUR,,SWEET AND SOUR,False,True,1
SWEET AFTON / SIDEKICK,SWEET AFTON SIDEKICK,SWEET AFTON SIDEKICK,,SWEET AFTON SIDEKICK,False,True,1
SWEET FACE / KINN,SWEET FACE KINN,SWEET FACE KINN,,SWEET FACE KINN,False,True,1
SWEET FIRE CAFE & STUDIO,SWEET FIRE CAFE AND STUDIO,SWEET FIRE CAFE AND STUDIO,,SWEET FIRE CAFE AND STUDIO,False,True,1
SWEET SCIENCE / FEATHERWEIGHT,SWEET SCIENCE FEATHERWEIGHT,SWEET SCIENCE FEATHERWEIGHT,,SWEET SCIENCE FEATHERWEIGHT,False,True,1
SWEET TOOTH & CATERING,SWEET TOOTH AND CATERING,SWEET TOOTH AND CATERING,,SWEET TOOTH AND CATERING,False,True,1
SWEETBRIAR / COVINA,SWEETBRIAR COVINA,SWEETBRIAR COVINA,,SWEETBRIAR COVINA,False,True,1
SWEETLEAF COFFEE & COCKTAIL BAR,SWEETLEAF COFFEE AND COCKTAIL BAR,SWEETLEAF COFFEE AND COCKTAIL BAR,,SWEETLEAF COFFEE AND COCKTAIL BAR,False,True,1
SWEETS AND THINGS,SWEETS AND THINGS,SWEETS AND THINGS,,SWEETS AND THINGS,False,True,1
SWEETS BAKERY & CAFE,SWEETS BAKERY AND CAFE,SWEETS BAKERY AND CAFE,,SWEETS BAKERY AND CAFE,False,True,1
SWING 46 JAZZ AND SUPPER CLUB,SWING 46 JAZZ AND SUPPER CLUB,SWING 46 JAZZ AND SUPPER CLUB,,SWING 46 JAZZ AND SUPPER CLUB,False,True,1
Salcedo Cafeteria & Restaurant,SALCEDO CAFETERIA AND RESTAURANT,SALCEDO CAFETERIA AND RESTAURANT,,SALCEDO CAFETERIA AND RESTAURANT,False,True,1
Salt&Smash,SALT AND SMASH,SALT AND SMASH,,SALT AND SMASH,False,True,1
Sea&Soil,SEA AND SOIL,SEA AND SOIL,,SEA AND SOIL,False,True,1
Sebastian's Cafe & Creamery,SEBASTIANS CAFE AND CREAMERY,SEBASTIANS CAFE AND CREAMERY,,SEBASTIANS CAFE AND CREAMERY,False,True,1
"Soh-Mang Social Daycare, LLC",SOH MANG SOCIAL DAYCARE,SOH MANG SOCIAL DAYCARE,,SOH MANG SOCIAL DAYCARE,False,True,1
"Staten Island Ferry Hawks - Hawk City Burger w/ Taste of NY, Dippin' Dots, & Hawk City Creamery",STATEN ISLAND FERRY HAWKS HAWK CITY BURGER W TASTE OF NY DIPPIN DOTS AND HAWK CITY CREAMERY,STATEN ISLAND FERRY HAWKS HAWK CITY BURGER W TASTE OF NY DIPPIN DOTS AND HAWK CITY CREAMERY,,STATEN ISLAND FERRY HAWKS HAWK CITY BURGER W TASTE OF NY DIPPIN DOTS AND HAWK CITY CREAMERY,False,True,1
Sweet Passion Bar & Grill,SWEET PASSION BAR AND GRILL,SWEET PASSION BAR AND GRILL,,SWEET PASSION BAR AND GRILL,False,True,1
T & G FLAVORS,T AND G FLAVORS,T AND G FLAVORS,,T AND G FLAVORS,False,True,1
T & J JAMAICAN FLAVA,T AND J JAMAICAN FLAVA,T AND J JAMAICAN FLAVA,,T AND J JAMAICAN FLAVA,False,True,1
T & T RESTAURANT,T AND T RESTAURANT,T AND T RESTAURANT,,T AND T RESTAURANT,False,True,1
T&Y KITCHEN,T AND Y KITCHEN,T AND Y KITCHEN,,T AND Y KITCHEN,False,True,1
T.O.L.K. ART & COFFEE,T O L K ART AND COFFEE,T O L K ART AND COFFEE,,T O L K ART AND COFFEE,False,True,1
TABLE 40 PIZZERIA AND CAFE,TABLE 40 PIZZERIA AND CAFE,TABLE 40 PIZZERIA AND CAFE,,TABLE 40 PIZZERIA AND CAFE,False,True,1
TABLE 87 / EIGHTY-SEVEN NEXT DOOR,TABLE 87 EIGHTY SEVEN NEXT DOOR,TABLE 87 EIGHTY SEVEN NEXT DOOR,,TABLE 87 EIGHTY SEVEN NEXT DOOR,False,True,1
TACO & DUMPLING,TACO AND DUMPLING,TACO AND DUMPLING,,TACO AND DUMPLING,False,True,1
TACO AND TING,TACO AND TING,TACO AND TING,,TACO AND TING,False,True,1
"TACO BELL, PIATTINO, GREEN LEAFS",TACO BELL PIATTINO GREEN LEAFS,TACO BELL PIATTINO GREEN LEAFS,TACO BELL,TACO BELL PIATTINO GREEN LEAFS,False,True,1
TACOS & TEQUILA,TACOS AND TEQUILA,TACOS AND TEQUILA,,TACOS AND TEQUILA,False,True,1
TACOS 1986 / MIXTECA,TACOS 1986 MIXTECA,TACOS 1986 MIXTECA,,TACOS 1986 MIXTECA,False,True,1
TAKE AWAY & CAFE,TAKE AWAY AND CAFE,TAKE AWAY AND CAFE,,TAKE AWAY AND CAFE,False,True,1
TAKE SUSHI & BOWL,TAKE SUSHI AND BOWL,TAKE SUSHI AND BOWL,,TAKE SUSHI AND BOWL,False,True,1
TANDOORI FOOD & BAKERY,TANDOORI FOOD AND BAKERY,TANDOORI FOOD AND BAKERY,,TANDOORI FOOD AND BAKERY,False,True,1
TAO SUSHI CONCESSION/FRATELLI,TAO SUSHI CONCESSION FRATELLI,TAO SUSHI CONCESSION FRATELLI,,TAO SUSHI CONCESSION FRATELLI,False,True,1
TAP & POUR,TAP AND POUR,TAP AND POUR,,TAP AND POUR,False,True,1
"TAP ROOM, GRAB & GO",TAP ROOM GRAB AND GO,TAP ROOM GRAB AND GO,,TAP ROOM GRAB AND GO,False,True,1
TAQUERIA AL PASTOR AND BAR,TAQUERIA AL PASTOR AND BAR,TAQUERIA AL PASTOR AND BAR,,TAQUERIA AL PASTOR AND BAR,False,True,1
TAQUERIA MARIA & RICARDO,TAQUERIA MARIA AND RICARDO,TAQUERIA MARIA AND RICARDO,,TAQUERIA MARIA AND RICARDO,False,True,1
TARTINERY LAB / BEST DAMN BREAKFAST BURRITO,TARTINERY LAB BEST DAMN BREAKFAST BURRITO,TARTINERY LAB BEST DAMN BREAKFAST BURRITO,,TARTINERY LAB BEST DAMN BREAKFAST BURRITO,False,True,1
TASTE & FLAVORS BAKERY,TASTE AND FLAVORS BAKERY,TASTE AND FLAVORS BAKERY,,TASTE AND FLAVORS BAKERY,False,True,1
TASTEE PATTEE BAKERY AND GRILL,TASTEE PATTEE BAKERY AND GRILL,TASTEE PATTEE BAKERY AND GRILL,,TASTEE PATTEE BAKERY AND GRILL,False,True,1
TASTY AND CO,TASTY AND CO,TASTY AND CO,,TASTY AND CO,False,True,1
TASTY CARIBBEAN BUFFET & MORE,TASTY CARIBBEAN BUFFET AND MORE,TASTY CARIBBEAN BUFFET AND MORE,,TASTY CARIBBEAN BUFFET AND MORE,False,True,1
TASTY DELICIOUS WEST INDIAN BAKERY & RESTAURANT,TASTY DELICIOUS WEST INDIAN BAKERY AND RESTAURANT,TASTY DELICIOUS WEST INDIAN BAKERY AND RESTAURANT,,TASTY DELICIOUS WEST INDIAN BAKERY AND RESTAURANT,False,True,1
TASTY DELICIOUS WEST INDIAN BAKERY& RESTAURANT,TASTY DELICIOUS WEST INDIAN BAKERY AND RESTAURANT,TASTY DELICIOUS WEST INDIAN BAKERY AND RESTAURANT,,TASTY DELICIOUS WEST INDIAN BAKERY AND RESTAURANT,False,True,1
TATTE BAKERY & CAFE,TATTE BAKERY AND CAFE,TATTE BAKERY AND CAFE,,TATTE BAKERY AND CAFE,False,True,2
TAUROS BAR AND RESTAURANT,TAUROS BAR AND RESTAURANT,TAUROS BAR AND RESTAURANT,,TAUROS BAR AND RESTAURANT,False,True,1
TAZA CAFE & DELI,TAZA CAFE AND DELI,TAZA CAFE AND DELI,,TAZA CAFE AND DELI,False,True,1
TEA & SYMPATHY,TEA AND SYMPATHY,TEA AND SYMPATHY,,TEA AND SYMPATHY,False,True,1
TEA AND MILK,TEA AND MILK,TEA AND MILK,,TEA AND MILK,False,True,2
TEA LEAF & CREAMERY,TEA LEAF AND CREAMERY,TEA LEAF AND CREAMERY,,TEA LEAF AND CREAMERY,False,True,1
TEDDY'S BAR & GRILL,TEDDYS BAR AND GRILL,TEDDYS BAR AND GRILL,,TEDDYS BAR AND GRILL,False,True,1
TEDDYS F&B,TEDDYS F AND B,TEDDYS F AND B,,TEDDYS F AND B,False,True,1
TEHUACAN DELI GROCERY & TAQUERIA,TEHUACAN DELI GROCERY AND TAQUERIA,TEHUACAN DELI GROCERY AND TAQUERIA,,TEHUACAN DELI GROCERY AND TAQUERIA,False,True,1
TEPANGOS PIZZA & MEXICAN FOOD,TEPANGOS PIZZA AND MEXICAN FOOD,TEPANGOS PIZZA AND MEXICAN FOOD,,TEPANGOS PIZZA AND MEXICAN FOOD,False,True,1
TEQUILA & MEZCAL,TEQUILA AND MEZCAL,TEQUILA AND MEZCAL,,TEQUILA AND MEZCAL,False,True,1
TERIYAKI & SUSHI,TERIYAKI AND SUSHI,TERIYAKI AND SUSHI,,TERIYAKI AND SUSHI,False,True,2
TERIYAKI HEE JAPANESE GRILL & RAMEN,TERIYAKI HEE JAPANESE GRILL AND RAMEN,TERIYAKI HEE JAPANESE GRILL AND RAMEN,,TERIYAKI HEE JAPANESE GRILL AND RAMEN,False,True,1
"TERIYAKI MASTER, INC.",TERIYAKI MASTER,TERIYAKI MASTER,,TERIYAKI MASTER,False,True,1
TERRACE FISH & CHIPS,TERRACE FISH AND CHIPS,TERRACE FISH AND CHIPS,,TERRACE FISH AND CHIPS,False,True,1
TERRAVITA BAR & KITCHEN,TERRAVITA BAR AND KITCHEN,TERRAVITA BAR AND KITCHEN,,TERRAVITA BAR AND KITCHEN,False,True,1
TEX'S CHICKEN & BURGERS,TEXS CHICKEN AND BURGERS,TEXS CHICKEN AND BURGERS,TEXS CHICKEN AND BURGERS,TEXS CHICKEN AND BURGERS,False,True,11
TEX'S CHICKEN AND BURGER,TEXS CHICKEN AND BURGER,TEXS CHICKEN AND BURGER,,TEXS CHICKEN AND BURGER,False,True,1
TEX*S CHICKEN & BURGERS,TEX S CHICKEN AND BURGERS,TEX S CHICKEN AND BURGERS,,TEX S CHICKEN AND BURGERS,False,True,1
TEXAS CHICKEN & BURGER,TEXAS CHICKEN AND BURGER,TEXAS CHICKEN AND BURGER,,TEXAS CHICKEN AND BURGER,False,True,2
TEXAS CHICKEN & BURGERS,TEXAS CHICKEN AND BURGERS,TEXAS CHICKEN AND BURGERS,TEXAS CHICKEN AND BURGERS,TEXAS CHICKEN AND BURGERS,False,True,16
TEXAS CHICKEN AND BURGERS,TEXAS CHICKEN AND BURGERS,TEXAS CHICKEN AND BURGERS,TEXAS CHICKEN AND BURGERS,TEXAS CHICKEN AND BURGERS,False,True,3
TEXAS HOT CHICKEN AND WINGS,TEXAS HOT CHICKEN AND WINGS,TEXAS HOT CHICKEN AND WINGS,,TEXAS HOT CHICKEN AND WINGS,False,True,1
TEXAS ROTISSERIE & GRILL,TEXAS ROTISSERIE AND GRILL,TEXAS ROTISSERIE AND GRILL,,TEXAS ROTISSERIE AND GRILL,False,True,1
TEXMEX CHICKEN & BURRITO,TEXMEX CHICKEN AND BURRITO,TEXMEX CHICKEN AND BURRITO,,TEXMEX CHICKEN AND BURRITO,False,True,1
TEZIUTLAN BRUNCH & GRILL  CORPORATION,TEZIUTLAN BRUNCH AND GRILL,TEZIUTLAN BRUNCH AND GRILL,,TEZIUTLAN BRUNCH AND GRILL,False,True,1
THAI CREAMERY & CREPE,THAI CREAMERY AND CREPE,THAI CREAMERY AND CREPE,,THAI CREAMERY AND CREPE,False,True,1
THANK YOU DONUTS & CORN DOGS,THANK YOU DONUTS AND CORN DOGS,THANK YOU DONUTS AND CORN DOGS,,THANK YOU DONUTS AND CORN DOGS,False,True,1
"THANK YOU, COME AGAIN",THANK YOU COME AGAIN,THANK YOU COME AGAIN,,THANK YOU COME AGAIN,False,True,1
THE AMBASSADOR GRILL AND LOUNGE (INSIDE HILTON HOTEL),THE AMBASSADOR GRILL AND LOUNGE INSIDE HILTON HOTEL,THE AMBASSADOR GRILL AND LOUNGE INSIDE HILTON HOTEL,,THE AMBASSADOR GRILL AND LOUNGE INSIDE HILTON HOTEL,False,True,1
THE APARTMENT / HOX COFFEE SHOP,THE APARTMENT HOX COFFEE SHOP,THE APARTMENT HOX COFFEE SHOP,,THE APARTMENT HOX COFFEE SHOP,False,True,1
THE BANCHAN & K-CATERING INC.,THE BANCHAN AND K CATERING,THE BANCHAN AND K CATERING,,THE BANCHAN AND K CATERING,False,True,1
THE BAY SHELLFISH & OYSTER BAR,THE BAY SHELLFISH AND OYSTER BAR,THE BAY SHELLFISH AND OYSTER BAR,,THE BAY SHELLFISH AND OYSTER BAR,False,True,1
THE BBQ AND SPICY HOT POT HOUSE,THE BBQ AND SPICY HOT POT HOUSE,THE BBQ AND SPICY HOT POT HOUSE,,THE BBQ AND SPICY HOT POT HOUSE,False,True,1
THE BEST PIZZERIA & WINGS,THE BEST PIZZERIA AND WINGS,THE BEST PIZZERIA AND WINGS,,THE BEST PIZZERIA AND WINGS,False,True,1
THE BIER & CHEESE COLLECTIVE,THE BIER AND CHEESE COLLECTIVE,THE BIER AND CHEESE COLLECTIVE,,THE BIER AND CHEESE COLLECTIVE,False,True,1
THE BISTRO AT THE COURTYARD & RESIDENCE INN BY MARRIOTT,THE BISTRO AT THE COURTYARD AND RESIDENCE INN BY MARRIOTT,THE BISTRO AT THE COURTYARD AND RESIDENCE INN BY MARRIOTT,,THE BISTRO AT THE COURTYARD AND RESIDENCE INN BY MARRIOTT,False,True,1
THE BLARNEY STONE PUB & RESTAURANT,THE BLARNEY STONE PUB AND RESTAURANT,THE BLARNEY STONE PUB AND RESTAURANT,,THE BLARNEY STONE PUB AND RESTAURANT,False,True,1
THE BLEU ROOM RESTAURANT & LOUNGE,THE BLEU ROOM RESTAURANT AND LOUNGE,THE BLEU ROOM RESTAURANT AND LOUNGE,,THE BLEU ROOM RESTAURANT AND LOUNGE,False,True,1
THE BLUE DOG COOKHOUSE AND BAR,THE BLUE DOG COOKHOUSE AND BAR,THE BLUE DOG COOKHOUSE AND BAR,,THE BLUE DOG COOKHOUSE AND BAR,False,True,1
THE BOROUGH BAR & GRILL,THE BOROUGH BAR AND GRILL,THE BOROUGH BAR AND GRILL,,THE BOROUGH BAR AND GRILL,False,True,1
THE BRONX BURGER CO/GAI CHICKEN,THE BRONX BURGER CO GAI CHICKEN,THE BRONX BURGER CO GAI CHICKEN,,THE BRONX BURGER CO GAI CHICKEN,False,True,1
THE BURRITO SHOPPE AND SALAD JUNKIE,THE BURRITO SHOPPE AND SALAD JUNKIE,THE BURRITO SHOPPE AND SALAD JUNKIE,,THE BURRITO SHOPPE AND SALAD JUNKIE,False,True,1
THE C CAFE & WINE,THE C CAFE AND WINE,THE C CAFE AND WINE,,THE C CAFE AND WINE,False,True,1
THE CARNEGIE CIGAR CLUB AND LOUNGE,THE CARNEGIE CIGAR CLUB AND LOUNGE,THE CARNEGIE CIGAR CLUB AND LOUNGE,,THE CARNEGIE CIGAR CLUB AND LOUNGE,False,True,1
THE CHAMPAGNE BAR / THE ROSE CLUB,THE CHAMPAGNE BAR THE ROSE CLUB,THE CHAMPAGNE BAR THE ROSE CLUB,,THE CHAMPAGNE BAR THE ROSE CLUB,False,True,1
THE CHICKEN AND STEAKHOUSE INC,THE CHICKEN AND STEAKHOUSE,THE CHICKEN AND STEAKHOUSE,,THE CHICKEN AND STEAKHOUSE,False,True,1
THE CONCORD / SISTEM,THE CONCORD SISTEM,THE CONCORD SISTEM,,THE CONCORD SISTEM,False,True,1
"THE CORNER CAFE & BAKERY, PIZZA PLUS",THE CORNER CAFE AND BAKERY PIZZA PLUS,THE CORNER CAFE AND BAKERY PIZZA PLUS,,THE CORNER CAFE AND BAKERY PIZZA PLUS,False,True,1
THE CORNER DELI / LA ESQUINA CANTINA,THE CORNER DELI LA ESQUINA CANTINA,THE CORNER DELI LA ESQUINA CANTINA,,THE CORNER DELI LA ESQUINA CANTINA,False,True,1
THE CREPE AND CAKE,THE CREPE AND CAKE,THE CREPE AND CAKE,,THE CREPE AND CAKE,False,True,1
THE DINING ROOM / THE CHAMPAGNE & CAVIAR BAR AT RH GUESTHOUSE,THE DINING ROOM THE CHAMPAGNE AND CAVIAR BAR AT RH GUESTHOUSE,THE DINING ROOM THE CHAMPAGNE AND CAVIAR BAR AT RH GUESTHOUSE,,THE DINING ROOM THE CHAMPAGNE AND CAVIAR BAR AT RH GUESTHOUSE,False,True,1
THE ELEANOR'S EK RESTAURANT & BAR,THE ELEANORS EK RESTAURANT AND BAR,THE ELEANORS EK RESTAURANT AND BAR,,THE ELEANORS EK RESTAURANT AND BAR,False,True,1
THE FIFTH AVENUE HOTEL & CAFE CARMELLINI,THE FIFTH AVENUE HOTEL AND CAFE CARMELLINI,THE FIFTH AVENUE HOTEL AND CAFE CARMELLINI,,THE FIFTH AVENUE HOTEL AND CAFE CARMELLINI,False,True,1
THE FLEUR ROOM / LUCHINI / CAFE D'AVIGNON / LOBBY BAR,THE FLEUR ROOM LUCHINI CAFE DAVIGNON LOBBY BAR,THE FLEUR ROOM LUCHINI CAFE DAVIGNON LOBBY BAR,,THE FLEUR ROOM LUCHINI CAFE DAVIGNON LOBBY BAR,False,True,1
THE FORT WASHINGTON BAKERY AND DELI,THE FORT WASHINGTON BAKERY AND DELI,THE FORT WASHINGTON BAKERY AND DELI,,THE FORT WASHINGTON BAKERY AND DELI,False,True,1
THE GARDEN BAR & GRILL,THE GARDEN BAR AND GRILL,THE GARDEN BAR AND GRILL,,THE GARDEN BAR AND GRILL,False,True,1
THE GRAHAM PIZZA & CHICKEN,THE GRAHAM PIZZA AND CHICKEN,THE GRAHAM PIZZA AND CHICKEN,,THE GRAHAM PIZZA AND CHICKEN,False,True,1
THE GREEN PLACE AFRICAN CUISINE AND RESTAURANT,THE GREEN PLACE AFRICAN CUISINE AND RESTAURANT,THE GREEN PLACE AFRICAN CUISINE AND RESTAURANT,,THE GREEN PLACE AFRICAN CUISINE AND RESTAURANT,False,True,1
THE GRILL / THE POOL,THE GRILL THE POOL,THE GRILL THE POOL,,THE GRILL THE POOL,False,True,1
THE GROVE LANTERN / GOLDFINCH CAFE,THE GROVE LANTERN GOLDFINCH CAFE,THE GROVE LANTERN GOLDFINCH CAFE,,THE GROVE LANTERN GOLDFINCH CAFE,False,True,1
THE HALF PINT / ERNIE'S BAR,THE HALF PINT ERNIES BAR,THE HALF PINT ERNIES BAR,,THE HALF PINT ERNIES BAR,False,True,1
THE HEIGHTS BAR & GRILL,THE HEIGHTS BAR AND GRILL,THE HEIGHTS BAR AND GRILL,,THE HEIGHTS BAR AND GRILL,False,True,1
THE HIGH NOTE / POPCHEW,THE HIGH NOTE POPCHEW,THE HIGH NOTE POPCHEW,,THE HIGH NOTE POPCHEW,False,True,1
THE HOT SPOT BBQ & GRILL,THE HOT SPOT BBQ AND GRILL,THE HOT SPOT BBQ AND GRILL,,THE HOT SPOT BBQ AND GRILL,False,True,1
THE HUMMUS & PITA CO.,THE HUMMUS AND PITA CO,THE HUMMUS AND PITA CO,,THE HUMMUS AND PITA CO,False,True,2
THE IVY COFFEE & BAKERY,THE IVY COFFEE AND BAKERY,THE IVY COFFEE AND BAKERY,,THE IVY COFFEE AND BAKERY,False,True,1
THE JUICE SHOP / NORM'S PIZZA,THE JUICE SHOP NORMS PIZZA,THE JUICE SHOP NORMS PIZZA,,THE JUICE SHOP NORMS PIZZA,False,True,1
THE LAVISH BAR & LOUNGE,THE LAVISH BAR AND LOUNGE,THE LAVISH BAR AND LOUNGE,,THE LAVISH BAR AND LOUNGE,False,True,1
THE LITTLE BEET / MELT SHOP,THE LITTLE BEET MELT SHOP,THE LITTLE BEET MELT SHOP,,THE LITTLE BEET MELT SHOP,False,True,1
THE LITTLE OWL / CHEF'S ROOM,THE LITTLE OWL CHEFS ROOM,THE LITTLE OWL CHEFS ROOM,,THE LITTLE OWL CHEFS ROOM,False,True,1
THE LOST & FOUND,THE LOST AND FOUND,THE LOST AND FOUND,,THE LOST AND FOUND,False,True,1
THE LUXURY COLLECTION HOTEL (EMPLOYEE DININGN ROOM AND PASTRY),THE LUXURY COLLECTION HOTEL EMPLOYEE DININGN ROOM AND PASTRY,THE LUXURY COLLECTION HOTEL EMPLOYEE DININGN ROOM AND PASTRY,,THE LUXURY COLLECTION HOTEL EMPLOYEE DININGN ROOM AND PASTRY,False,True,1
THE MET MUSEUM-BALCONY CAFE & LOUNGE,THE MET MUSEUM BALCONY CAFE AND LOUNGE,THE MET MUSEUM BALCONY CAFE AND LOUNGE,,THE MET MUSEUM BALCONY CAFE AND LOUNGE,False,True,1
THE MILLENNIUM RESTAURANT AND BAKERY,THE MILLENNIUM RESTAURANT AND BAKERY,THE MILLENNIUM RESTAURANT AND BAKERY,,THE MILLENNIUM RESTAURANT AND BAKERY,False,True,1
THE MOSS & GREEN GARDEN LLC,THE MOSS AND GREEN GARDEN,THE MOSS AND GREEN GARDEN,,THE MOSS AND GREEN GARDEN,False,True,1
THE NEW YORK AND PRESBYTERIAN HOSPITAL,THE NEW YORK AND PRESBYTERIAN HOSPITAL,THE NEW YORK AND PRESBYTERIAN HOSPITAL,,THE NEW YORK AND PRESBYTERIAN HOSPITAL,False,True,1
THE OVAL SPORTS BAR & LOUNGE,THE OVAL SPORTS BAR AND LOUNGE,THE OVAL SPORTS BAR AND LOUNGE,,THE OVAL SPORTS BAR AND LOUNGE,False,True,1
THE PALMS WEST INDIAN & AMERICAN CUISINE,THE PALMS WEST INDIAN AND AMERICAN CUISINE,THE PALMS WEST INDIAN AND AMERICAN CUISINE,,THE PALMS WEST INDIAN AND AMERICAN CUISINE,False,True,1
THE PARLIAMENT / BENJAMIN ROYAL SONESTA HOTEL,THE PARLIAMENT BENJAMIN ROYAL SONESTA HOTEL,THE PARLIAMENT BENJAMIN ROYAL SONESTA HOTEL,,THE PARLIAMENT BENJAMIN ROYAL SONESTA HOTEL,False,True,1
"THE PENINSULA NEW YORK, CLEMENT/ THE GOTHAM LOUNGE/ PENT TOP",THE PENINSULA NEW YORK CLEMENT THE GOTHAM LOUNGE PENT TOP,THE PENINSULA NEW YORK CLEMENT THE GOTHAM LOUNGE PENT TOP,,THE PENINSULA NEW YORK CLEMENT THE GOTHAM LOUNGE PENT TOP,False,True,1
THE PENNY FARTHING & Linen Hall,THE PENNY FARTHING AND LINEN HALL,THE PENNY FARTHING AND LINEN HALL,,THE PENNY FARTHING AND LINEN HALL,False,True,1
THE PIZZA PLACE & RESTAURANT,THE PIZZA PLACE AND RESTAURANT,THE PIZZA PLACE AND RESTAURANT,,THE PIZZA PLACE AND RESTAURANT,False,True,1
THE PLEAT CAFE AND BAR,THE PLEAT CAFE AND BAR,THE PLEAT CAFE AND BAR,,THE PLEAT CAFE AND BAR,False,True,1
THE POINT CAFE & GRILL,THE POINT CAFE AND GRILL,THE POINT CAFE AND GRILL,,THE POINT CAFE AND GRILL,False,True,1
"THE PRIME RIB, DUNKIN DONUTS - FA8040 (CA8041)",THE PRIME RIB DUNKIN DONUTS FA8040 CA8041,THE PRIME RIB DUNKIN DONUTS FA8040 CA8041,DUNKIN,THE PRIME RIB DUNKIN DONUTS FA8040 CA8041,False,True,1
THE RABBIT BOOKS AND BAR,THE RABBIT BOOKS AND BAR,THE RABBIT BOOKS AND BAR,,THE RABBIT BOOKS AND BAR,False,True,1
"THE RAG TRADER, BOPEEP BAR",THE RAG TRADER BOPEEP BAR,THE RAG TRADER BOPEEP BAR,,THE RAG TRADER BOPEEP BAR,False,True,1
THE RAIL BAR & GRILL,THE RAIL BAR AND GRILL,THE RAIL BAR AND GRILL,,THE RAIL BAR AND GRILL,False,True,1
THE RED DOORS BAR AND GRILL,THE RED DOORS BAR AND GRILL,THE RED DOORS BAR AND GRILL,,THE RED DOORS BAR AND GRILL,False,True,1
THE REGENCY BAR & GRILL / SANT AMBROEUS,THE REGENCY BAR AND GRILL SANT AMBROEUS,THE REGENCY BAR AND GRILL SANT AMBROEUS,,THE REGENCY BAR AND GRILL SANT AMBROEUS,False,True,1
THE RINKSIDE & LODGE BAR,THE RINKSIDE AND LODGE BAR,THE RINKSIDE AND LODGE BAR,,THE RINKSIDE AND LODGE BAR,False,True,1
"THE RITZ-CARLTON HOTEL, AUDEN",THE RITZ CARLTON HOTEL AUDEN,THE RITZ CARLTON HOTEL AUDEN,,THE RITZ CARLTON HOTEL AUDEN,False,True,1
THE ROCK BILLIARD AND BAR,THE ROCK BILLIARD AND BAR,THE ROCK BILLIARD AND BAR,,THE ROCK BILLIARD AND BAR,False,True,1
THE ROCK HOUSE BAR & GRILL,THE ROCK HOUSE BAR AND GRILL,THE ROCK HOUSE BAR AND GRILL,,THE ROCK HOUSE BAR AND GRILL,False,True,1
THE ROXY HOTEL / THE DJANGO / PAUL'S COCKTAIL LOUNGE,THE ROXY HOTEL THE DJANGO PAULS COCKTAIL LOUNGE,THE ROXY HOTEL THE DJANGO PAULS COCKTAIL LOUNGE,,THE ROXY HOTEL THE DJANGO PAULS COCKTAIL LOUNGE,False,True,1
THE SECOND CITY / THE BRENTWOOD,THE SECOND CITY THE BRENTWOOD,THE SECOND CITY THE BRENTWOOD,,THE SECOND CITY THE BRENTWOOD,False,True,1
THE SPOTTED DOG / CULTURE IN A BOWL,THE SPOTTED DOG CULTURE IN A BOWL,THE SPOTTED DOG CULTURE IN A BOWL,,THE SPOTTED DOG CULTURE IN A BOWL,False,True,1
THE SQUARE/ CLUB 5X,THE SQUARE CLUB 5X,THE SQUARE CLUB 5X,,THE SQUARE CLUB 5X,False,True,1
THE STANDARD BIERGARTEN / THE STANDARD GRILL / THE STANDARD SODA SHOP,THE STANDARD BIERGARTEN THE STANDARD GRILL THE STANDARD SODA SHOP,THE STANDARD BIERGARTEN THE STANDARD GRILL THE STANDARD SODA SHOP,,THE STANDARD BIERGARTEN THE STANDARD GRILL THE STANDARD SODA SHOP,False,True,1
THE SWALLOW CAFE & ESPRESSO BAR,THE SWALLOW CAFE AND ESPRESSO BAR,THE SWALLOW CAFE AND ESPRESSO BAR,,THE SWALLOW CAFE AND ESPRESSO BAR,False,True,1
THE TERRACE / PARADISE CLUB / LOBBY BAR,THE TERRACE PARADISE CLUB LOBBY BAR,THE TERRACE PARADISE CLUB LOBBY BAR,,THE TERRACE PARADISE CLUB LOBBY BAR,False,True,1
THE TUCK ROOM / IPIC THEATERS,THE TUCK ROOM IPIC THEATERS,THE TUCK ROOM IPIC THEATERS,,THE TUCK ROOM IPIC THEATERS,False,True,1
THE TYGER / SOUTH SOHO BAR,THE TYGER SOUTH SOHO BAR,THE TYGER SOUTH SOHO BAR,,THE TYGER SOUTH SOHO BAR,False,True,1
THE U BAR AND GRILL,THE U BAR AND GRILL,THE U BAR AND GRILL,,THE U BAR AND GRILL,False,True,1
THE UP & UP,THE UP AND UP,THE UP AND UP,,THE UP AND UP,False,True,1
THE WOODS / DOMINGO'S,THE WOODS DOMINGOS,THE WOODS DOMINGOS,,THE WOODS DOMINGOS,False,True,1
THICK & THIN,THICK AND THIN,THICK AND THIN,,THICK AND THIN,False,True,1
THREE BROTHERS PIZZERIA & RESTAURANT,THREE BROTHERS PIZZERIA AND RESTAURANT,THREE BROTHERS PIZZERIA AND RESTAURANT,,THREE BROTHERS PIZZERIA AND RESTAURANT,False,True,1
THREES BREWING / NINTH STREET ESPRESSO,THREES BREWING NINTH STREET ESPRESSO,THREES BREWING NINTH STREET ESPRESSO,,THREES BREWING NINTH STREET ESPRESSO,False,True,1
TIAN FU B.B.Q. Restaurant/GUOQUON 1,TIAN FU B B Q RESTAURANT GUOQUON 1,TIAN FU B B Q RESTAURANT GUOQUON 1,,TIAN FU B B Q RESTAURANT GUOQUON 1,False,True,1
TICK TOCK DINER/ BUTCHER AND THE BANKER,TICK TOCK DINER BUTCHER AND THE BANKER,TICK TOCK DINER BUTCHER AND THE BANKER,,TICK TOCK DINER BUTCHER AND THE BANKER,False,True,1
"TIDAL GUYS, INC",TIDAL GUYS,TIDAL GUYS,,TIDAL GUYS,False,True,1
TIFFANY AND CO. (EMPLOYEE CAFETERIA),TIFFANY AND CO EMPLOYEE CAFETERIA,TIFFANY AND CO EMPLOYEE CAFETERIA,,TIFFANY AND CO EMPLOYEE CAFETERIA,False,True,1
TIGRE'S PIZZA & RESTAURANT,TIGRES PIZZA AND RESTAURANT,TIGRES PIZZA AND RESTAURANT,,TIGRES PIZZA AND RESTAURANT,False,True,1
TIME AND TIDE,TIME AND TIDE,TIME AND TIDE,,TIME AND TIDE,False,True,1
TIMES DELI & CAFE,TIMES DELI AND CAFE,TIMES DELI AND CAFE,,TIMES DELI AND CAFE,False,True,1
TIMES SQUARE DINER & GRILL,TIMES SQUARE DINER AND GRILL,TIMES SQUARE DINER AND GRILL,,TIMES SQUARE DINER AND GRILL,False,True,1
TIN MARIN RESTAURANT & LOUNGE,TIN MARIN RESTAURANT AND LOUNGE,TIN MARIN RESTAURANT AND LOUNGE,,TIN MARIN RESTAURANT AND LOUNGE,False,True,1
TINTO TAPAS RESTAURANT & WINE BAR,TINTO TAPAS RESTAURANT AND WINE BAR,TINTO TAPAS RESTAURANT AND WINE BAR,,TINTO TAPAS RESTAURANT AND WINE BAR,False,True,1
TINY TAPAS & BITES,TINY TAPAS AND BITES,TINY TAPAS AND BITES,,TINY TAPAS AND BITES,False,True,1
TINY'S & THE BAR UPSTAIRS,TINYS AND THE BAR UPSTAIRS,TINYS AND THE BAR UPSTAIRS,,TINYS AND THE BAR UPSTAIRS,False,True,1
TIPSY BAR & LOUNGE,TIPSY BAR AND LOUNGE,TIPSY BAR AND LOUNGE,,TIPSY BAR AND LOUNGE,False,True,1
TOAST & ROAST,TOAST AND ROAST,TOAST AND ROAST,,TOAST AND ROAST,False,True,1
TOASTIES / HUMBOWL,TOASTIES HUMBOWL,TOASTIES HUMBOWL,,TOASTIES HUMBOWL,False,True,1
TODOSANTOS CAFE & GRILL,TODOSANTOS CAFE AND GRILL,TODOSANTOS CAFE AND GRILL,,TODOSANTOS CAFE AND GRILL,False,True,1
TOKUYAMATCHA & ONIGIRAZU BAR,TOKUYAMATCHA AND ONIGIRAZU BAR,TOKUYAMATCHA AND ONIGIRAZU BAR,,TOKUYAMATCHA AND ONIGIRAZU BAR,False,True,1
TOKUYAMATCHA & ONIGIRAZU BAR NYC,TOKUYAMATCHA AND ONIGIRAZU BAR NYC,TOKUYAMATCHA AND ONIGIRAZU BAR NYC,,TOKUYAMATCHA AND ONIGIRAZU BAR NYC,False,True,1
TOKYO HIBACHI STEAK HOUSE & SUSHI,TOKYO HIBACHI STEAK HOUSE AND SUSHI,TOKYO HIBACHI STEAK HOUSE AND SUSHI,,TOKYO HIBACHI STEAK HOUSE AND SUSHI,False,True,1
TOM & JERRY'S,TOM AND JERRYS,TOM AND JERRYS,,TOM AND JERRYS,False,True,1
TOM & JOAN'S,TOM AND JOANS,TOM AND JOANS,,TOM AND JOANS,False,True,1
TOMMY BAHAMA RESTAURANT & BAR,TOMMY BAHAMA RESTAURANT AND BAR,TOMMY BAHAMA RESTAURANT AND BAR,,TOMMY BAHAMA RESTAURANT AND BAR,False,True,1
TOMMY'S BAR & BURGER,TOMMYS BAR AND BURGER,TOMMYS BAR AND BURGER,,TOMMYS BAR AND BURGER,False,True,1
TOMMY'S PIZZA & RESTAURANT,TOMMYS PIZZA AND RESTAURANT,TOMMYS PIZZA AND RESTAURANT,,TOMMYS PIZZA AND RESTAURANT,False,True,1
TOMMY'S TAVERN & TAP,TOMMYS TAVERN AND TAP,TOMMYS TAVERN AND TAP,,TOMMYS TAVERN AND TAP,False,True,1
TONE AUTHENTIC GEORGIAN BAKERY & CUISINE,TONE AUTHENTIC GEORGIAN BAKERY AND CUISINE,TONE AUTHENTIC GEORGIAN BAKERY AND CUISINE,,TONE AUTHENTIC GEORGIAN BAKERY AND CUISINE,False,True,1
TONY & TINA'S PIZZA,TONY AND TINAS PIZZA,TONY AND TINAS PIZZA,,TONY AND TINAS PIZZA,False,True,1
"TONY'S PIZZA, JERK CHICKEN AND FISH",TONYS PIZZA JERK CHICKEN AND FISH,TONYS PIZZA JERK CHICKEN AND FISH,,TONYS PIZZA JERK CHICKEN AND FISH,False,True,1
TONY’S BY JOE & JOHN’S,TONYS BY JOE AND JOHNS,TONYS BY JOE AND JOHNS,,TONYS BY JOE AND JOHNS,False,True,1
TOOT CAFE & JUICE BAR,TOOT CAFE AND JUICE BAR,TOOT CAFE AND JUICE BAR,,TOOT CAFE AND JUICE BAR,False,True,1
TOOTLES & FRENCH,TOOTLES AND FRENCH,TOOTLES AND FRENCH,,TOOTLES AND FRENCH,False,True,1
TOPAZE RESTAURANT & JERK CHICKEN,TOPAZE RESTAURANT AND JERK CHICKEN,TOPAZE RESTAURANT AND JERK CHICKEN,,TOPAZE RESTAURANT AND JERK CHICKEN,False,True,1
TORINO PIZZA & PASTA,TORINO PIZZA AND PASTA,TORINO PIZZA AND PASTA,,TORINO PIZZA AND PASTA,False,True,1
TORINO'S PIZZA AND PASTA,TORINOS PIZZA AND PASTA,TORINOS PIZZA AND PASTA,,TORINOS PIZZA AND PASTA,False,True,1
TORTILLERIA GUADALUPE & TAQUERIA,TORTILLERIA GUADALUPE AND TAQUERIA,TORTILLERIA GUADALUPE AND TAQUERIA,,TORTILLERIA GUADALUPE AND TAQUERIA,False,True,1
TORTOISE & HARE,TORTOISE AND HARE,TORTOISE AND HARE,,TORTOISE AND HARE,False,True,1
TOST & GRILL,TOST AND GRILL,TOST AND GRILL,,TOST AND GRILL,False,True,1
TOTOLIN ROTISSERIE CHICKEN / KAFE,TOTOLIN ROTISSERIE CHICKEN KAFE,TOTOLIN ROTISSERIE CHICKEN KAFE,,TOTOLIN ROTISSERIE CHICKEN KAFE,False,True,1
TOURMALINE / MY KITCHEN,TOURMALINE MY KITCHEN,TOURMALINE MY KITCHEN,,TOURMALINE MY KITCHEN,False,True,1
TOWN DELI & CONVENIENCE INCORPORATED,TOWN DELI AND CONVENIENCE,TOWN DELI AND CONVENIENCE,,TOWN DELI AND CONVENIENCE,False,True,1
TOWNE DELI & PIZZA,TOWNE DELI AND PIZZA,TOWNE DELI AND PIZZA,,TOWNE DELI AND PIZZA,False,True,1
TOWNHOUSE 275/ OISHI NYC,TOWNHOUSE 275 OISHI NYC,TOWNHOUSE 275 OISHI NYC,,TOWNHOUSE 275 OISHI NYC,False,True,1
TRACKS RAW BAR & GRILL,TRACKS RAW BAR AND GRILL,TRACKS RAW BAR AND GRILL,,TRACKS RAW BAR AND GRILL,False,True,1
TRACKSIDE BAR&GRILL,TRACKSIDE BAR AND GRILL,TRACKSIDE BAR AND GRILL,,TRACKSIDE BAR AND GRILL,False,True,1
TRAVELERS POETS & FRIENDS,TRAVELERS POETS AND FRIENDS,TRAVELERS POETS AND FRIENDS,,TRAVELERS POETS AND FRIENDS,False,True,1
TREADWELL PARK / BLACK HOUND,TREADWELL PARK BLACK HOUND,TREADWELL PARK BLACK HOUND,,TREADWELL PARK BLACK HOUND,False,True,1
"TREAT YOURSELF JERK, LLC",TREAT YOURSELF JERK,TREAT YOURSELF JERK,,TREAT YOURSELF JERK,False,True,1
"TRES EMPANADAS NYC, LLC",TRES EMPANADAS NYC,TRES EMPANADAS NYC,,TRES EMPANADAS NYC,False,True,1
TRINCITI ROTI SHOP & RESTAURANT,TRINCITI ROTI SHOP AND RESTAURANT,TRINCITI ROTI SHOP AND RESTAURANT,,TRINCITI ROTI SHOP AND RESTAURANT,False,True,1
TRINI KITCHEN SEAFOOD & GRILL,TRINI KITCHEN SEAFOOD AND GRILL,TRINI KITCHEN SEAFOOD AND GRILL,,TRINI KITCHEN SEAFOOD AND GRILL,False,True,1
TRINI/ISLAND BURGER,TRINI ISLAND BURGER,TRINI ISLAND BURGER,,TRINI ISLAND BURGER,False,True,1
TRINIJAM BK ROTI BAR & GRILL,TRINIJAM BK ROTI BAR AND GRILL,TRINIJAM BK ROTI BAR AND GRILL,,TRINIJAM BK ROTI BAR AND GRILL,False,True,1
TRINITY PLACE BAR & RESTAURANT,TRINITY PLACE BAR AND RESTAURANT,TRINITY PLACE BAR AND RESTAURANT,,TRINITY PLACE BAR AND RESTAURANT,False,True,1
TRIPLE Z'S BAR & LOUNGE,TRIPLE ZS BAR AND LOUNGE,TRIPLE ZS BAR AND LOUNGE,,TRIPLE ZS BAR AND LOUNGE,False,True,1
TRIPOLI / SWALLOW CAFE,TRIPOLI SWALLOW CAFE,TRIPOLI SWALLOW CAFE,,TRIPOLI SWALLOW CAFE,False,True,1
TROPIC DELI & GRILL,TROPIC DELI AND GRILL,TROPIC DELI AND GRILL,,TROPIC DELI AND GRILL,False,True,1
TROPICAL ISLE ROTI SHOP & BAKERY,TROPICAL ISLE ROTI SHOP AND BAKERY,TROPICAL ISLE ROTI SHOP AND BAKERY,,TROPICAL ISLE ROTI SHOP AND BAKERY,False,True,1
TROPICAL RESTAURANT/GO NATURAL,TROPICAL RESTAURANT GO NATURAL,TROPICAL RESTAURANT GO NATURAL,,TROPICAL RESTAURANT GO NATURAL,False,True,1
TROPICAL TASTE BAKERY AND RESTAURANT,TROPICAL TASTE BAKERY AND RESTAURANT,TROPICAL TASTE BAKERY AND RESTAURANT,,TROPICAL TASTE BAKERY AND RESTAURANT,False,True,1
TROPICAL TASTE RESTAURANT & BAKERY,TROPICAL TASTE RESTAURANT AND BAKERY,TROPICAL TASTE RESTAURANT AND BAKERY,,TROPICAL TASTE RESTAURANT AND BAKERY,False,True,1
TROPICAL TASTE RESTAURANT AND BAKERY,TROPICAL TASTE RESTAURANT AND BAKERY,TROPICAL TASTE RESTAURANT AND BAKERY,,TROPICAL TASTE RESTAURANT AND BAKERY,False,True,1
TROPIX BAR & LOUNGE,TROPIX BAR AND LOUNGE,TROPIX BAR AND LOUNGE,,TROPIX BAR AND LOUNGE,False,True,1
TROVE WINE BAR / BRIX HAUS BROOKLYN,TROVE WINE BAR BRIX HAUS BROOKLYN,TROVE WINE BAR BRIX HAUS BROOKLYN,,TROVE WINE BAR BRIX HAUS BROOKLYN,False,True,1
TROYKA / DA MIKELLE PALACE / MIKELLE CORNER,TROYKA DA MIKELLE PALACE MIKELLE CORNER,TROYKA DA MIKELLE PALACE MIKELLE CORNER,,TROYKA DA MIKELLE PALACE MIKELLE CORNER,False,True,1
TRUFFLE & CO.,TRUFFLE AND CO,TRUFFLE AND CO,,TRUFFLE AND CO,False,True,1
TRUMP CAFE & GRILL,TRUMP CAFE AND GRILL,TRUMP CAFE AND GRILL,,TRUMP CAFE AND GRILL,False,True,1
TRUTH RESTAURANT AND LOUNGE,TRUTH RESTAURANT AND LOUNGE,TRUTH RESTAURANT AND LOUNGE,,TRUTH RESTAURANT AND LOUNGE,False,True,1
TRUVA CAFE & GRILL,TRUVA CAFE AND GRILL,TRUVA CAFE AND GRILL,,TRUVA CAFE AND GRILL,False,True,1
"TS DEV MPD II, LLC",TS DEV MPD II,TS DEV MPD II,,TS DEV MPD II,False,True,1
TSAOCAA / BBQ CHICKEN,TSAOCAA BBQ CHICKEN,TSAOCAA BBQ CHICKEN,,TSAOCAA BBQ CHICKEN,False,True,1
TSION CAFE & BAKERY,TSION CAFE AND BAKERY,TSION CAFE AND BAKERY,,TSION CAFE AND BAKERY,False,True,1
TULIPS AND SIPS,TULIPS AND SIPS,TULIPS AND SIPS,,TULIPS AND SIPS,False,True,1
"TUNG KONG RESTAURANT, INC.",TUNG KONG RESTAURANT,TUNG KONG RESTAURANT,,TUNG KONG RESTAURANT,False,True,1
TURKS & FROGS,TURKS AND FROGS,TURKS AND FROGS,,TURKS AND FROGS,False,True,1
TURNTABLE CHICKEN & ROCK,TURNTABLE CHICKEN AND ROCK,TURNTABLE CHICKEN AND ROCK,,TURNTABLE CHICKEN AND ROCK,False,True,1
TUTI LOUNGE & BAR / ONE ONE FOUR / BALCON ROOFTOP,TUTI LOUNGE AND BAR ONE ONE FOUR BALCON ROOFTOP,TUTI LOUNGE AND BAR ONE ONE FOUR BALCON ROOFTOP,,TUTI LOUNGE AND BAR ONE ONE FOUR BALCON ROOFTOP,False,True,1
TUTTO CALCIO ESPRESSO BAR / GIOVANNA'S KITCHEN,TUTTO CALCIO ESPRESSO BAR GIOVANNAS KITCHEN,TUTTO CALCIO ESPRESSO BAR GIOVANNAS KITCHEN,,TUTTO CALCIO ESPRESSO BAR GIOVANNAS KITCHEN,False,True,1
TWA HOTEL-SUNKEN LOUNGE / CONNIE - Terminal 5,TWA HOTEL SUNKEN LOUNGE CONNIE TERMINAL 5,TWA HOTEL SUNKEN LOUNGE CONNIE TERMINAL 5,,TWA HOTEL SUNKEN LOUNGE CONNIE TERMINAL 5,False,True,1
TWIST BAR & LOUNGE,TWIST BAR AND LOUNGE,TWIST BAR AND LOUNGE,,TWIST BAR AND LOUNGE,False,True,1
TWISTED KNOT CAFE & LOUNGE,TWISTED KNOT CAFE AND LOUNGE,TWISTED KNOT CAFE AND LOUNGE,,TWISTED KNOT CAFE AND LOUNGE,False,True,1
TWO BROTHERS FISH & CHIPS,TWO BROTHERS FISH AND CHIPS,TWO BROTHERS FISH AND CHIPS,,TWO BROTHERS FISH AND CHIPS,False,True,1
TWO IN ONE AMERICAN AND MEXICAN FOOD,TWO IN ONE AMERICAN AND MEXICAN FOOD,TWO IN ONE AMERICAN AND MEXICAN FOOD,,TWO IN ONE AMERICAN AND MEXICAN FOOD,False,True,1
TWO8TWO BAR & BURGER,TWO8TWO BAR AND BURGER,TWO8TWO BAR AND BURGER,,TWO8TWO BAR AND BURGER,False,True,1
Teriyaki One Japanese Grill (Teriyaki & Sushi),TERIYAKI ONE JAPANESE GRILL TERIYAKI AND SUSHI,TERIYAKI ONE JAPANESE GRILL TERIYAKI AND SUSHI,,TERIYAKI ONE JAPANESE GRILL TERIYAKI AND SUSHI,False,True,1
Texas Chicken and Burger,TEXAS CHICKEN AND BURGER,TEXAS CHICKEN AND BURGER,,TEXAS CHICKEN AND BURGER,False,True,1
The Ritz Bar and Lounge,THE RITZ BAR AND LOUNGE,THE RITZ BAR AND LOUNGE,,THE RITZ BAR AND LOUNGE,False,True,1
The Row Harlem juice bar and bowls,THE ROW HARLEM JUICE BAR AND BOWLS,THE ROW HARLEM JUICE BAR AND BOWLS,,THE ROW HARLEM JUICE BAR AND BOWLS,False,True,1
Tracks Raw Bar & Grill,TRACKS RAW BAR AND GRILL,TRACKS RAW BAR AND GRILL,,TRACKS RAW BAR AND GRILL,False,True,1
U & I RESTAURANT,U AND I RESTAURANT,U AND I RESTAURANT,,U AND I RESTAURANT,False,True,1
U BAR & RESTAURANT,U BAR AND RESTAURANT,U BAR AND RESTAURANT,,U BAR AND RESTAURANT,False,True,1
UGLY DONUTS & CORN DOGS,UGLY DONUTS AND CORN DOGS,UGLY DONUTS AND CORN DOGS,,UGLY DONUTS AND CORN DOGS,False,True,1
UGLY DONUTS & CORN DOGS CAFE,UGLY DONUTS AND CORN DOGS CAFE,UGLY DONUTS AND CORN DOGS CAFE,,UGLY DONUTS AND CORN DOGS CAFE,False,True,1
UHC ADULT DAY PROGRAM AND TRANSPORTATION SERVICES,UHC ADULT DAY PROGRAM AND TRANSPORTATION SERVICES,UHC ADULT DAY PROGRAM AND TRANSPORTATION SERVICES,,UHC ADULT DAY PROGRAM AND TRANSPORTATION SERVICES,False,True,1
UMAMI ASIAN WOK AND NOODLE,UMAMI ASIAN WOK AND NOODLE,UMAMI ASIAN WOK AND NOODLE,,UMAMI ASIAN WOK AND NOODLE,False,True,1
UMI HOTPOT SUSHI & SEAFOOD BUFFET,UMI HOTPOT SUSHI AND SEAFOOD BUFFET,UMI HOTPOT SUSHI AND SEAFOOD BUFFET,,UMI HOTPOT SUSHI AND SEAFOOD BUFFET,False,True,2
UMI POKE & WOK,UMI POKE AND WOK,UMI POKE AND WOK,,UMI POKE AND WOK,False,True,1
UMI SUSHI & SEAFOOD BUFFET,UMI SUSHI AND SEAFOOD BUFFET,UMI SUSHI AND SEAFOOD BUFFET,,UMI SUSHI AND SEAFOOD BUFFET,False,True,1
UMI SUSHI BAR & TERIYAKI GRILL,UMI SUSHI BAR AND TERIYAKI GRILL,UMI SUSHI BAR AND TERIYAKI GRILL,,UMI SUSHI BAR AND TERIYAKI GRILL,False,True,1
UNCLE LOUIE G’S ITALIAN ICES & ICE CREAM,UNCLE LOUIE GS ITALIAN ICES AND ICE CREAM,UNCLE LOUIE GS ITALIAN ICES AND ICE CREAM,,UNCLE LOUIE GS ITALIAN ICES AND ICE CREAM,False,True,1
UNCLE ROGERS BAR/LACEY BURGER,UNCLE ROGERS BAR LACEY BURGER,UNCLE ROGERS BAR LACEY BURGER,,UNCLE ROGERS BAR LACEY BURGER,False,True,1
UNCLE SAL'S BURGERS AND WINGS/UNCLE LOUIE G ITALIAN ICES AND ICE CREAM,UNCLE SALS BURGERS AND WINGS UNCLE LOUIE G ITALIAN ICES AND ICE CREAM,UNCLE SALS BURGERS AND WINGS UNCLE LOUIE G ITALIAN ICES AND ICE CREAM,,UNCLE SALS BURGERS AND WINGS UNCLE LOUIE G ITALIAN ICES AND ICE CREAM,False,True,1
UNCUTT BAR & RESTAURANT,UNCUTT BAR AND RESTAURANT,UNCUTT BAR AND RESTAURANT,,UNCUTT BAR AND RESTAURANT,False,True,1
UNDERHILL CAFE AND GRILL,UNDERHILL CAFE AND GRILL,UNDERHILL CAFE AND GRILL,,UNDERHILL CAFE AND GRILL,False,True,1
"UNICARE ADULT DAYCARE, INC.",UNICARE ADULT DAYCARE,UNICARE ADULT DAYCARE,,UNICARE ADULT DAYCARE,False,True,1
UNION BISTRO STEAKHOUSE AND SUSHI,UNION BISTRO STEAKHOUSE AND SUSHI,UNION BISTRO STEAKHOUSE AND SUSHI,,UNION BISTRO STEAKHOUSE AND SUSHI,False,True,1
UNION SQUARE CAFE/ DAILY PROVISIONS,UNION SQUARE CAFE DAILY PROVISIONS,UNION SQUARE CAFE DAILY PROVISIONS,,UNION SQUARE CAFE DAILY PROVISIONS,False,True,1
UNION SQUARE SPORTS & ENTERTAINMENT AT THEATRE FOR A NEW AUDIENCE,UNION SQUARE SPORTS AND ENTERTAINMENT AT THEATRE FOR A NEW AUDIENCE,UNION SQUARE SPORTS AND ENTERTAINMENT AT THEATRE FOR A NEW AUDIENCE,,UNION SQUARE SPORTS AND ENTERTAINMENT AT THEATRE FOR A NEW AUDIENCE,False,True,1
UNIQUE CREPES & DELI,UNIQUE CREPES AND DELI,UNIQUE CREPES AND DELI,,UNIQUE CREPES AND DELI,False,True,1
UNITED BAR & RESTAURANT CORPORATION,UNITED BAR AND RESTAURANT,UNITED BAR AND RESTAURANT,,UNITED BAR AND RESTAURANT,False,True,1
UNITED GROCERY & DELI,UNITED GROCERY AND DELI,UNITED GROCERY AND DELI,,UNITED GROCERY AND DELI,False,True,1
UNO CAFE & BILLIARDS,UNO CAFE AND BILLIARDS,UNO CAFE AND BILLIARDS,,UNO CAFE AND BILLIARDS,False,True,1
UPCAKE SUPPLIES AND TREAT SHOP,UPCAKE SUPPLIES AND TREAT SHOP,UPCAKE SUPPLIES AND TREAT SHOP,,UPCAKE SUPPLIES AND TREAT SHOP,False,True,1
UPSIDE PIZZA/SOFTSIDE,UPSIDE PIZZA SOFTSIDE,UPSIDE PIZZA SOFTSIDE,,UPSIDE PIZZA SOFTSIDE,False,True,1
UPSTAIRS / BISTANGO,UPSTAIRS BISTANGO,UPSTAIRS BISTANGO,,UPSTAIRS BISTANGO,False,True,1
UPSTATE CRAFT BEER & OYSTER BAR,UPSTATE CRAFT BEER AND OYSTER BAR,UPSTATE CRAFT BEER AND OYSTER BAR,,UPSTATE CRAFT BEER AND OYSTER BAR,False,True,1
UPTOWN JUICE & VEG,UPTOWN JUICE AND VEG,UPTOWN JUICE AND VEG,,UPTOWN JUICE AND VEG,False,True,1
UPWELL/ GAIR,UPWELL GAIR,UPWELL GAIR,,UPWELL GAIR,False,True,1
URBAN COVE SOCIETY & KITCHEN,URBAN COVE SOCIETY AND KITCHEN,URBAN COVE SOCIETY AND KITCHEN,,URBAN COVE SOCIETY AND KITCHEN,False,True,1
URBANA CAFE & GALLERY,URBANA CAFE AND GALLERY,URBANA CAFE AND GALLERY,,URBANA CAFE AND GALLERY,False,True,1
URCHIN & PEARL,URCHIN AND PEARL,URCHIN AND PEARL,,URCHIN AND PEARL,False,True,1
US FRIED CHICKEN & PIZZA,US FRIED CHICKEN AND PIZZA,US FRIED CHICKEN AND PIZZA,,US FRIED CHICKEN AND PIZZA,False,True,1
"USE LI F&B MANAGEMENT, LLC",USE LI F AND B MANAGEMENT,USE LI F AND B MANAGEMENT,,USE LI F AND B MANAGEMENT,False,True,2
UT 47 KITCHEN & BAR,UT 47 KITCHEN AND BAR,UT 47 KITCHEN AND BAR,,UT 47 KITCHEN AND BAR,False,True,1
UTOPIA KITCHEN & LOUNGE,UTOPIA KITCHEN AND LOUNGE,UTOPIA KITCHEN AND LOUNGE,,UTOPIA KITCHEN AND LOUNGE,False,True,1
V & S PIZZERIA OF SHEAPSHEAD BAY,V AND S PIZZERIA OF SHEAPSHEAD BAY,V AND S PIZZERIA OF SHEAPSHEAD BAY,,V AND S PIZZERIA OF SHEAPSHEAD BAY,False,True,1
V & T PIZZERIA,V AND T PIZZERIA,V AND T PIZZERIA,,V AND T PIZZERIA,False,True,1
V3NOM CAFE & LOUNGE,V3NOM CAFE AND LOUNGE,V3NOM CAFE AND LOUNGE,,V3NOM CAFE AND LOUNGE,False,True,1
VACCARO'S PIZZERIA & TRATTORIA,VACCAROS PIZZERIA AND TRATTORIA,VACCAROS PIZZERIA AND TRATTORIA,,VACCAROS PIZZERIA AND TRATTORIA,False,True,1
VALENTINA'S BAKERY & COFFEE SHOP,VALENTINAS BAKERY AND COFFEE SHOP,VALENTINAS BAKERY AND COFFEE SHOP,,VALENTINAS BAKERY AND COFFEE SHOP,False,True,1
VAN DAM KITCHEN & CATERERS,VAN DAM KITCHEN AND CATERERS,VAN DAM KITCHEN AND CATERERS,,VAN DAM KITCHEN AND CATERERS,False,True,1
VAN WYCK BAR & BISTRO,VAN WYCK BAR AND BISTRO,VAN WYCK BAR AND BISTRO,,VAN WYCK BAR AND BISTRO,False,True,1
VANDERBILT BAR & GRILL,VANDERBILT BAR AND GRILL,VANDERBILT BAR AND GRILL,,VANDERBILT BAR AND GRILL,False,True,1
VANDERBUILT MARKET  - BARS & EATERIES / BELLO ANGELO,VANDERBUILT MARKET BARS AND EATERIES BELLO ANGELO,VANDERBUILT MARKET BARS AND EATERIES BELLO ANGELO,,VANDERBUILT MARKET BARS AND EATERIES BELLO ANGELO,False,True,1
VANESSA BAR & LOUNGE,VANESSA BAR AND LOUNGE,VANESSA BAR AND LOUNGE,,VANESSA BAR AND LOUNGE,False,True,1
VEGANO FISH MARKET & RESTAURANT,VEGANO FISH MARKET AND RESTAURANT,VEGANO FISH MARKET AND RESTAURANT,,VEGANO FISH MARKET AND RESTAURANT,False,True,1
VENCHI Chocolate & Gelato,VENCHI CHOCOLATE AND GELATO,VENCHI CHOCOLATE AND GELATO,,VENCHI CHOCOLATE AND GELATO,False,True,1
VERDE CAFE & LOUNGE,VERDE CAFE AND LOUNGE,VERDE CAFE AND LOUNGE,,VERDE CAFE AND LOUNGE,False,True,1
VERO & VIANEY INC.,VERO AND VIANEY,VERO AND VIANEY,,VERO AND VIANEY,False,True,1
VESTA TRATTORIA & WINE BAR,VESTA TRATTORIA AND WINE BAR,VESTA TRATTORIA AND WINE BAR,,VESTA TRATTORIA AND WINE BAR,False,True,1
VESUVIO RESTAURANT & PIZZA,VESUVIO RESTAURANT AND PIZZA,VESUVIO RESTAURANT AND PIZZA,,VESUVIO RESTAURANT AND PIZZA,False,True,1
VIBEZ DELI & CONVENIENCE,VIBEZ DELI AND CONVENIENCE,VIBEZ DELI AND CONVENIENCE,,VIBEZ DELI AND CONVENIENCE,False,True,1
VICKY'S FOOD & TREATS,VICKYS FOOD AND TREATS,VICKYS FOOD AND TREATS,,VICKYS FOOD AND TREATS,False,True,1
VICTOR'S BAKERY & COFFEE SHOP,VICTORS BAKERY AND COFFEE SHOP,VICTORS BAKERY AND COFFEE SHOP,,VICTORS BAKERY AND COFFEE SHOP,False,True,1
VILLAGE CAFE & GRILL,VILLAGE CAFE AND GRILL,VILLAGE CAFE AND GRILL,,VILLAGE CAFE AND GRILL,False,True,1
VILLAGE CHICKEN AND BURGER,VILLAGE CHICKEN AND BURGER,VILLAGE CHICKEN AND BURGER,,VILLAGE CHICKEN AND BURGER,False,True,1
VILLAGE MARKET & GRILL,VILLAGE MARKET AND GRILL,VILLAGE MARKET AND GRILL,,VILLAGE MARKET AND GRILL,False,True,1
VINCENT AND ANDREA PIZZERIA,VINCENT AND ANDREA PIZZERIA,VINCENT AND ANDREA PIZZERIA,,VINCENT AND ANDREA PIZZERIA,False,True,1
VINO KITCHEN & BAR,VINO KITCHEN AND BAR,VINO KITCHEN AND BAR,,VINO KITCHEN AND BAR,False,True,1
VISION CAFE & LOUNGE LLC,VISION CAFE AND LOUNGE,VISION CAFE AND LOUNGE,,VISION CAFE AND LOUNGE,False,True,1
VISTA SKY LOUNGE / VISTA BANQUET HALL,VISTA SKY LOUNGE VISTA BANQUET HALL,VISTA SKY LOUNGE VISTA BANQUET HALL,,VISTA SKY LOUNGE VISTA BANQUET HALL,False,True,1
VITO'S SLICES AND ICES,VITOS SLICES AND ICES,VITOS SLICES AND ICES,,VITOS SLICES AND ICES,False,True,1
VIVA EVENTS & CATERING,VIVA EVENTS AND CATERING,VIVA EVENTS AND CATERING,,VIVA EVENTS AND CATERING,False,True,1
VIVA JUICE & SALAD BAR,VIVA JUICE AND SALAD BAR,VIVA JUICE AND SALAD BAR,,VIVA JUICE AND SALAD BAR,False,True,1
VIVA LA CREPES & CAFÉ,VIVA LA CREPES AND CAFE,VIVA LA CREPES AND CAFE,,VIVA LA CREPES AND CAFE,False,True,1
VOGUE RESTAURANT & LOUNGE,VOGUE RESTAURANT AND LOUNGE,VOGUE RESTAURANT AND LOUNGE,,VOGUE RESTAURANT AND LOUNGE,False,True,1
VPHO PIZZERIA & RESTAURANT,VPHO PIZZERIA AND RESTAURANT,VPHO PIZZERIA AND RESTAURANT,,VPHO PIZZERIA AND RESTAURANT,False,True,1
"VRG TERMINAL 6, LLC",VRG TERMINAL 6,VRG TERMINAL 6,,VRG TERMINAL 6,False,True,1
VUE525 & VUE180,VUE525 AND VUE180,VUE525 AND VUE180,,VUE525 AND VUE180,False,True,1
W & Y BAKERY,W AND Y BAKERY,W AND Y BAKERY,,W AND Y BAKERY,False,True,1
W'S BAR AND RESTAURANT,WS BAR AND RESTAURANT,WS BAR AND RESTAURANT,,WS BAR AND RESTAURANT,False,True,1
WAFELS & DINGES,WAFELS AND DINGES,WAFELS AND DINGES,,WAFELS AND DINGES,False,True,8
WAFELS & DINGES / PERROS Y VAINAS,WAFELS AND DINGES PERROS Y VAINAS,WAFELS AND DINGES PERROS Y VAINAS,,WAFELS AND DINGES PERROS Y VAINAS,False,True,1
WAFELS AND DINGES,WAFELS AND DINGES,WAFELS AND DINGES,,WAFELS AND DINGES,False,True,1
WAG & BONE BAR,WAG AND BONE BAR,WAG AND BONE BAR,,WAG AND BONE BAR,False,True,1
WALL AND WATER LOUNGE,WALL AND WATER LOUNGE,WALL AND WATER LOUNGE,,WALL AND WATER LOUNGE,False,True,1
WALTER'S / KARASU,WALTERS KARASU,WALTERS KARASU,,WALTERS KARASU,False,True,1
WANO/ SUSHI AMANE,WANO SUSHI AMANE,WANO SUSHI AMANE,,WANO SUSHI AMANE,False,True,1
WANT ITALY PASTA & GO,WANT ITALY PASTA AND GO,WANT ITALY PASTA AND GO,,WANT ITALY PASTA AND GO,False,True,1
WARREN STREET BAR & RESTAURANT,WARREN STREET BAR AND RESTAURANT,WARREN STREET BAR AND RESTAURANT,,WARREN STREET BAR AND RESTAURANT,False,True,1
WASABI SUSHI & BENTO,WASABI SUSHI AND BENTO,WASABI SUSHI AND BENTO,WASABI,WASABI SUSHI AND BENTO,False,True,1
WATER & WHEAT,WATER AND WHEAT,WATER AND WHEAT,,WATER AND WHEAT,False,True,2
WATT LI KITCHEN AND BAR,WATT LI KITCHEN AND BAR,WATT LI KITCHEN AND BAR,,WATT LI KITCHEN AND BAR,False,True,1
WAYLA / LITTLE WAYLA,WAYLA LITTLE WAYLA,WAYLA LITTLE WAYLA,,WAYLA LITTLE WAYLA,False,True,1
WAYLON & CARIBBEAN FLAMES,WAYLON AND CARIBBEAN FLAMES,WAYLON AND CARIBBEAN FLAMES,,WAYLON AND CARIBBEAN FLAMES,False,True,1
WAYNE & SONS,WAYNE AND SONS,WAYNE AND SONS,,WAYNE AND SONS,False,True,2
WAYS & MEANS,WAYS AND MEANS,WAYS AND MEANS,,WAYS AND MEANS,False,True,1
WEBSTER HALL / DELUXX FLUXX,WEBSTER HALL DELUXX FLUXX,WEBSTER HALL DELUXX FLUXX,,WEBSTER HALL DELUXX FLUXX,False,True,1
WEEKENDER BILLIARD & BAR,WEEKENDER BILLIARD AND BAR,WEEKENDER BILLIARD AND BAR,,WEEKENDER BILLIARD AND BAR,False,True,1
"WEIL, GOTSHAL, & MANGES",WEIL GOTSHAL AND MANGES,WEIL GOTSHAL AND MANGES,,WEIL GOTSHAL AND MANGES,False,True,1
WELL & BY DURST (STORE #151),WELL AND BY DURST STORE,WELL AND BY DURST STORE,,WELL AND BY DURST STORE,False,True,1
WELL & BY DURST: CAFE 64,WELL AND BY DURST CAFE 64,WELL AND BY DURST CAFE 64,,WELL AND BY DURST CAFE 64,False,True,1
WELL& BY DURST,WELL AND BY DURST,WELL AND BY DURST,,WELL AND BY DURST,False,True,1
WENDY TERIYAKI / SUSHI YOSHI,WENDY TERIYAKI SUSHI YOSHI,WENDY TERIYAKI SUSHI YOSHI,,WENDY TERIYAKI SUSHI YOSHI,False,True,1
WEST BAR & LOUNGE,WEST BAR AND LOUNGE,WEST BAR AND LOUNGE,,WEST BAR AND LOUNGE,False,True,1
WESTSIDE WOK / KONATA SUSHI BAR,WESTSIDE WOK KONATA SUSHI BAR,WESTSIDE WOK KONATA SUSHI BAR,,WESTSIDE WOK KONATA SUSHI BAR,False,True,1
WHARF BAR AND GRILL,WHARF BAR AND GRILL,WHARF BAR AND GRILL,,WHARF BAR AND GRILL,False,True,1
WHISK & WHISKEY,WHISK AND WHISKEY,WHISK AND WHISKEY,,WHISK AND WHISKEY,False,True,1
WHISTLE & FIZZ,WHISTLE AND FIZZ,WHISTLE AND FIZZ,,WHISTLE AND FIZZ,False,True,1
WHITE & CASE CAFE,WHITE AND CASE CAFE,WHITE AND CASE CAFE,,WHITE AND CASE CAFE,False,True,1
WHITE & CASE COFFEE BAR & PANTRY,WHITE AND CASE COFFEE BAR AND PANTRY,WHITE AND CASE COFFEE BAR AND PANTRY,,WHITE AND CASE COFFEE BAR AND PANTRY,False,True,1
WHITE CROSS FISHING CLUB BAR & GRILL,WHITE CROSS FISHING CLUB BAR AND GRILL,WHITE CROSS FISHING CLUB BAR AND GRILL,,WHITE CROSS FISHING CLUB BAR AND GRILL,False,True,1
WHITEPOINT PIZZERIA & RESTAURANT,WHITEPOINT PIZZERIA AND RESTAURANT,WHITEPOINT PIZZERIA AND RESTAURANT,,WHITEPOINT PIZZERIA AND RESTAURANT,False,True,1
WIL BON JUICE & RESTAURANT LLC,WIL BON JUICE AND RESTAURANT,WIL BON JUICE AND RESTAURANT,,WIL BON JUICE AND RESTAURANT,False,True,1
WILD ONION RESTAURANT & LOUNGE,WILD ONION RESTAURANT AND LOUNGE,WILD ONION RESTAURANT AND LOUNGE,,WILD ONION RESTAURANT AND LOUNGE,False,True,1
WILFIE & NELL,WILFIE AND NELL,WILFIE AND NELL,,WILFIE AND NELL,False,True,1
"WILLIAMS, TRISHA",WILLIAMS TRISHA,WILLIAMS TRISHA,,WILLIAMS TRISHA,False,True,1
WINDIES RESTAURANT AND BAR,WINDIES RESTAURANT AND BAR,WINDIES RESTAURANT AND BAR,,WINDIES RESTAURANT AND BAR,False,True,1
WINGLAND & PIZZA,WINGLAND AND PIZZA,WINGLAND AND PIZZA,,WINGLAND AND PIZZA,False,True,1
WINGS & SEAFOOD,WINGS AND SEAFOOD,WINGS AND SEAFOOD,,WINGS AND SEAFOOD,False,True,1
WINSTON AND STRAWN LLP,WINSTON AND STRAWN LLP,WINSTON AND STRAWN LLP,,WINSTON AND STRAWN LLP,False,True,1
WOGIES BAR & GRILL,WOGIES BAR AND GRILL,WOGIES BAR AND GRILL,,WOGIES BAR AND GRILL,False,True,1
"WOK & ROLL (Food court, CAGE 19)",WOK AND ROLL FOOD COURT CAGE 19,WOK AND ROLL FOOD COURT CAGE 19,,WOK AND ROLL FOOD COURT CAGE 19,False,True,1
WOK AND ROLL KITCHEN,WOK AND ROLL KITCHEN,WOK AND ROLL KITCHEN,,WOK AND ROLL KITCHEN,False,True,1
"WOK TO WALK, LOS TACOS HERMANOS, POKE BOWL, SAKURA OF JAPAN",WOK TO WALK LOS TACOS HERMANOS POKE BOWL SAKURA OF JAPAN,WOK TO WALK LOS TACOS HERMANOS POKE BOWL SAKURA OF JAPAN,WOK TO WALK,WOK TO WALK LOS TACOS HERMANOS POKE BOWL SAKURA OF JAPAN,False,True,1
WOLF & LAMB STEAKHOUSE,WOLF AND LAMB STEAKHOUSE,WOLF AND LAMB STEAKHOUSE,,WOLF AND LAMB STEAKHOUSE,False,True,1
WOLFE TONE'S PUB & KITCHEN,WOLFE TONES PUB AND KITCHEN,WOLFE TONES PUB AND KITCHEN,,WOLFE TONES PUB AND KITCHEN,False,True,1
WOLLMAN RINK / MELBA'S,WOLLMAN RINK MELBAS,WOLLMAN RINK MELBAS,,WOLLMAN RINK MELBAS,False,True,1
WONDEE CURRY & NOODLE,WONDEE CURRY AND NOODLE,WONDEE CURRY AND NOODLE,,WONDEE CURRY AND NOODLE,False,True,1
WOODHAVEN MANOR CATERS AND BANQUET,WOODHAVEN MANOR CATERS AND BANQUET,WOODHAVEN MANOR CATERS AND BANQUET,,WOODHAVEN MANOR CATERS AND BANQUET,False,True,1
"WORLD BEAN, VELOCITY BAR (EC2)",WORLD BEAN VELOCITY BAR EC2,WORLD BEAN VELOCITY BAR EC2,,WORLD BEAN VELOCITY BAR EC2,False,True,1
WORLD'S FAIR MARINA RESTAURANT & BANQUET,WORLDS FAIR MARINA RESTAURANT AND BANQUET,WORLDS FAIR MARINA RESTAURANT AND BANQUET,,WORLDS FAIR MARINA RESTAURANT AND BANQUET,False,True,1
"WS BRONX 1041 SOUTHERN, LLC",WS BRONX 1041 SOUTHERN,WS BRONX 1041 SOUTHERN,,WS BRONX 1041 SOUTHERN,False,True,1
WU & NUSSBAUM,WU AND NUSSBAUM,WU AND NUSSBAUM,,WU AND NUSSBAUM,False,True,1
WXYZ BAR & LOUNGE,WXYZ BAR AND LOUNGE,WXYZ BAR AND LOUNGE,,WXYZ BAR AND LOUNGE,False,True,5
XOXO KITCHEN & BAKERY,XOXO KITCHEN AND BAKERY,XOXO KITCHEN AND BAKERY,,XOXO KITCHEN AND BAKERY,False,True,1
Y & B ENTERTAINMENT MANOR,Y AND B ENTERTAINMENT MANOR,Y AND B ENTERTAINMENT MANOR,,Y AND B ENTERTAINMENT MANOR,False,True,1
Y & Y BAKERY,Y AND Y BAKERY,Y AND Y BAKERY,,Y AND Y BAKERY,False,True,1
"Y & Y KOSHER DELI, SUSHI COUNTER AT KEYFOOD",Y AND Y KOSHER DELI SUSHI COUNTER AT KEYFOOD,Y AND Y KOSHER DELI SUSHI COUNTER AT KEYFOOD,,Y AND Y KOSHER DELI SUSHI COUNTER AT KEYFOOD,False,True,1
Y & Y SUSHI,Y AND Y SUSHI,Y AND Y SUSHI,,Y AND Y SUSHI,False,True,1
YAMASA PICA POLLO & RESTAURANT CORPORATION,YAMASA PICA POLLO AND RESTAURANT,YAMASA PICA POLLO AND RESTAURANT,,YAMASA PICA POLLO AND RESTAURANT,False,True,1
YAMASAKI RESTAURANT & BAR,YAMASAKI RESTAURANT AND BAR,YAMASAKI RESTAURANT AND BAR,,YAMASAKI RESTAURANT AND BAR,False,True,1
YANKEE HOT PIZZA & EMPANADAS,YANKEE HOT PIZZA AND EMPANADAS,YANKEE HOT PIZZA AND EMPANADAS,,YANKEE HOT PIZZA AND EMPANADAS,False,True,1
YARD & ABROAD,YARD AND ABROAD,YARD AND ABROAD,,YARD AND ABROAD,False,True,1
YARDS BAR & GRILL,YARDS BAR AND GRILL,YARDS BAR AND GRILL,,YARDS BAR AND GRILL,False,True,1
YE OLDE CITY CHEESESTEAKS & BREW,YE OLDE CITY CHEESESTEAKS AND BREW,YE OLDE CITY CHEESESTEAKS AND BREW,,YE OLDE CITY CHEESESTEAKS AND BREW,False,True,1
YEMEN CAFE & RESTAURANT,YEMEN CAFE AND RESTAURANT,YEMEN CAFE AND RESTAURANT,,YEMEN CAFE AND RESTAURANT,False,True,1
YETNAL TONGDAK & JOKBAL,YETNAL TONGDAK AND JOKBAL,YETNAL TONGDAK AND JOKBAL,,YETNAL TONGDAK AND JOKBAL,False,True,1
YIASOU / NEXT DOOR,YIASOU NEXT DOOR,YIASOU NEXT DOOR,,YIASOU NEXT DOOR,False,True,1
YIWANMEN / CHONG QING NOODLE,YIWANMEN CHONG QING NOODLE,YIWANMEN CHONG QING NOODLE,,YIWANMEN CHONG QING NOODLE,False,True,1
YOI RAMEN & TEA,YOI RAMEN AND TEA,YOI RAMEN AND TEA,,YOI RAMEN AND TEA,False,True,1
YOI SUSHI & RAMEN,YOI SUSHI AND RAMEN,YOI SUSHI AND RAMEN,,YOI SUSHI AND RAMEN,False,True,1
YOLIE'S BAR & RESTAURANT,YOLIES BAR AND RESTAURANT,YOLIES BAR AND RESTAURANT,,YOLIES BAR AND RESTAURANT,False,True,1
YORK COFFEE AND CREPERIE,YORK COFFEE AND CREPERIE,YORK COFFEE AND CREPERIE,,YORK COFFEE AND CREPERIE,False,True,1
YOUNG AND RICH BAYSIDE,YOUNG AND RICH BAYSIDE,YOUNG AND RICH BAYSIDE,,YOUNG AND RICH BAYSIDE,False,True,1
YOUNG AND RICH NY,YOUNG AND RICH NY,YOUNG AND RICH NY,,YOUNG AND RICH NY,False,True,1
YOUR CHOICE HALAL CHICKEN & PIZZA,YOUR CHOICE HALAL CHICKEN AND PIZZA,YOUR CHOICE HALAL CHICKEN AND PIZZA,,YOUR CHOICE HALAL CHICKEN AND PIZZA,False,True,2
YOURS & MINE RESTAURANT,YOURS AND MINE RESTAURANT,YOURS AND MINE RESTAURANT,,YOURS AND MINE RESTAURANT,False,True,1
"YOWALLA, INC.",YOWALLA,YOWALLA,,YOWALLA,False,True,1
YU & ME BOOKS,YU AND ME BOOKS,YU AND ME BOOKS,,YU AND ME BOOKS,False,True,1
YUCA BAR & RESTAURANT,YUCA BAR AND RESTAURANT,YUCA BAR AND RESTAURANT,,YUCA BAR AND RESTAURANT,False,True,1
YUJO SUSHI & BUBBLE TEA,YUJO SUSHI AND BUBBLE TEA,YUJO SUSHI AND BUBBLE TEA,,YUJO SUSHI AND BUBBLE TEA,False,True,1
YUMMY BOBA & DESSERTS,YUMMY BOBA AND DESSERTS,YUMMY BOBA AND DESSERTS,,YUMMY BOBA AND DESSERTS,False,True,1
YUMMY BOBA AND DESSERTS,YUMMY BOBA AND DESSERTS,YUMMY BOBA AND DESSERTS,,YUMMY BOBA AND DESSERTS,False,True,1
"YUMMY LU ZHI, INC.",YUMMY LU ZHI,YUMMY LU ZHI,,YUMMY LU ZHI,False,True,1
Yummy Sushi and Bento,YUMMY SUSHI AND BENTO,YUMMY SUSHI AND BENTO,,YUMMY SUSHI AND BENTO,False,True,1
Z-TWO DINER & LOUNGE,Z TWO DINER AND LOUNGE,Z TWO DINER AND LOUNGE,,Z TWO DINER AND LOUNGE,False,True,1
ZABIHA BURGER & FRIES,ZABIHA BURGER AND FRIES,ZABIHA BURGER AND FRIES,,ZABIHA BURGER AND FRIES,False,True,1
ZATAR CAFE & BISTRO,ZATAR CAFE AND BISTRO,ZATAR CAFE AND BISTRO,,ZATAR CAFE AND BISTRO,False,True,1
ZAYTINYA & IN ROOM DINING,ZAYTINYA AND IN ROOM DINING,ZAYTINYA AND IN ROOM DINING,,ZAYTINYA AND IN ROOM DINING,False,True,1
ZAZA TEA BAR / DOMOMO / KAM HING,ZAZA TEA BAR DOMOMO KAM HING,ZAZA TEA BAR DOMOMO KAM HING,,ZAZA TEA BAR DOMOMO KAM HING,False,True,1
ZEN RAMEN & SUSHI,ZEN RAMEN AND SUSHI,ZEN RAMEN AND SUSHI,,ZEN RAMEN AND SUSHI,False,True,1
"ZHANG,BING XIN & WEN,LI QING",ZHANG BING XIN AND WEN LI QING,ZHANG BING XIN AND WEN LI QING,,ZHANG BING XIN AND WEN LI QING,False,True,1
ZHUMI BAKERY & RESTAURANT,ZHUMI BAKERY AND RESTAURANT,ZHUMI BAKERY AND RESTAURANT,,ZHUMI BAKERY AND RESTAURANT,False,True,1
ZINGER CHICKEN & GRILL,ZINGER CHICKEN AND GRILL,ZINGER CHICKEN AND GRILL,,ZINGER CHICKEN AND GRILL,False,True,1
ZOI MEDITERRANEAN CUISINE/ TEN 11 LOUNGE,ZOI MEDITERRANEAN CUISINE TEN 11 LOUNGE,ZOI MEDITERRANEAN CUISINE TEN 11 LOUNGE,,ZOI MEDITERRANEAN CUISINE TEN 11 LOUNGE,False,True,1
ZUCKER'S BAGELS & SMOKED FISH,ZUCKERS BAGELS AND SMOKED FISH,ZUCKERS BAGELS AND SMOKED FISH,,ZUCKERS BAGELS AND SMOKED FISH,False,True,8
ZZ WINE AND BEER,ZZ WINE AND BEER,ZZ WINE AND BEER,,ZZ WINE AND BEER,False,True,1
ZZ'S PIZZA & GRILL,ZZS PIZZA AND GRILL,ZZS PIZZA AND GRILL,,ZZS PIZZA AND GRILL,False,True,1
Zlata's Deli & Convenience,ZLATAS DELI AND CONVENIENCE,ZLATAS DELI AND CONVENIENCE,,ZLATAS DELI AND CONVENIENCE,False,True,1
a.CAFE / a. LOUNGE,A CAFE A LOUNGE,A CAFE A LOUNGE,,A CAFE A LOUNGE,False,True,1
ebb & bloom cafe,EBB AND BLOOM CAFE,EBB AND BLOOM CAFE,,EBB AND BLOOM CAFE,False,True,1
kpbn corporation/ village kebab & grill,KPBN CORPORATION VILLAGE KEBAB AND GRILL,KPBN CORPORATION VILLAGE KEBAB AND GRILL,,KPBN CORPORATION VILLAGE KEBAB AND GRILL,False,True,1
